path,n_Ni_sublattice,n_defect_sublattice,c_defect,n_1nn_pairs,n_defect_defect_pairs,alpha_1nn_WC,a_eff_A,structure_id,branch,x_Al_target,seed
/home/ubuntu/repos/machine-learning/laves_fig6/b2_offstoich/relax/b2_x0.542_vacNi_alrich_smooth_4x4x4_s0.extxyz,40,24,0.375,192,28,-0.0370370370370372,2.8639814133424717,b2_x0.542_vacNi_alrich_smooth_4x4x4_s0.extxyz,vacancy,0.542,0
/home/ubuntu/repos/machine-learning/laves_fig6/b2_offstoich/relax/b2_x0.542_vacNi_alrich_smooth_4x4x4_s1.extxyz,33,31,0.484375,192,53,-0.17655220256677073,2.864169882693416,b2_x0.542_vacNi_alrich_smooth_4x4x4_s1.extxyz,vacancy,0.542,1
/home/ubuntu/repos/machine-learning/laves_fig6/b2_offstoich/relax/b2_x0.542_vacNi_alrich_smooth_4x4x4_s2.extxyz,36,28,0.4375,192,40,-0.08843537414965996,2.863961168764456,b2_x0.542_vacNi_alrich_smooth_4x4x4_s2.extxyz,vacancy,0.542,2
/home/ubuntu/repos/machine-learning/laves_fig6/b2_offstoich/relax/b2_x0.547_vacNi_alrich_smooth_4x4x4_s0.extxyz,29,35,0.546875,192,67,-0.1668027210884353,2.861696549435269,b2_x0.547_vacNi_alrich_smooth_4x4x4_s0.extxyz,vacancy,0.547,0
/home/ubuntu/repos/machine-learning/laves_fig6/b2_offstoich/relax/b2_x0.547_vacNi_alrich_smooth_4x4x4_s1.extxyz,37,27,0.421875,192,40,-0.17055326931870152,2.862404993072255,b2_x0.547_vacNi_alrich_smooth_4x4x4_s1.extxyz,vacancy,0.547,1
/home/ubuntu/repos/machine-learning/laves_fig6/b2_offstoich/relax/b2_x0.547_vacNi_alrich_smooth_4x4x4_s2.extxyz,34,30,0.46875,192,44,-0.04296296296296287,2.863581246725658,b2_x0.547_vacNi_alrich_smooth_4x4x4_s2.extxyz,vacancy,0.547,2
/home/ubuntu/repos/machine-learning/laves_fig6/b2_offstoich/relax/b2_x0.552_vacNi_alrich_smooth_4x4x4_s0.extxyz,40,24,0.375,192,32,-0.18518518518518512,2.8606748199900345,b2_x0.552_vacNi_alrich_smooth_4x4x4_s0.extxyz,vacancy,0.552,0
/home/ubuntu/repos/machine-learning/laves_fig6/b2_offstoich/relax/b2_x0.552_vacNi_alrich_smooth_4x4x4_s1.extxyz,37,27,0.421875,192,34,0.005029721079103711,2.8600579599909715,b2_x0.552_vacNi_alrich_smooth_4x4x4_s1.extxyz,vacancy,0.552,1
/home/ubuntu/repos/machine-learning/laves_fig6/b2_offstoich/relax/b2_x0.552_vacNi_alrich_smooth_4x4x4_s2.extxyz,36,28,0.4375,192,40,-0.08843537414965996,2.8593015903298133,b2_x0.552_vacNi_alrich_smooth_4x4x4_s2.extxyz,vacancy,0.552,2
/home/ubuntu/repos/machine-learning/laves_fig6/b2_offstoich/relax/b2_x0.557_vacNi_alrich_smooth_4x4x4_s0.extxyz,31,33,0.515625,192,53,-0.03826140189776561,2.8582491919077975,b2_x0.557_vacNi_alrich_smooth_4x4x4_s0.extxyz,vacancy,0.557,0
/home/ubuntu/repos/machine-learning/laves_fig6/b2_offstoich/relax/b2_x0.557_vacNi_alrich_smooth_4x4x4_s1.extxyz,31,33,0.515625,192,55,-0.07744107744107742,2.858799394662095,b2_x0.557_vacNi_alrich_smooth_4x4x4_s1.extxyz,vacancy,0.557,1
/home/ubuntu/repos/machine-learning/laves_fig6/b2_offstoich/relax/b2_x0.557_vacNi_alrich_smooth_4x4x4_s2.extxyz,34,30,0.46875,192,43,-0.01925925925925931,2.8581994608573553,b2_x0.557_vacNi_alrich_smooth_4x4x4_s2.extxyz,vacancy,0.557,2
/home/ubuntu/repos/machine-learning/laves_fig6/b2_offstoich/relax/b2_x0.610_antisiteAl_dense_s0.extxyz,33,31,0.484375,144,37,-0.09515550930743433,2.950849585068822,b2_x0.610_antisiteAl_dense_s0.extxyz,antisite,0.61,0
/home/ubuntu/repos/machine-learning/laves_fig6/b2_offstoich/relax/b2_x0.610_antisiteAl_dense_s1.extxyz,37,27,0.421875,176,38,-0.21311884274847248,2.954412930497281,b2_x0.610_antisiteAl_dense_s1.extxyz,antisite,0.61,1
/home/ubuntu/repos/machine-learning/laves_fig6/b2_offstoich/relax/b2_x0.610_antisiteAl_dense_s2.extxyz,33,31,0.484375,160,38,-0.012278876170655595,2.9623355867537726,b2_x0.610_antisiteAl_dense_s2.extxyz,antisite,0.61,2
/home/ubuntu/repos/machine-learning/laves_fig6/b2_offstoich/relax/b2_x0.630_antisiteAl_dense_s0.extxyz,28,36,0.5625,160,58,-0.14567901234567904,2.973026466593218,b2_x0.630_antisiteAl_dense_s0.extxyz,antisite,0.63,0
/home/ubuntu/repos/machine-learning/laves_fig6/b2_offstoich/relax/b2_x0.630_antisiteAl_dense_s1.extxyz,28,36,0.5625,160,55,-0.08641975308641969,2.9899709211907655,b2_x0.630_antisiteAl_dense_s1.extxyz,antisite,0.63,1
/home/ubuntu/repos/machine-learning/laves_fig6/b2_offstoich/relax/b2_x0.630_antisiteAl_dense_s2.extxyz,34,30,0.46875,160,42,-0.19466666666666677,2.99888247255809,b2_x0.630_antisiteAl_dense_s2.extxyz,antisite,0.63,2
/home/ubuntu/repos/machine-learning/laves_fig6/b2_offstoich/relax/b2_x0.650_antisiteAl_dense_s0.extxyz,38,26,0.40625,160,26,0.01538461538461533,3.010508336866671,b2_x0.650_antisiteAl_dense_s0.extxyz,antisite,0.65,0
/home/ubuntu/repos/machine-learning/laves_fig6/b2_offstoich/relax/b2_x0.650_antisiteAl_dense_s1.extxyz,29,35,0.546875,176,56,-0.0638961038961039,2.991623102177961,b2_x0.650_antisiteAl_dense_s1.extxyz,antisite,0.65,1
/home/ubuntu/repos/machine-learning/laves_fig6/b2_offstoich/relax/b2_x0.650_antisiteAl_dense_s2.extxyz,32,32,0.5,160,50,-0.25,3.0134318209292417,b2_x0.650_antisiteAl_dense_s2.extxyz,antisite,0.65,2
/home/ubuntu/repos/machine-learning/laves_fig6/b2_offstoich/relax/b2_x0.670_antisiteAl_dense_s0.extxyz,27,37,0.578125,144,46,0.044233422611801076,3.0523214301252293,b2_x0.670_antisiteAl_dense_s0.extxyz,antisite,0.67,0
/home/ubuntu/repos/machine-learning/laves_fig6/b2_offstoich/relax/b2_x0.670_antisiteAl_dense_s1.extxyz,24,40,0.625,144,56,0.004444444444444473,3.0574781451071416,b2_x0.670_antisiteAl_dense_s1.extxyz,antisite,0.67,1
/home/ubuntu/repos/machine-learning/laves_fig6/b2_offstoich/relax/b2_x0.670_antisiteAl_dense_s2.extxyz,23,41,0.640625,144,59,0.0016524555489457748,3.040862961838768,b2_x0.670_antisiteAl_dense_s2.extxyz,antisite,0.67,2
/home/ubuntu/repos/machine-learning/laves_fig6/b2_offstoich/relax/b2_x0.680_vacNi_alrich_s0.extxyz,22,42,0.65625,192,80,0.03250188964474676,2.813164627182855,b2_x0.680_vacNi_alrich_s0.extxyz,vacancy,0.68,0
/home/ubuntu/repos/machine-learning/laves_fig6/b2_offstoich/relax/b2_x0.680_vacNi_alrich_s1.extxyz,20,44,0.6875,192,92,-0.01377410468319562,2.8039956793351535,b2_x0.680_vacNi_alrich_s1.extxyz,vacancy,0.68,1
/home/ubuntu/repos/machine-learning/laves_fig6/b2_offstoich/relax/b2_x0.680_vacNi_alrich_s2.extxyz,20,44,0.6875,192,96,-0.05785123966942152,2.8126253067711815,b2_x0.680_vacNi_alrich_s2.extxyz,vacancy,0.68,2
/home/ubuntu/repos/machine-learning/laves_fig6/b2_offstoich/relax/b2_x0.680_vacNi_alrich_sqs_5x5x5_s0.extxyz,45,80,0.64,375,154,-0.0026041666666667407,2.811012954537911,b2_x0.680_vacNi_alrich_sqs_5x5x5_s0.extxyz,vacancy,0.68,0
/home/ubuntu/repos/machine-learning/laves_fig6/b2_offstoich/relax/b2_x0.680_vacNi_alrich_sqs_5x5x5_s1.extxyz,39,86,0.688,375,184,-0.03659635839192377,2.8121737021055706,b2_x0.680_vacNi_alrich_sqs_5x5x5_s1.extxyz,vacancy,0.68,1
/home/ubuntu/repos/machine-learning/laves_fig6/b2_offstoich/relax/b2_x0.680_vacNi_alrich_sqs_5x5x5_s2.extxyz,46,79,0.632,375,156,-0.04149975965390151,2.813853788835034,b2_x0.680_vacNi_alrich_sqs_5x5x5_s2.extxyz,vacancy,0.68,2
/home/ubuntu/repos/machine-learning/laves_fig6/b2_offstoich/relax/b2_x0.680_vacNi_alrich_sqs_5x5x5_s3.extxyz,46,79,0.632,375,151,-0.008118357100892037,2.8139824868883,b2_x0.680_vacNi_alrich_sqs_5x5x5_s3.extxyz,vacancy,0.68,3
/home/ubuntu/repos/machine-learning/laves_fig6/b2_offstoich/relax/b2_x0.680_vacNi_alrich_sqs_5x5x5_s4.extxyz,38,87,0.696,375,186,-0.023913330690976453,2.8133407467664187,b2_x0.680_vacNi_alrich_sqs_5x5x5_s4.extxyz,vacancy,0.68,4
/home/ubuntu/repos/machine-learning/laves_fig6/b2_offstoich/relax/b2_x0.680_vacNi_alrich_sqs_5x5x5_s5.extxyz,46,79,0.632,375,153,-0.021470918122095783,2.812986274608257,b2_x0.680_vacNi_alrich_sqs_5x5x5_s5.extxyz,vacancy,0.68,5
/home/ubuntu/repos/machine-learning/laves_fig6/b2_offstoich/relax/b2_x0.680_vacNi_alrich_sqs_5x5x5_s6.extxyz,45,80,0.64,375,156,-0.015625,2.8138299640423865,b2_x0.680_vacNi_alrich_sqs_5x5x5_s6.extxyz,vacancy,0.68,6
/home/ubuntu/repos/machine-learning/laves_fig6/b2_offstoich/relax/b2_x0.680_vacNi_alrich_sqs_5x5x5_s7.extxyz,41,84,0.672,375,169,0.0020313681027968045,2.8134378578986015,b2_x0.680_vacNi_alrich_sqs_5x5x5_s7.extxyz,vacancy,0.68,7
/home/ubuntu/repos/machine-learning/laves_fig6/b2_offstoich/relax/b2_x0.680_vacNi_alrich_sqs_5x5x5_s8.extxyz,44,81,0.648,375,162,-0.028806584362139898,2.813355794082611,b2_x0.680_vacNi_alrich_sqs_5x5x5_s8.extxyz,vacancy,0.68,8
/home/ubuntu/repos/machine-learning/laves_fig6/b2_offstoich/relax/b2_x0.680_vacNi_alrich_sqs_5x5x5_s9.extxyz,44,81,0.648,375,166,-0.05420921607478535,2.8146533599610537,b2_x0.680_vacNi_alrich_sqs_5x5x5_s9.extxyz,vacancy,0.68,9
/home/ubuntu/repos/machine-learning/laves_fig6/b2_offstoich/relax/b2_x0.690_antisiteAl_dense_s0.extxyz,27,37,0.578125,144,47,0.023455888320753182,3.0630541224212657,b2_x0.690_antisiteAl_dense_s0.extxyz,antisite,0.69,0
/home/ubuntu/repos/machine-learning/laves_fig6/b2_offstoich/relax/b2_x0.690_antisiteAl_dense_s1.extxyz,26,38,0.59375,144,49,0.034779932286857496,3.0672963098798616,b2_x0.690_antisiteAl_dense_s1.extxyz,antisite,0.69,1
/home/ubuntu/repos/machine-learning/laves_fig6/b2_offstoich/relax/b2_x0.690_antisiteAl_dense_s2.extxyz,25,39,0.609375,144,50,0.0649426546862445,3.0650618751142304,b2_x0.690_antisiteAl_dense_s2.extxyz,antisite,0.69,2
/home/ubuntu/repos/machine-learning/laves_fig6/b2_offstoich/relax/b2_x0.690_antisiteAl_dense_s3.extxyz,29,35,0.546875,144,37,0.1408616780045352,3.065180006102702,b2_x0.690_antisiteAl_dense_s3.extxyz,antisite,0.69,3
/home/ubuntu/repos/machine-learning/laves_fig6/b2_offstoich/relax/b2_x0.690_antisiteAl_dense_s4.extxyz,22,42,0.65625,144,62,0.0002519526329050059,3.0666447314256096,b2_x0.690_antisiteAl_dense_s4.extxyz,antisite,0.69,4
/home/ubuntu/repos/machine-learning/laves_fig6/b2_offstoich/relax/b2_x0.690_antisiteAl_dense_s5.extxyz,28,36,0.5625,144,42,0.07818930041152261,3.0628377757444425,b2_x0.690_antisiteAl_dense_s5.extxyz,antisite,0.69,5
/home/ubuntu/repos/machine-learning/laves_fig6/b2_offstoich/relax/b2_x0.690_antisiteAl_dense_s6.extxyz,21,43,0.671875,144,63,0.030827474310438086,3.0708184713704534,b2_x0.690_antisiteAl_dense_s6.extxyz,antisite,0.69,6
/home/ubuntu/repos/machine-learning/laves_fig6/b2_offstoich/relax/b2_x0.690_antisiteAl_dense_s7.extxyz,24,40,0.625,144,56,0.004444444444444473,3.049239492052628,b2_x0.690_antisiteAl_dense_s7.extxyz,antisite,0.69,7
/home/ubuntu/repos/machine-learning/laves_fig6/b2_offstoich/relax/b2_x0.700_vacNi_alrich_s0.extxyz,16,48,0.75,192,108,0.0,2.8046739950866306,b2_x0.700_vacNi_alrich_s0.extxyz,vacancy,0.7,0
/home/ubuntu/repos/machine-learning/laves_fig6/b2_offstoich/relax/b2_x0.700_vacNi_alrich_s1.extxyz,22,42,0.65625,192,78,0.05668934240362811,2.8078471723215075,b2_x0.700_vacNi_alrich_s1.extxyz,vacancy,0.7,1
/home/ubuntu/repos/machine-learning/laves_fig6/b2_offstoich/relax/b2_x0.700_vacNi_alrich_s2.extxyz,14,50,0.78125,192,120,-0.02400000000000002,2.797563876735925,b2_x0.700_vacNi_alrich_s2.extxyz,vacancy,0.7,2
/home/ubuntu/repos/machine-learning/laves_fig6/b2_offstoich/relax/b2_x0.700_vacNi_alrich_s3.extxyz,19,45,0.703125,192,102,-0.07456790123456791,2.796937954666745,b2_x0.700_vacNi_alrich_s3.extxyz,vacancy,0.7,3
/home/ubuntu/repos/machine-learning/laves_fig6/b2_offstoich/relax/b2_x0.700_vacNi_alrich_s4.extxyz,18,46,0.71875,192,103,-0.03843730308758664,2.805739691837927,b2_x0.700_vacNi_alrich_s4.extxyz,vacancy,0.7,4
/home/ubuntu/repos/machine-learning/laves_fig6/b2_offstoich/relax/b2_x0.700_vacNi_alrich_s5.extxyz,17,47,0.734375,192,109,-0.0526633469141391,2.7844301330697547,b2_x0.700_vacNi_alrich_s5.extxyz,vacancy,0.7,5
/home/ubuntu/repos/machine-learning/laves_fig6/b2_offstoich/relax/b2_x0.700_vacNi_alrich_s6.extxyz,19,45,0.703125,192,101,-0.06403292181069942,2.786422436189279,b2_x0.700_vacNi_alrich_s6.extxyz,vacancy,0.7,6
/home/ubuntu/repos/machine-learning/laves_fig6/b2_offstoich/relax/b2_x0.700_vacNi_alrich_s7.extxyz,14,50,0.78125,196,119,0.00525714285714296,2.7730088961403268,b2_x0.700_vacNi_alrich_s7.extxyz,vacancy,0.7,7
/home/ubuntu/repos/machine-learning/laves_fig6/b2_offstoich/relax/b2_x0.700_vacNi_alrich_sqs_5x5x5_s0.extxyz,13,51,0.796875,144,94,-0.027980691187150297,3.4942597667726663,b2_x0.700_vacNi_alrich_sqs_5x5x5_s0.extxyz,vacancy,0.7,0
/home/ubuntu/repos/machine-learning/laves_fig6/b2_offstoich/relax/b2_x0.700_vacNi_alrich_sqs_5x5x5_s1.extxyz,13,51,0.796875,144,96,-0.0498526207868768,3.5104055111166494,b2_x0.700_vacNi_alrich_sqs_5x5x5_s1.extxyz,vacancy,0.7,1
/home/ubuntu/repos/machine-learning/laves_fig6/b2_offstoich/relax/b2_x0.700_vacNi_alrich_sqs_5x5x5_s2.extxyz,12,52,0.8125,144,98,-0.030900723208415526,3.5102960123507105,b2_x0.700_vacNi_alrich_sqs_5x5x5_s2.extxyz,vacancy,0.7,2
/home/ubuntu/repos/machine-learning/laves_fig6/b2_offstoich/relax/b2_x0.700_vacNi_alrich_sqs_5x5x5_s3.extxyz,39,86,0.688,375,180,-0.014061654948620994,2.8084730543936276,b2_x0.700_vacNi_alrich_sqs_5x5x5_s3.extxyz,vacancy,0.7,3
/home/ubuntu/repos/machine-learning/laves_fig6/b2_offstoich/relax/b2_x0.700_vacNi_alrich_sqs_5x5x5_s4.extxyz,36,89,0.712,375,188,0.01106762614148038,2.807762282763075,b2_x0.700_vacNi_alrich_sqs_5x5x5_s4.extxyz,vacancy,0.7,4
/home/ubuntu/repos/machine-learning/laves_fig6/b2_offstoich/relax/b2_x0.700_vacNi_alrich_sqs_5x5x5_s5.extxyz,45,80,0.64,375,155,-0.00911458333333326,2.806797896731615,b2_x0.700_vacNi_alrich_sqs_5x5x5_s5.extxyz,vacancy,0.7,5
/home/ubuntu/repos/machine-learning/laves_fig6/b2_offstoich/relax/b2_x0.700_vacNi_alrich_sqs_5x5x5_s6.extxyz,39,86,0.688,375,173,0.02537407607715869,2.8063294186586374,b2_x0.700_vacNi_alrich_sqs_5x5x5_s6.extxyz,vacancy,0.7,6
/home/ubuntu/repos/machine-learning/laves_fig6/b2_offstoich/relax/b2_x0.700_vacNi_alrich_sqs_5x5x5_s7.extxyz,36,89,0.712,375,201,-0.05731599545511945,2.803067759164388,b2_x0.700_vacNi_alrich_sqs_5x5x5_s7.extxyz,vacancy,0.7,7
/home/ubuntu/repos/machine-learning/laves_fig6/b2_offstoich/relax/b2_x0.700_vacNi_alrich_sqs_5x5x5_s8.extxyz,39,86,0.688,375,182,-0.02532900667027227,2.7997460078498166,b2_x0.700_vacNi_alrich_sqs_5x5x5_s8.extxyz,vacancy,0.7,8
/home/ubuntu/repos/machine-learning/laves_fig6/b2_offstoich/relax/b2_x0.700_vacNi_alrich_sqs_5x5x5_s9.extxyz,33,92,0.736,375,208,-0.023944549464398168,2.8027348823121496,b2_x0.700_vacNi_alrich_sqs_5x5x5_s9.extxyz,vacancy,0.7,9
/home/ubuntu/repos/machine-learning/laves_fig6/b2_offstoich/relax/b2_x0.710_antisiteAl_dense_s0.extxyz,21,43,0.671875,144,62,0.04621116519439927,3.079168321635386,b2_x0.710_antisiteAl_dense_s0.extxyz,antisite,0.71,0
/home/ubuntu/repos/machine-learning/laves_fig6/b2_offstoich/relax/b2_x0.710_antisiteAl_dense_s1.extxyz,23,41,0.640625,160,73,-0.11171921475312319,3.075083135325966,b2_x0.710_antisiteAl_dense_s1.extxyz,antisite,0.71,1
/home/ubuntu/repos/machine-learning/laves_fig6/b2_offstoich/relax/b2_x0.710_antisiteAl_dense_s10.extxyz,24,40,0.625,144,58,-0.03111111111111109,3.079047369537772,b2_x0.710_antisiteAl_dense_s10.extxyz,antisite,0.71,10
/home/ubuntu/repos/machine-learning/laves_fig6/b2_offstoich/relax/b2_x0.710_antisiteAl_dense_s11.extxyz,24,40,0.625,144,56,0.004444444444444473,3.0726674882517653,b2_x0.710_antisiteAl_dense_s11.extxyz,antisite,0.71,11
/home/ubuntu/repos/machine-learning/laves_fig6/b2_offstoich/relax/b2_x0.710_antisiteAl_dense_s12.extxyz,19,45,0.703125,160,78,0.013925925925925897,3.08840652013693,b2_x0.710_antisiteAl_dense_s12.extxyz,antisite,0.71,12
/home/ubuntu/repos/machine-learning/laves_fig6/b2_offstoich/relax/b2_x0.710_antisiteAl_dense_s2.extxyz,18,46,0.71875,144,72,0.032136105860113395,3.0795326952498736,b2_x0.710_antisiteAl_dense_s2.extxyz,antisite,0.71,2
/home/ubuntu/repos/machine-learning/laves_fig6/b2_offstoich/relax/b2_x0.710_antisiteAl_dense_s3.extxyz,23,41,0.640625,160,59,0.10148720999405114,3.0905700547136887,b2_x0.710_antisiteAl_dense_s3.extxyz,antisite,0.71,3
/home/ubuntu/repos/machine-learning/laves_fig6/b2_offstoich/relax/b2_x0.710_antisiteAl_dense_s4.extxyz,25,39,0.609375,160,50,0.15844838921761994,3.0783323022848035,b2_x0.710_antisiteAl_dense_s4.extxyz,antisite,0.71,4
/home/ubuntu/repos/machine-learning/laves_fig6/b2_offstoich/relax/b2_x0.710_antisiteAl_dense_s5.extxyz,17,47,0.734375,144,75,0.03425381017051454,3.077410219582856,b2_x0.710_antisiteAl_dense_s5.extxyz,antisite,0.71,5
/home/ubuntu/repos/machine-learning/laves_fig6/b2_offstoich/relax/b2_x0.710_antisiteAl_dense_s6.extxyz,25,39,0.609375,144,57,-0.06596537365768129,3.078075647506008,b2_x0.710_antisiteAl_dense_s6.extxyz,antisite,0.71,6
/home/ubuntu/repos/machine-learning/laves_fig6/b2_offstoich/relax/b2_x0.710_antisiteAl_dense_s7.extxyz,21,43,0.671875,144,67,-0.03070728922540722,3.0830098287714924,b2_x0.710_antisiteAl_dense_s7.extxyz,antisite,0.71,7
/home/ubuntu/repos/machine-learning/laves_fig6/b2_offstoich/relax/b2_x0.710_antisiteAl_dense_s8.extxyz,22,42,0.65625,144,60,0.03250188964474676,3.075594004745787,b2_x0.710_antisiteAl_dense_s8.extxyz,antisite,0.71,8
/home/ubuntu/repos/machine-learning/laves_fig6/b2_offstoich/relax/b2_x0.710_antisiteAl_dense_s9.extxyz,22,42,0.65625,144,56,0.09700176366843027,3.0720992002590637,b2_x0.710_antisiteAl_dense_s9.extxyz,antisite,0.71,9
/home/ubuntu/repos/machine-learning/laves_fig6/b2_offstoich/relax/b2_x0.720_vacNi_alrich_s0.extxyz,15,49,0.765625,192,111,0.013744273219491898,2.785418515936261,b2_x0.720_vacNi_alrich_s0.extxyz,vacancy,0.72,0
/home/ubuntu/repos/machine-learning/laves_fig6/b2_offstoich/relax/b2_x0.720_vacNi_alrich_s1.extxyz,17,47,0.734375,192,104,-0.00437603742266468,2.807302468734123,b2_x0.720_vacNi_alrich_s1.extxyz,vacancy,0.72,1
/home/ubuntu/repos/machine-learning/laves_fig6/b2_offstoich/relax/b2_x0.720_vacNi_alrich_s2.extxyz,15,49,0.765625,192,117,-0.03956684714702208,2.778683551278347,b2_x0.720_vacNi_alrich_s2.extxyz,vacancy,0.72,2
/home/ubuntu/repos/machine-learning/laves_fig6/b2_offstoich/relax/b2_x0.720_vacNi_alrich_s3.extxyz,16,48,0.75,201,120,-0.061359867330016415,2.7666719840439487,b2_x0.720_vacNi_alrich_s3.extxyz,vacancy,0.72,3
/home/ubuntu/repos/machine-learning/laves_fig6/b2_offstoich/relax/b2_x0.720_vacNi_alrich_s4.extxyz,20,44,0.6875,192,92,-0.01377410468319562,2.7937124530211648,b2_x0.720_vacNi_alrich_s4.extxyz,vacancy,0.72,4
/home/ubuntu/repos/machine-learning/laves_fig6/b2_offstoich/relax/b2_x0.720_vacNi_alrich_s5.extxyz,11,53,0.828125,192,135,-0.02527589889640436,2.780092072653856,b2_x0.720_vacNi_alrich_s5.extxyz,vacancy,0.72,5
/home/ubuntu/repos/machine-learning/laves_fig6/b2_offstoich/relax/b2_x0.720_vacNi_alrich_s6.extxyz,14,50,0.78125,192,118,-0.006933333333333458,2.7725690071302513,b2_x0.720_vacNi_alrich_s6.extxyz,vacancy,0.72,6
/home/ubuntu/repos/machine-learning/laves_fig6/b2_offstoich/relax/b2_x0.720_vacNi_alrich_s7.extxyz,14,50,0.78125,192,117,0.0016000000000000458,2.786133925197497,b2_x0.720_vacNi_alrich_s7.extxyz,vacancy,0.72,7
/home/ubuntu/repos/machine-learning/laves_fig6/b2_offstoich/relax/b2_x0.720_vacNi_alrich_sqs_5x5x5_s0.extxyz,14,50,0.78125,144,87,0.010133333333333439,3.4793110350865546,b2_x0.720_vacNi_alrich_sqs_5x5x5_s0.extxyz,vacancy,0.72,0
/home/ubuntu/repos/machine-learning/laves_fig6/b2_offstoich/relax/b2_x0.720_vacNi_alrich_sqs_5x5x5_s1.extxyz,9,55,0.859375,144,111,-0.0437465564738293,3.479661637316578,b2_x0.720_vacNi_alrich_sqs_5x5x5_s1.extxyz,vacancy,0.72,1
/home/ubuntu/repos/machine-learning/laves_fig6/b2_offstoich/relax/b2_x0.720_vacNi_alrich_sqs_5x5x5_s2.extxyz,9,55,0.859375,144,106,0.0032690541781450477,3.478290680033057,b2_x0.720_vacNi_alrich_sqs_5x5x5_s2.extxyz,vacancy,0.72,2
/home/ubuntu/repos/machine-learning/laves_fig6/b2_offstoich/relax/b2_x0.720_vacNi_alrich_sqs_5x5x5_s3.extxyz,33,92,0.736,375,208,-0.023944549464398168,2.7888810986900925,b2_x0.720_vacNi_alrich_sqs_5x5x5_s3.extxyz,vacancy,0.72,3
/home/ubuntu/repos/machine-learning/laves_fig6/b2_offstoich/relax/b2_x0.720_vacNi_alrich_sqs_5x5x5_s4.extxyz,37,88,0.704,375,190,-0.022296831955923135,2.7862199880293486,b2_x0.720_vacNi_alrich_sqs_5x5x5_s4.extxyz,vacancy,0.72,4
/home/ubuntu/repos/machine-learning/laves_fig6/b2_offstoich/relax/b2_x0.720_vacNi_alrich_sqs_5x5x5_s5.extxyz,37,88,0.704,375,184,0.009986225895316725,2.7837844755327694,b2_x0.720_vacNi_alrich_sqs_5x5x5_s5.extxyz,vacancy,0.72,5
/home/ubuntu/repos/machine-learning/laves_fig6/b2_offstoich/relax/b2_x0.720_vacNi_alrich_sqs_5x5x5_s6.extxyz,37,88,0.704,375,187,-0.006155303030303205,2.779733184533753,b2_x0.720_vacNi_alrich_sqs_5x5x5_s6.extxyz,vacancy,0.72,6
/home/ubuntu/repos/machine-learning/laves_fig6/b2_offstoich/relax/b2_x0.720_vacNi_alrich_sqs_5x5x5_s7.extxyz,34,91,0.728,375,205,-0.03147767982932814,2.7828797259957656,b2_x0.720_vacNi_alrich_sqs_5x5x5_s7.extxyz,vacancy,0.72,7
/home/ubuntu/repos/machine-learning/laves_fig6/b2_offstoich/relax/b2_x0.720_vacNi_alrich_sqs_5x5x5_s8.extxyz,32,93,0.744,375,208,-0.0020426253516783177,2.784498600863513,b2_x0.720_vacNi_alrich_sqs_5x5x5_s8.extxyz,vacancy,0.72,8
/home/ubuntu/repos/machine-learning/laves_fig6/b2_offstoich/relax/b2_x0.720_vacNi_alrich_sqs_5x5x5_s9.extxyz,41,84,0.672,375,170,-0.0038737717309145214,2.7898277008116072,b2_x0.720_vacNi_alrich_sqs_5x5x5_s9.extxyz,vacancy,0.72,9
/home/ubuntu/repos/machine-learning/laves_fig6/b2_offstoich/relax/b2_x0.730_antisiteAl_dense_s0.extxyz,21,43,0.671875,144,63,0.030827474310438086,3.083074026991808,b2_x0.730_antisiteAl_dense_s0.extxyz,antisite,0.73,0
/home/ubuntu/repos/machine-learning/laves_fig6/b2_offstoich/relax/b2_x0.730_antisiteAl_dense_s1.extxyz,18,46,0.71875,144,70,0.05902121403066585,3.099063254998726,b2_x0.730_antisiteAl_dense_s1.extxyz,antisite,0.73,1
/home/ubuntu/repos/machine-learning/laves_fig6/b2_offstoich/relax/b2_x0.730_antisiteAl_dense_s10.extxyz,23,41,0.640625,144,57,0.035494745191354427,3.093734606672393,b2_x0.730_antisiteAl_dense_s10.extxyz,antisite,0.73,10
/home/ubuntu/repos/machine-learning/laves_fig6/b2_offstoich/relax/b2_x0.730_antisiteAl_dense_s11.extxyz,23,41,0.640625,144,62,-0.049110978914667314,3.0834584728038585,b2_x0.730_antisiteAl_dense_s11.extxyz,antisite,0.73,11
/home/ubuntu/repos/machine-learning/laves_fig6/b2_offstoich/relax/b2_x0.730_antisiteAl_dense_s12.extxyz,23,41,0.640625,144,62,-0.049110978914667314,3.100036525791927,b2_x0.730_antisiteAl_dense_s12.extxyz,antisite,0.73,12
/home/ubuntu/repos/machine-learning/laves_fig6/b2_offstoich/relax/b2_x0.730_antisiteAl_dense_s2.extxyz,20,44,0.6875,144,70,-0.028466483011937438,3.079889224626078,b2_x0.730_antisiteAl_dense_s2.extxyz,antisite,0.73,2
/home/ubuntu/repos/machine-learning/laves_fig6/b2_offstoich/relax/b2_x0.730_antisiteAl_dense_s3.extxyz,17,47,0.734375,144,72,0.07288365776369399,3.1060315891402617,b2_x0.730_antisiteAl_dense_s3.extxyz,antisite,0.73,3
/home/ubuntu/repos/machine-learning/laves_fig6/b2_offstoich/relax/b2_x0.730_antisiteAl_dense_s4.extxyz,23,41,0.640625,144,56,0.05241589001255864,3.095986556915419,b2_x0.730_antisiteAl_dense_s4.extxyz,antisite,0.73,4
/home/ubuntu/repos/machine-learning/laves_fig6/b2_offstoich/relax/b2_x0.730_antisiteAl_dense_s5.extxyz,24,40,0.625,144,52,0.0755555555555556,3.091363411592777,b2_x0.730_antisiteAl_dense_s5.extxyz,antisite,0.73,5
/home/ubuntu/repos/machine-learning/laves_fig6/b2_offstoich/relax/b2_x0.730_antisiteAl_dense_s6.extxyz,18,46,0.71875,144,73,0.018693551774837225,3.1054379140338617,b2_x0.730_antisiteAl_dense_s6.extxyz,antisite,0.73,6
/home/ubuntu/repos/machine-learning/laves_fig6/b2_offstoich/relax/b2_x0.730_antisiteAl_dense_s7.extxyz,23,41,0.640625,144,51,0.13702161411858016,3.1013582336956187,b2_x0.730_antisiteAl_dense_s7.extxyz,antisite,0.73,7
/home/ubuntu/repos/machine-learning/laves_fig6/b2_offstoich/relax/b2_x0.730_antisiteAl_dense_s8.extxyz,23,41,0.640625,144,55,0.06933703483376308,3.0905056532823347,b2_x0.730_antisiteAl_dense_s8.extxyz,antisite,0.73,8
/home/ubuntu/repos/machine-learning/laves_fig6/b2_offstoich/relax/b2_x0.730_antisiteAl_dense_s9.extxyz,23,41,0.640625,144,62,-0.049110978914667314,3.094996165920159,b2_x0.730_antisiteAl_dense_s9.extxyz,antisite,0.73,9
/home/ubuntu/repos/machine-learning/laves_fig6/b2_offstoich/relax/b2_x0.740_vacNi_alrich_s0.extxyz,11,53,0.828125,196,138,-0.026670832092181795,2.7573371729801193,b2_x0.740_vacNi_alrich_s0.extxyz,vacancy,0.74,0
/home/ubuntu/repos/machine-learning/laves_fig6/b2_offstoich/relax/b2_x0.740_vacNi_alrich_s1.extxyz,14,50,0.78125,192,112,0.044266666666666565,2.7654349916591783,b2_x0.740_vacNi_alrich_s1.extxyz,vacancy,0.74,1
/home/ubuntu/repos/machine-learning/laves_fig6/b2_offstoich/relax/b2_x0.740_vacNi_alrich_s2.extxyz,14,50,0.78125,192,121,-0.0325333333333333,2.7569925875063377,b2_x0.740_vacNi_alrich_s2.extxyz,vacancy,0.74,2
/home/ubuntu/repos/machine-learning/laves_fig6/b2_offstoich/relax/b2_x0.740_vacNi_alrich_s3.extxyz,17,47,0.734375,192,104,-0.00437603742266468,2.7632437493062785,b2_x0.740_vacNi_alrich_s3.extxyz,vacancy,0.74,3
/home/ubuntu/repos/machine-learning/laves_fig6/b2_offstoich/relax/b2_x0.740_vacNi_alrich_s4.extxyz,15,49,0.765625,192,111,0.013744273219491898,2.7565759451630156,b2_x0.740_vacNi_alrich_s4.extxyz,vacancy,0.74,4
/home/ubuntu/repos/machine-learning/laves_fig6/b2_offstoich/relax/b2_x0.740_vacNi_alrich_s5.extxyz,11,53,0.828125,201,137,0.006122821279859192,2.7530962022214314,b2_x0.740_vacNi_alrich_s5.extxyz,vacancy,0.74,5
/home/ubuntu/repos/machine-learning/laves_fig6/b2_offstoich/relax/b2_x0.740_vacNi_alrich_s6.extxyz,15,49,0.765625,196,113,0.016464228340232312,2.756053143416638,b2_x0.740_vacNi_alrich_s6.extxyz,vacancy,0.74,6
/home/ubuntu/repos/machine-learning/laves_fig6/b2_offstoich/relax/b2_x0.740_vacNi_alrich_s7.extxyz,17,47,0.734375,192,103,0.005281424475629959,2.7628059601645583,b2_x0.740_vacNi_alrich_s7.extxyz,vacancy,0.74,7
/home/ubuntu/repos/machine-learning/laves_fig6/b2_offstoich/relax/b2_x0.740_vacNi_alrich_sqs_5x5x5_s0.extxyz,11,53,0.828125,144,99,-0.0024919900320399258,3.4629414328154176,b2_x0.740_vacNi_alrich_sqs_5x5x5_s0.extxyz,vacancy,0.74,0
/home/ubuntu/repos/machine-learning/laves_fig6/b2_offstoich/relax/b2_x0.740_vacNi_alrich_sqs_5x5x5_s1.extxyz,9,55,0.859375,144,108,-0.015537190082644647,3.4578407547248218,b2_x0.740_vacNi_alrich_sqs_5x5x5_s1.extxyz,vacancy,0.74,1
/home/ubuntu/repos/machine-learning/laves_fig6/b2_offstoich/relax/b2_x0.740_vacNi_alrich_sqs_5x5x5_s2.extxyz,7,57,0.890625,144,113,0.010704148284942372,3.460688188374892,b2_x0.740_vacNi_alrich_sqs_5x5x5_s2.extxyz,vacancy,0.74,2
/home/ubuntu/repos/machine-learning/laves_fig6/b2_offstoich/relax/b2_x0.740_vacNi_alrich_sqs_5x5x5_s3.extxyz,34,91,0.728,375,205,-0.03147767982932814,2.7728649248998845,b2_x0.740_vacNi_alrich_sqs_5x5x5_s3.extxyz,vacancy,0.74,3
/home/ubuntu/repos/machine-learning/laves_fig6/b2_offstoich/relax/b2_x0.740_vacNi_alrich_sqs_5x5x5_s4.extxyz,35,90,0.72,375,195,-0.0030864197530864335,2.7661362875510913,b2_x0.740_vacNi_alrich_sqs_5x5x5_s4.extxyz,vacancy,0.74,4
/home/ubuntu/repos/machine-learning/laves_fig6/b2_offstoich/relax/b2_x0.740_vacNi_alrich_sqs_5x5x5_s5.extxyz,30,95,0.76,375,222,-0.024930747922437657,2.7648674320693827,b2_x0.740_vacNi_alrich_sqs_5x5x5_s5.extxyz,vacancy,0.74,5
/home/ubuntu/repos/machine-learning/laves_fig6/b2_offstoich/relax/b2_x0.740_vacNi_alrich_sqs_5x5x5_s6.extxyz,30,95,0.76,375,217,-0.001846722068328699,2.7686094404299477,b2_x0.740_vacNi_alrich_sqs_5x5x5_s6.extxyz,vacancy,0.74,6
/home/ubuntu/repos/machine-learning/laves_fig6/b2_offstoich/relax/b2_x0.740_vacNi_alrich_sqs_5x5x5_s7.extxyz,32,93,0.744,375,213,-0.026130188461093606,2.768714713141104,b2_x0.740_vacNi_alrich_sqs_5x5x5_s7.extxyz,vacancy,0.74,7
/home/ubuntu/repos/machine-learning/laves_fig6/b2_offstoich/relax/b2_x0.740_vacNi_alrich_sqs_5x5x5_s8.extxyz,29,96,0.768,380,233,-0.03956077531067259,2.7683907662379017,b2_x0.740_vacNi_alrich_sqs_5x5x5_s8.extxyz,vacancy,0.74,8
/home/ubuntu/repos/machine-learning/laves_fig6/b2_offstoich/relax/b2_x0.740_vacNi_alrich_sqs_5x5x5_s9.extxyz,35,90,0.72,375,197,-0.013374485596707952,2.772352233629418,b2_x0.740_vacNi_alrich_sqs_5x5x5_s9.extxyz,vacancy,0.74,9
/home/ubuntu/repos/machine-learning/laves_fig6/b2_offstoich/relax/b2_x0.750_antisiteAl_dense_s0.extxyz,19,45,0.703125,144,70,0.016735253772290792,3.114190338356762,b2_x0.750_antisiteAl_dense_s0.extxyz,antisite,0.75,0
/home/ubuntu/repos/machine-learning/laves_fig6/b2_offstoich/relax/b2_x0.750_antisiteAl_dense_s1.extxyz,19,45,0.703125,144,67,0.058875171467764,3.1135218263983897,b2_x0.750_antisiteAl_dense_s1.extxyz,antisite,0.75,1
/home/ubuntu/repos/machine-learning/laves_fig6/b2_offstoich/relax/b2_x0.750_antisiteAl_dense_s10.extxyz,21,43,0.671875,144,70,-0.07685836187729111,3.108311783052951,b2_x0.750_antisiteAl_dense_s10.extxyz,antisite,0.75,10
/home/ubuntu/repos/machine-learning/laves_fig6/b2_offstoich/relax/b2_x0.750_antisiteAl_dense_s11.extxyz,22,42,0.65625,144,65,-0.048122952884857684,3.102503159769468,b2_x0.750_antisiteAl_dense_s11.extxyz,antisite,0.75,11
/home/ubuntu/repos/machine-learning/laves_fig6/b2_offstoich/relax/b2_x0.750_antisiteAl_dense_s12.extxyz,22,42,0.65625,144,63,-0.015873015873015817,3.10692004889169,b2_x0.750_antisiteAl_dense_s12.extxyz,antisite,0.75,12
/home/ubuntu/repos/machine-learning/laves_fig6/b2_offstoich/relax/b2_x0.750_antisiteAl_dense_s2.extxyz,19,45,0.703125,144,69,0.030781893004115157,3.1163158852218658,b2_x0.750_antisiteAl_dense_s2.extxyz,antisite,0.75,2
/home/ubuntu/repos/machine-learning/laves_fig6/b2_offstoich/relax/b2_x0.750_antisiteAl_dense_s3.extxyz,21,43,0.671875,144,61,0.06159485607836068,3.107979457283641,b2_x0.750_antisiteAl_dense_s3.extxyz,antisite,0.75,3
/home/ubuntu/repos/machine-learning/laves_fig6/b2_offstoich/relax/b2_x0.750_antisiteAl_dense_s4.extxyz,22,42,0.65625,144,60,0.03250188964474676,3.113022297911052,b2_x0.750_antisiteAl_dense_s4.extxyz,antisite,0.75,4
/home/ubuntu/repos/machine-learning/laves_fig6/b2_offstoich/relax/b2_x0.750_antisiteAl_dense_s5.extxyz,24,40,0.625,144,49,0.12888888888888883,3.1156418111879405,b2_x0.750_antisiteAl_dense_s5.extxyz,antisite,0.75,5
/home/ubuntu/repos/machine-learning/laves_fig6/b2_offstoich/relax/b2_x0.750_antisiteAl_dense_s6.extxyz,23,41,0.640625,144,57,0.035494745191354427,3.1133382398219376,b2_x0.750_antisiteAl_dense_s6.extxyz,antisite,0.75,6
/home/ubuntu/repos/machine-learning/laves_fig6/b2_offstoich/relax/b2_x0.750_antisiteAl_dense_s7.extxyz,19,45,0.703125,144,70,0.016735253772290792,3.1144465176543434,b2_x0.750_antisiteAl_dense_s7.extxyz,antisite,0.75,7
/home/ubuntu/repos/machine-learning/laves_fig6/b2_offstoich/relax/b2_x0.750_antisiteAl_dense_s8.extxyz,22,42,0.65625,160,71,-0.03038548752834469,3.1145146363685847,b2_x0.750_antisiteAl_dense_s8.extxyz,antisite,0.75,8
/home/ubuntu/repos/machine-learning/laves_fig6/b2_offstoich/relax/b2_x0.750_antisiteAl_dense_s9.extxyz,15,49,0.765625,144,82,0.028552917765745756,3.1157925970158957,b2_x0.750_antisiteAl_dense_s9.extxyz,antisite,0.75,9
/home/ubuntu/repos/machine-learning/laves_fig6/b2_offstoich/relax/b2_x0.760_vacNi_alrich_s0.extxyz,2,25,0.9259259259259259,54,47,-0.01519999999999988,3.665682156604987,b2_x0.760_vacNi_alrich_s0.extxyz,vacancy,0.76,0
/home/ubuntu/repos/machine-learning/laves_fig6/b2_offstoich/relax/b2_x0.760_vacNi_alrich_s1.extxyz,6,21,0.7777777777777778,54,31,0.05102040816326536,3.6601028919267424,b2_x0.760_vacNi_alrich_s1.extxyz,vacancy,0.76,1
/home/ubuntu/repos/machine-learning/laves_fig6/b2_offstoich/relax/b2_x0.760_vacNi_alrich_s2.extxyz,1,26,0.9629629629629629,54,50,0.0014792899408282434,3.6727328966898978,b2_x0.760_vacNi_alrich_s2.extxyz,vacancy,0.76,2
/home/ubuntu/repos/machine-learning/laves_fig6/b2_offstoich/relax/b2_x0.760_vacNi_alrich_s3.extxyz,3,24,0.8888888888888888,54,42,0.015624999999999889,3.644650585094008,b2_x0.760_vacNi_alrich_s3.extxyz,vacancy,0.76,3
/home/ubuntu/repos/machine-learning/laves_fig6/b2_offstoich/relax/b2_x0.760_vacNi_alrich_s4.extxyz,3,24,0.8888888888888888,54,42,0.015624999999999889,3.6747599297879643,b2_x0.760_vacNi_alrich_s4.extxyz,vacancy,0.76,4
/home/ubuntu/repos/machine-learning/laves_fig6/b2_offstoich/relax/b2_x0.760_vacNi_alrich_s5.extxyz,4,23,0.8518518518518519,54,40,-0.020793950850661602,3.65269714861044,b2_x0.760_vacNi_alrich_s5.extxyz,vacancy,0.76,5
/home/ubuntu/repos/machine-learning/laves_fig6/b2_offstoich/relax/b2_x0.760_vacNi_alrich_s6.extxyz,3,24,0.8888888888888888,54,42,0.015624999999999889,3.6568698941137465,b2_x0.760_vacNi_alrich_s6.extxyz,vacancy,0.76,6
/home/ubuntu/repos/machine-learning/laves_fig6/b2_offstoich/relax/b2_x0.760_vacNi_alrich_s7.extxyz,6,21,0.7777777777777778,54,34,-0.04081632653061229,3.654032832024735,b2_x0.760_vacNi_alrich_s7.extxyz,vacancy,0.76,7
/home/ubuntu/repos/machine-learning/laves_fig6/b2_offstoich/relax/b2_x0.760_vacNi_alrich_sqs_5x5x5_s0.extxyz,6,58,0.90625,144,120,-0.014665081252477341,3.434090453383815,b2_x0.760_vacNi_alrich_sqs_5x5x5_s0.extxyz,vacancy,0.76,0
/home/ubuntu/repos/machine-learning/laves_fig6/b2_offstoich/relax/b2_x0.760_vacNi_alrich_sqs_5x5x5_s1.extxyz,13,51,0.796875,144,89,0.026699132812166182,3.4301460725448023,b2_x0.760_vacNi_alrich_sqs_5x5x5_s1.extxyz,vacancy,0.76,1
/home/ubuntu/repos/machine-learning/laves_fig6/b2_offstoich/relax/b2_x0.760_vacNi_alrich_sqs_5x5x5_s2.extxyz,5,59,0.921875,144,124,-0.013246512815602296,3.4363028488669864,b2_x0.760_vacNi_alrich_sqs_5x5x5_s2.extxyz,vacancy,0.76,2
/home/ubuntu/repos/machine-learning/laves_fig6/b2_offstoich/relax/b2_x0.760_vacNi_alrich_sqs_5x5x5_s3.extxyz,26,99,0.792,85,55,-0.031557404106423714,2.742386070533895,b2_x0.760_vacNi_alrich_sqs_5x5x5_s3.extxyz,vacancy,0.76,3
/home/ubuntu/repos/machine-learning/laves_fig6/b2_offstoich/relax/b2_x0.760_vacNi_alrich_sqs_5x5x5_s4.extxyz,22,103,0.824,375,257,-0.0093631193640622,2.7460381546527994,b2_x0.760_vacNi_alrich_sqs_5x5x5_s4.extxyz,vacancy,0.76,4
/home/ubuntu/repos/machine-learning/laves_fig6/b2_offstoich/relax/b2_x0.760_vacNi_alrich_sqs_5x5x5_s5.extxyz,30,95,0.76,80,50,-0.08206371191135742,2.7379927709467804,b2_x0.760_vacNi_alrich_sqs_5x5x5_s5.extxyz,vacancy,0.76,5
/home/ubuntu/repos/machine-learning/laves_fig6/b2_offstoich/relax/b2_x0.760_vacNi_alrich_sqs_5x5x5_s6.extxyz,24,101,0.808,85,73,-0.31547080159384566,2.742526703759566,b2_x0.760_vacNi_alrich_sqs_5x5x5_s6.extxyz,vacancy,0.76,6
/home/ubuntu/repos/machine-learning/laves_fig6/b2_offstoich/relax/b2_x0.760_vacNi_alrich_sqs_5x5x5_s7.extxyz,26,99,0.792,85,55,-0.031557404106423714,2.742585927643584,b2_x0.760_vacNi_alrich_sqs_5x5x5_s7.extxyz,vacancy,0.76,7
/home/ubuntu/repos/machine-learning/laves_fig6/b2_offstoich/relax/b2_x0.760_vacNi_alrich_sqs_5x5x5_s8.extxyz,25,100,0.8,375,238,0.008333333333333415,2.7481381424192284,b2_x0.760_vacNi_alrich_sqs_5x5x5_s8.extxyz,vacancy,0.76,8
/home/ubuntu/repos/machine-learning/laves_fig6/b2_offstoich/relax/b2_x0.760_vacNi_alrich_sqs_5x5x5_s9.extxyz,24,101,0.808,375,246,-0.004803450642093754,2.750219859322459,b2_x0.760_vacNi_alrich_sqs_5x5x5_s9.extxyz,vacancy,0.76,9
/home/ubuntu/repos/machine-learning/laves_fig6/b2_offstoich/relax/b2_x0.770_antisiteAl_dense_s0.extxyz,14,50,0.78125,144,82,0.06702222222222232,3.1262140482035825,b2_x0.770_antisiteAl_dense_s0.extxyz,antisite,0.77,0
/home/ubuntu/repos/machine-learning/laves_fig6/b2_offstoich/relax/b2_x0.770_antisiteAl_dense_s1.extxyz,17,47,0.734375,144,78,-0.00437603742266468,3.1295185156226513,b2_x0.770_antisiteAl_dense_s1.extxyz,antisite,0.77,1
/home/ubuntu/repos/machine-learning/laves_fig6/b2_offstoich/relax/b2_x0.770_antisiteAl_dense_s2.extxyz,18,46,0.71875,144,75,-0.008191556395715338,3.132531176564461,b2_x0.770_antisiteAl_dense_s2.extxyz,antisite,0.77,2
/home/ubuntu/repos/machine-learning/laves_fig6/b2_offstoich/relax/b2_x0.780_vacNi_alrich_s0.extxyz,2,25,0.9259259259259259,54,47,-0.01519999999999988,3.6371088838562433,b2_x0.780_vacNi_alrich_s0.extxyz,vacancy,0.78,0
/home/ubuntu/repos/machine-learning/laves_fig6/b2_offstoich/relax/b2_x0.780_vacNi_alrich_s1.extxyz,4,23,0.8518518518518519,54,40,-0.020793950850661602,3.6431483881886417,b2_x0.780_vacNi_alrich_s1.extxyz,vacancy,0.78,1
/home/ubuntu/repos/machine-learning/laves_fig6/b2_offstoich/relax/b2_x0.780_vacNi_alrich_s2.extxyz,1,26,0.9629629629629629,54,50,0.0014792899408282434,3.639597733124086,b2_x0.780_vacNi_alrich_s2.extxyz,vacancy,0.78,2
/home/ubuntu/repos/machine-learning/laves_fig6/b2_offstoich/relax/b2_x0.780_vacNi_alrich_s3.extxyz,2,25,0.9259259259259259,54,47,-0.01519999999999988,3.633156944544495,b2_x0.780_vacNi_alrich_s3.extxyz,vacancy,0.78,3
/home/ubuntu/repos/machine-learning/laves_fig6/b2_offstoich/relax/b2_x0.780_vacNi_alrich_s4.extxyz,8,19,0.7037037037037037,54,25,0.0650969529085873,3.6469301047456892,b2_x0.780_vacNi_alrich_s4.extxyz,vacancy,0.78,4
/home/ubuntu/repos/machine-learning/laves_fig6/b2_offstoich/relax/b2_x0.780_vacNi_alrich_s5.extxyz,5,22,0.8148148148148148,54,37,-0.032024793388429895,3.6430627039981096,b2_x0.780_vacNi_alrich_s5.extxyz,vacancy,0.78,5
/home/ubuntu/repos/machine-learning/laves_fig6/b2_offstoich/relax/b2_x0.780_vacNi_alrich_s6.extxyz,8,19,0.7037037037037037,54,28,-0.047091412742382044,3.642902656210912,b2_x0.780_vacNi_alrich_s6.extxyz,vacancy,0.78,6
/home/ubuntu/repos/machine-learning/laves_fig6/b2_offstoich/relax/b2_x0.780_vacNi_alrich_s7.extxyz,4,23,0.8518518518518519,54,42,-0.07183364839319473,3.640191819255272,b2_x0.780_vacNi_alrich_s7.extxyz,vacancy,0.78,7
/home/ubuntu/repos/machine-learning/laves_fig6/b2_offstoich/relax/b2_x0.780_vacNi_alrich_sqs_5x5x5_s0.extxyz,11,53,0.828125,144,99,-0.0024919900320399258,3.410024106807276,b2_x0.780_vacNi_alrich_sqs_5x5x5_s0.extxyz,vacancy,0.78,0
/home/ubuntu/repos/machine-learning/laves_fig6/b2_offstoich/relax/b2_x0.780_vacNi_alrich_sqs_5x5x5_s1.extxyz,9,55,0.859375,144,109,-0.024940312213039384,3.4142104642442295,b2_x0.780_vacNi_alrich_sqs_5x5x5_s1.extxyz,vacancy,0.78,1
/home/ubuntu/repos/machine-learning/laves_fig6/b2_offstoich/relax/b2_x0.780_vacNi_alrich_sqs_5x5x5_s2.extxyz,8,56,0.875,144,108,0.020408163265306145,3.405312540704698,b2_x0.780_vacNi_alrich_sqs_5x5x5_s2.extxyz,vacancy,0.78,2
/home/ubuntu/repos/machine-learning/laves_fig6/b2_offstoich/relax/b2_x0.780_vacNi_alrich_sqs_5x5x5_s3.extxyz,21,104,0.832,86,66,-0.10866115659832132,2.73174417139644,b2_x0.780_vacNi_alrich_sqs_5x5x5_s3.extxyz,vacancy,0.78,3
/home/ubuntu/repos/machine-learning/laves_fig6/b2_offstoich/relax/b2_x0.780_vacNi_alrich_sqs_5x5x5_s4.extxyz,24,101,0.808,80,59,-0.12963802568375637,2.7292186233052957,b2_x0.780_vacNi_alrich_sqs_5x5x5_s4.extxyz,vacancy,0.78,4
/home/ubuntu/repos/machine-learning/laves_fig6/b2_offstoich/relax/b2_x0.780_vacNi_alrich_sqs_5x5x5_s5.extxyz,25,100,0.8,91,67,-0.15041208791208782,2.7270351983463637,b2_x0.780_vacNi_alrich_sqs_5x5x5_s5.extxyz,vacancy,0.78,5
/home/ubuntu/repos/machine-learning/laves_fig6/b2_offstoich/relax/b2_x0.780_vacNi_alrich_sqs_5x5x5_s6.extxyz,23,102,0.816,91,68,-0.12224376930259306,2.7280428646463752,b2_x0.780_vacNi_alrich_sqs_5x5x5_s6.extxyz,vacancy,0.78,6
/home/ubuntu/repos/machine-learning/laves_fig6/b2_offstoich/relax/b2_x0.780_vacNi_alrich_sqs_5x5x5_s7.extxyz,29,96,0.768,85,59,-0.17682164011437895,2.7288373442270637,b2_x0.780_vacNi_alrich_sqs_5x5x5_s7.extxyz,vacancy,0.78,7
/home/ubuntu/repos/machine-learning/laves_fig6/b2_offstoich/relax/b2_x0.780_vacNi_alrich_sqs_5x5x5_s8.extxyz,25,100,0.8,80,58,-0.13281249999999978,2.730475505054742,b2_x0.780_vacNi_alrich_sqs_5x5x5_s8.extxyz,vacancy,0.78,8
/home/ubuntu/repos/machine-learning/laves_fig6/b2_offstoich/relax/b2_x0.780_vacNi_alrich_sqs_5x5x5_s9.extxyz,25,100,0.8,80,49,0.04296875000000011,2.728020909657093,b2_x0.780_vacNi_alrich_sqs_5x5x5_s9.extxyz,vacancy,0.78,9
/home/ubuntu/repos/machine-learning/laves_fig6/b2_offstoich/relax/b2_x0.790_antisiteAl_dense_s0.extxyz,18,46,0.71875,144,72,0.032136105860113395,3.1401950959329272,b2_x0.790_antisiteAl_dense_s0.extxyz,antisite,0.79,0
/home/ubuntu/repos/machine-learning/laves_fig6/b2_offstoich/relax/b2_x0.790_antisiteAl_dense_s1.extxyz,19,45,0.703125,144,65,0.08696844993141284,3.1400194262414494,b2_x0.790_antisiteAl_dense_s1.extxyz,antisite,0.79,1
/home/ubuntu/repos/machine-learning/laves_fig6/b2_offstoich/relax/b2_x0.790_antisiteAl_dense_s2.extxyz,16,48,0.75,144,79,0.024691358024691246,3.1342898356490054,b2_x0.790_antisiteAl_dense_s2.extxyz,antisite,0.79,2
/home/ubuntu/repos/machine-learning/laves_fig6/b2_offstoich/relax/b2_x0.800_vacNi_alrich_s0.extxyz,3,24,0.8888888888888888,54,43,-0.0078125,3.622953321075512,b2_x0.800_vacNi_alrich_s0.extxyz,vacancy,0.8,0
/home/ubuntu/repos/machine-learning/laves_fig6/b2_offstoich/relax/b2_x0.800_vacNi_alrich_s1.extxyz,5,22,0.8148148148148148,54,37,-0.032024793388429895,3.614191555865719,b2_x0.800_vacNi_alrich_s1.extxyz,vacancy,0.8,1
/home/ubuntu/repos/machine-learning/laves_fig6/b2_offstoich/relax/b2_x0.800_vacNi_alrich_s2.extxyz,1,26,0.9629629629629629,54,50,0.0014792899408282434,3.616400630470714,b2_x0.800_vacNi_alrich_s2.extxyz,vacancy,0.8,2
/home/ubuntu/repos/machine-learning/laves_fig6/b2_offstoich/relax/b2_x0.800_vacNi_alrich_sqs_5x5x5_s0.extxyz,14,50,0.78125,144,85,0.032888888888888856,3.389542688978261,b2_x0.800_vacNi_alrich_sqs_5x5x5_s0.extxyz,vacancy,0.8,0
/home/ubuntu/repos/machine-learning/laves_fig6/b2_offstoich/relax/b2_x0.800_vacNi_alrich_sqs_5x5x5_s1.extxyz,7,57,0.890625,144,112,0.019458978831093265,3.3836645411129105,b2_x0.800_vacNi_alrich_sqs_5x5x5_s1.extxyz,vacancy,0.8,1
/home/ubuntu/repos/machine-learning/laves_fig6/b2_offstoich/relax/b2_x0.800_vacNi_alrich_sqs_5x5x5_s2.extxyz,12,52,0.8125,144,94,0.011176857330703505,3.3956967828452504,b2_x0.800_vacNi_alrich_sqs_5x5x5_s2.extxyz,vacancy,0.8,2
/home/ubuntu/repos/machine-learning/laves_fig6/b2_offstoich/relax/b2_x0.800_vacNi_alrich_sqs_5x5x5_s3.extxyz,23,102,0.816,95,76,-0.20146097654748196,2.705710475398582,b2_x0.800_vacNi_alrich_sqs_5x5x5_s3.extxyz,vacancy,0.8,3
/home/ubuntu/repos/machine-learning/laves_fig6/b2_offstoich/relax/b2_x0.800_vacNi_alrich_sqs_5x5x5_s4.extxyz,26,99,0.792,90,69,-0.22223922728973244,2.708713198544202,b2_x0.800_vacNi_alrich_sqs_5x5x5_s4.extxyz,vacancy,0.8,4
/home/ubuntu/repos/machine-learning/laves_fig6/b2_offstoich/relax/b2_x0.800_vacNi_alrich_sqs_5x5x5_s5.extxyz,20,105,0.84,85,57,0.04961984793917562,2.7173539933871145,b2_x0.800_vacNi_alrich_sqs_5x5x5_s5.extxyz,vacancy,0.8,5
/home/ubuntu/repos/machine-learning/laves_fig6/b2_offstoich/relax/b2_x0.800_vacNi_alrich_sqs_5x5x5_s6.extxyz,27,98,0.784,90,64,-0.15692535517608386,2.7137240397163223,b2_x0.800_vacNi_alrich_sqs_5x5x5_s6.extxyz,vacancy,0.8,6
/home/ubuntu/repos/machine-learning/laves_fig6/b2_offstoich/relax/b2_x0.800_vacNi_alrich_sqs_5x5x5_s7.extxyz,21,104,0.832,85,64,-0.08771319178559,2.7186376649975097,b2_x0.800_vacNi_alrich_sqs_5x5x5_s7.extxyz,vacancy,0.8,7
/home/ubuntu/repos/machine-learning/laves_fig6/b2_offstoich/relax/b2_x0.800_vacNi_alrich_sqs_5x5x5_s8.extxyz,22,103,0.824,91,66,-0.06818904537822457,2.715168538754001,b2_x0.800_vacNi_alrich_sqs_5x5x5_s8.extxyz,vacancy,0.8,8
/home/ubuntu/repos/machine-learning/laves_fig6/b2_offstoich/relax/b2_x0.800_vacNi_alrich_sqs_5x5x5_s9.extxyz,25,100,0.8,90,65,-0.12847222222222188,2.7156477756526964,b2_x0.800_vacNi_alrich_sqs_5x5x5_s9.extxyz,vacancy,0.8,9
/home/ubuntu/repos/machine-learning/laves_fig6/b2_offstoich/relax/b2_x0.825_antisiteAl_dense_sqs_5x5x5_s0.extxyz,33,92,0.736,300,158,0.027744959042218076,3.1659795556050283,b2_x0.825_antisiteAl_dense_sqs_5x5x5_s0.extxyz,antisite,0.825,0
/home/ubuntu/repos/machine-learning/laves_fig6/b2_offstoich/relax/b2_x0.825_antisiteAl_dense_sqs_5x5x5_s1.extxyz,25,100,0.8,300,197,-0.026041666666666297,3.1557175020861234,b2_x0.825_antisiteAl_dense_sqs_5x5x5_s1.extxyz,antisite,0.825,1
/home/ubuntu/repos/machine-learning/laves_fig6/b2_offstoich/relax/b2_x0.825_antisiteAl_dense_sqs_5x5x5_s2.extxyz,31,94,0.752,300,166,0.021521804738192207,3.164448768197451,b2_x0.825_antisiteAl_dense_sqs_5x5x5_s2.extxyz,antisite,0.825,2
/home/ubuntu/repos/machine-learning/laves_fig6/b2_offstoich/relax/b2_x0.825_vacNi_alrich_sqs_5x5x5_s0.extxyz,19,106,0.848,95,66,0.03388544340559463,2.7026542208082516,b2_x0.825_vacNi_alrich_sqs_5x5x5_s0.extxyz,vacancy,0.825,0
/home/ubuntu/repos/machine-learning/laves_fig6/b2_offstoich/relax/b2_x0.825_vacNi_alrich_sqs_5x5x5_s1.extxyz,21,104,0.832,112,88,-0.1350578508030431,2.6966679244037053,b2_x0.825_vacNi_alrich_sqs_5x5x5_s1.extxyz,vacancy,0.825,1
/home/ubuntu/repos/machine-learning/laves_fig6/b2_offstoich/relax/b2_x0.825_vacNi_alrich_sqs_5x5x5_s2.extxyz,19,106,0.848,91,71,-0.08498879191296438,2.691276068260446,b2_x0.825_vacNi_alrich_sqs_5x5x5_s2.extxyz,vacancy,0.825,2
/home/ubuntu/repos/machine-learning/laves_fig6/b2_offstoich/relax/b2_x0.850_antisiteAl_dense_sqs_5x5x5_s0.extxyz,26,99,0.792,300,186,0.011580450974390422,3.182033839548806,b2_x0.850_antisiteAl_dense_sqs_5x5x5_s0.extxyz,antisite,0.85,0
/home/ubuntu/repos/machine-learning/laves_fig6/b2_offstoich/relax/b2_x0.850_antisiteAl_dense_sqs_5x5x5_s1.extxyz,24,101,0.808,300,193,0.014598242002418216,3.1798066520785513,b2_x0.850_antisiteAl_dense_sqs_5x5x5_s1.extxyz,antisite,0.85,1
/home/ubuntu/repos/machine-learning/laves_fig6/b2_offstoich/relax/b2_x0.850_antisiteAl_dense_sqs_5x5x5_s2.extxyz,22,103,0.824,300,195,0.04267602978603058,3.178778217204864,b2_x0.850_antisiteAl_dense_sqs_5x5x5_s2.extxyz,antisite,0.85,2
/home/ubuntu/repos/machine-learning/laves_fig6/b2_offstoich/relax/b2_x0.850_vacNi_alrich_sqs_5x5x5_s0.extxyz,18,107,0.856,100,87,-0.1873307712463972,2.677080345346967,b2_x0.850_vacNi_alrich_sqs_5x5x5_s0.extxyz,vacancy,0.85,0
/home/ubuntu/repos/machine-learning/laves_fig6/b2_offstoich/relax/b2_x0.850_vacNi_alrich_sqs_5x5x5_s1.extxyz,15,110,0.88,100,89,-0.14927685950413228,2.6752926838427866,b2_x0.850_vacNi_alrich_sqs_5x5x5_s1.extxyz,vacancy,0.85,1
/home/ubuntu/repos/machine-learning/laves_fig6/b2_offstoich/relax/b2_x0.850_vacNi_alrich_sqs_5x5x5_s2.extxyz,15,110,0.88,95,81,-0.10102218355806869,2.683198253708731,b2_x0.850_vacNi_alrich_sqs_5x5x5_s2.extxyz,vacancy,0.85,2
/home/ubuntu/repos/machine-learning/laves_fig6/b2_offstoich/relax/b2_x0.875_antisiteAl_dense_sqs_5x5x5_s0.extxyz,21,104,0.832,300,204,0.017659023668638918,3.184132370385885,b2_x0.875_antisiteAl_dense_sqs_5x5x5_s0.extxyz,antisite,0.875,0
/home/ubuntu/repos/machine-learning/laves_fig6/b2_offstoich/relax/b2_x0.875_antisiteAl_dense_sqs_5x5x5_s1.extxyz,23,102,0.816,300,195,0.023812956555170905,3.1875107002116083,b2_x0.875_antisiteAl_dense_sqs_5x5x5_s1.extxyz,antisite,0.875,1
/home/ubuntu/repos/machine-learning/laves_fig6/b2_offstoich/relax/b2_x0.875_antisiteAl_dense_sqs_5x5x5_s2.extxyz,20,105,0.84,300,216,-0.020408163265306145,3.1799129434276323,b2_x0.875_antisiteAl_dense_sqs_5x5x5_s2.extxyz,antisite,0.875,2
/home/ubuntu/repos/machine-learning/laves_fig6/b2_offstoich/relax/b2_x0.875_vacNi_alrich_sqs_5x5x5_s0.extxyz,12,113,0.904,96,82,-0.04521530007570407,2.6636098664459924,b2_x0.875_vacNi_alrich_sqs_5x5x5_s0.extxyz,vacancy,0.875,0
/home/ubuntu/repos/machine-learning/laves_fig6/b2_offstoich/relax/b2_x0.875_vacNi_alrich_sqs_5x5x5_s1.extxyz,15,110,0.88,101,79,-0.010044186236805475,2.6634460945143545,b2_x0.875_vacNi_alrich_sqs_5x5x5_s1.extxyz,vacancy,0.875,1
/home/ubuntu/repos/machine-learning/laves_fig6/b2_offstoich/relax/b2_x0.875_vacNi_alrich_sqs_5x5x5_s2.extxyz,15,110,0.88,105,79,0.02843368752459663,2.667451535729742,b2_x0.875_vacNi_alrich_sqs_5x5x5_s2.extxyz,vacancy,0.875,2
/home/ubuntu/repos/machine-learning/laves_fig6/b2_offstoich/relax/b2_x0.900_antisiteAl_dense_sqs_5x5x5_s0.extxyz,17,108,0.864,300,220,0.01763260173754,3.2003094685226317,b2_x0.900_antisiteAl_dense_sqs_5x5x5_s0.extxyz,antisite,0.9,0
/home/ubuntu/repos/machine-learning/laves_fig6/b2_offstoich/relax/b2_x0.900_antisiteAl_dense_sqs_5x5x5_s1.extxyz,17,108,0.864,300,224,-0.00022862368541387568,3.195260137051468,b2_x0.900_antisiteAl_dense_sqs_5x5x5_s1.extxyz,antisite,0.9,1
/home/ubuntu/repos/machine-learning/laves_fig6/b2_offstoich/relax/b2_x0.900_antisiteAl_dense_sqs_5x5x5_s2.extxyz,15,110,0.88,300,231,0.005681818181818121,3.201211041407504,b2_x0.900_antisiteAl_dense_sqs_5x5x5_s2.extxyz,antisite,0.9,2
/home/ubuntu/repos/machine-learning/laves_fig6/b2_offstoich/relax/b2_x0.900_vacNi_alrich_sqs_5x5x5_s0.extxyz,12,113,0.904,102,90,-0.07970590538666711,2.650122675708066,b2_x0.900_vacNi_alrich_sqs_5x5x5_s0.extxyz,vacancy,0.9,0
/home/ubuntu/repos/machine-learning/laves_fig6/b2_offstoich/relax/b2_x0.900_vacNi_alrich_sqs_5x5x5_s1.extxyz,12,113,0.904,102,90,-0.07970590538666711,2.6480838244943232,b2_x0.900_vacNi_alrich_sqs_5x5x5_s1.extxyz,vacancy,0.9,1
/home/ubuntu/repos/machine-learning/laves_fig6/b2_offstoich/relax/b2_x0.900_vacNi_alrich_sqs_5x5x5_s2.extxyz,6,119,0.952,97,92,-0.04650714136473266,2.6409414572673677,b2_x0.900_vacNi_alrich_sqs_5x5x5_s2.extxyz,vacancy,0.9,2
/home/ubuntu/repos/machine-learning/laves_fig6/b2_offstoich/relax/b2_x0.925_antisiteAl_dense_sqs_5x5x5_s0.extxyz,13,112,0.896,300,240,0.0035076530612245804,3.2070622792016543,b2_x0.925_antisiteAl_dense_sqs_5x5x5_s0.extxyz,antisite,0.925,0
/home/ubuntu/repos/machine-learning/laves_fig6/b2_offstoich/relax/b2_x0.925_antisiteAl_dense_sqs_5x5x5_s1.extxyz,11,114,0.912,300,246,0.014119729147430093,3.209298894708465,b2_x0.925_antisiteAl_dense_sqs_5x5x5_s1.extxyz,antisite,0.925,1
/home/ubuntu/repos/machine-learning/laves_fig6/b2_offstoich/relax/b2_x0.925_antisiteAl_dense_sqs_5x5x5_s2.extxyz,15,110,0.88,300,230,0.009986225895316725,3.206936130917305,b2_x0.925_antisiteAl_dense_sqs_5x5x5_s2.extxyz,antisite,0.925,2
/home/ubuntu/repos/machine-learning/laves_fig6/b2_offstoich/relax/b2_x0.925_vacNi_alrich_sqs_5x5x5_s0.extxyz,7,118,0.944,106,94,0.004874168667645784,2.6310453122461337,b2_x0.925_vacNi_alrich_sqs_5x5x5_s0.extxyz,vacancy,0.925,0
/home/ubuntu/repos/machine-learning/laves_fig6/b2_offstoich/relax/b2_x0.925_vacNi_alrich_sqs_5x5x5_s1.extxyz,8,117,0.936,107,92,0.018585766728589803,2.6255182971617717,b2_x0.925_vacNi_alrich_sqs_5x5x5_s1.extxyz,vacancy,0.925,1
/home/ubuntu/repos/machine-learning/laves_fig6/b2_offstoich/relax/b2_x0.925_vacNi_alrich_sqs_5x5x5_s2.extxyz,8,117,0.936,102,92,-0.029522774118047934,2.6296181750660557,b2_x0.925_vacNi_alrich_sqs_5x5x5_s2.extxyz,vacancy,0.925,2
/home/ubuntu/repos/machine-learning/laves_fig6/b2_offstoich/relax/b2_x0.950_antisiteAl_dense_sqs_5x5x5_s0.extxyz,11,114,0.912,300,247,0.010112085769980572,3.2108268200560444,b2_x0.950_antisiteAl_dense_sqs_5x5x5_s0.extxyz,antisite,0.95,0
/home/ubuntu/repos/machine-learning/laves_fig6/b2_offstoich/relax/b2_x0.950_antisiteAl_dense_sqs_5x5x5_s1.extxyz,11,114,0.912,300,247,0.010112085769980572,3.2112768862126386,b2_x0.950_antisiteAl_dense_sqs_5x5x5_s1.extxyz,antisite,0.95,1
/home/ubuntu/repos/machine-learning/laves_fig6/b2_offstoich/relax/b2_x0.950_antisiteAl_dense_sqs_5x5x5_s2.extxyz,11,114,0.912,300,245,0.018127372524879504,3.2100168845726555,b2_x0.950_antisiteAl_dense_sqs_5x5x5_s2.extxyz,antisite,0.95,2
/home/ubuntu/repos/machine-learning/laves_fig6/b2_offstoich/relax/b2_x0.950_vacNi_alrich_sqs_5x5x5_s0.extxyz,6,119,0.952,107,91,0.06160925062713363,2.621420046724307,b2_x0.950_vacNi_alrich_sqs_5x5x5_s0.extxyz,vacancy,0.95,0
/home/ubuntu/repos/machine-learning/laves_fig6/b2_offstoich/relax/b2_x0.950_vacNi_alrich_sqs_5x5x5_s1.extxyz,6,119,0.952,117,113,-0.06566004984195795,2.620167154241746,b2_x0.950_vacNi_alrich_sqs_5x5x5_s1.extxyz,vacancy,0.95,1
/home/ubuntu/repos/machine-learning/laves_fig6/b2_offstoich/relax/b2_x0.950_vacNi_alrich_sqs_5x5x5_s2.extxyz,5,120,0.96,106,98,-0.0031774109014675034,2.6223300393481823,b2_x0.950_vacNi_alrich_sqs_5x5x5_s2.extxyz,vacancy,0.95,2
/home/ubuntu/repos/machine-learning/laves_fig6/b2_offstoich/relax/b2_x0.975_antisiteAl_dense_sqs_5x5x5_s0.extxyz,4,121,0.968,300,278,0.011053434419324715,3.2211843817303447,b2_x0.975_antisiteAl_dense_sqs_5x5x5_s0.extxyz,antisite,0.975,0
/home/ubuntu/repos/machine-learning/laves_fig6/b2_offstoich/relax/b2_x0.975_antisiteAl_dense_sqs_5x5x5_s1.extxyz,6,119,0.952,300,269,0.010633665230798117,3.223858322520411,b2_x0.975_antisiteAl_dense_sqs_5x5x5_s1.extxyz,antisite,0.975,1
/home/ubuntu/repos/machine-learning/laves_fig6/b2_offstoich/relax/b2_x0.975_antisiteAl_dense_sqs_5x5x5_s2.extxyz,5,120,0.96,325,299,0.0017361111111110494,3.225601768289752,b2_x0.975_antisiteAl_dense_sqs_5x5x5_s2.extxyz,antisite,0.975,2
/home/ubuntu/repos/machine-learning/laves_fig6/b2_offstoich/relax/b2_x0.975_vacNi_alrich_sqs_5x5x5_s0.extxyz,2,123,0.984,107,107,-0.03278471809108341,2.6029887848217657,b2_x0.975_vacNi_alrich_sqs_5x5x5_s0.extxyz,vacancy,0.975,0
/home/ubuntu/repos/machine-learning/laves_fig6/b2_offstoich/relax/b2_x0.975_vacNi_alrich_sqs_5x5x5_s1.extxyz,3,122,0.976,108,107,-0.040064772512367286,2.6033938012227025,b2_x0.975_vacNi_alrich_sqs_5x5x5_s1.extxyz,vacancy,0.975,1
/home/ubuntu/repos/machine-learning/laves_fig6/b2_offstoich/relax/b2_x0.975_vacNi_alrich_sqs_5x5x5_s2.extxyz,2,123,0.984,140,140,-0.03278471809108341,2.5911154345845557,b2_x0.975_vacNi_alrich_sqs_5x5x5_s2.extxyz,vacancy,0.975,2
