material_id,formula,element_A,element_B,count_A,count_B,lattice_constant,energy_per_atom,energy_above_hull,source,structure_type
mp-1187447,ThPa3,Th,Pa,1.0,3.0,4.736582,-75.93405369000001,0.07677548249999601,MP,L1$_2$
mp-1186796,Pu3Ta,Pu,Ta,3.0,1.0,4.199416,-75.85687789410416,1.058341397500001,MP,L1$_2$
mp-568042,Np3Tl,Np,Tl,3.0,1.0,4.647348,-75.02390899333335,0.539075800104157,MP,L1$_2$
mp-979114,Th3U,Th,U,3.0,1.0,4.926054,-74.84719079625002,0.24476497249999302,MP,L1$_2$
mp-1184544,GdNp3,Gd,Np,1.0,3.0,4.609486,-72.44244101000001,0.674968963437493,MP,L1$_2$
mp-580329,Pu3Sn,Pu,Sn,3.0,1.0,4.7515794,-71.618475575,0.0,MP,L1$_2$
mp-1005727,TmNp3,Tm,Np,1.0,3.0,4.616898,-70.37746385416666,0.6709568667708361,MP,L1$_2$
mp-614895,Pu3In,Pu,In,3.0,1.0,4.346444,-70.25080465812499,0.38907912250000704,MP,L1$_2$
mp-1006245,ErNp3,Er,Np,1.0,3.0,4.691813,-70.06570605666667,0.6838113834375,MP,L1$_2$
mp-1186385,Pa3Hg,Pa,Hg,3.0,1.0,4.628743,-69.832105226875,0.151860038750001,MP,L1$_2$
mp-1184926,HoNp3,Ho,Np,1.0,3.0,4.638694,-69.79966866875,0.688825958437504,MP,L1$_2$
mp-1187049,Th3Pb,Th,Pb,3.0,1.0,4.98454339,-69.402885245,0.056559346875005,MP,L1$_2$
mp-981435,LaNp3,La,Np,1.0,3.0,4.5676369999999995,-68.998301465,0.7060522346875041,MP,L1$_2$
mp-581934,Pu3Ge,Pu,Ge,3.0,1.0,4.58766757,-68.8821095375,0.0,MP,L1$_2$
mp-1184404,EuU3,Eu,U,1.0,3.0,4.491149,-68.858468235,0.728279912499999,MP,L1$_2$
mp-981662,YbU3,Yb,U,1.0,3.0,4.486130253248775,-68.5175046525,0.5713675125000031,MP,L1$_2$
mp-571075,Np3Sn,Np,Sn,3.0,1.0,4.592665,-68.28716850583335,0.274282721666665,MP,L1$_2$
mp-607223,Np3In,Np,In,3.0,1.0,4.58106,-67.4724703575,0.44033588593750006,MP,L1$_2$
mp-20486,Pu3Ga,Pu,Ga,3.0,1.0,4.131532,-67.43411455375,0.47477692249999803,MP,L1$_2$
mp-1183992,CsNp3,Cs,Np,1.0,3.0,4.671867,-66.94068761198277,1.6045842864547382,MP,L1$_2$
mp-1185105,LaU3,La,U,1.0,3.0,4.54601,-66.82206661625,0.5706559037499941,MP,L1$_2$
mp-1187600,YbPa3,Yb,Pa,1.0,3.0,4.663464431180695,-66.6435648675,0.130793463749995,MP,L1$_2$
mp-1187864,YNp3,Y,Np,1.0,3.0,4.669545,-66.62629872166666,0.720260166770842,MP,L1$_2$
mp-978994,TmPa3,Tm,Pa,1.0,3.0,4.706554,-66.25895295166667,0.163322755833334,MP,L1$_2$
mp-1184331,ErPa3,Er,Pa,1.0,3.0,4.703785,-65.95051937416667,0.17285305250000202,MP,L1$_2$
mp-1184733,GdTh3,Gd,Th,1.0,3.0,5.196684,-65.8884742325,0.067223705000003,MP,L1$_2$
mp-1183793,DyPa3,Dy,Pa,1.0,3.0,4.702978,-65.44851070375,0.18895373750000002,MP,L1$_2$
mp-1100784,U3In,U,In,3.0,1.0,4.466263,-65.376107315,0.32591329500000604,MP,L1$_2$
mp-1183709,CePa3,Ce,Pa,1.0,3.0,4.64910066,-65.2939903575,0.05818046750000801,MP,L1$_2$
mp-978511,SmPa3,Sm,Pa,1.0,3.0,4.72605,-64.84543397375,0.22981074125000503,MP,L1$_2$
mp-974754,NdPa3,Nd,Pa,1.0,3.0,4.7463619999999995,-64.74013459000001,0.25638129062500004,MP,L1$_2$
mp-1184384,EuTh3,Eu,Th,1.0,3.0,5.104766,-64.59043303875,0.146234252499994,MP,L1$_2$
mp-973556,LuTh3,Lu,Th,1.0,3.0,5.02881203,-64.5870117125,0.039404945833339006,MP,L1$_2$
mp-1183064,Ac3Au,Ac,Au,3.0,1.0,5.244383,-64.46144038958334,0.131701262916664,MP,L1$_2$
mp-862862,Pa3Sb,Pa,Sb,3.0,1.0,4.595117770000235,-64.4533125925,0.0,MP,L1$_2$
mp-862863,Pa3Te,Pa,Te,3.0,1.0,4.57029893,-64.406971205,0.0,MP,L1$_2$
mp-972044,YbTh3,Yb,Th,1.0,3.0,5.033559501010655,-64.2015427175,0.037248591250005,MP,L1$_2$
mp-980014,TmTh3,Tm,Th,1.0,3.0,5.038114055788945,-63.843850582500004,0.042858102500012006,MP,L1$_2$
mp-31434,Np3Al,Np,Al,3.0,1.0,4.306809,-63.720507706875,0.38105517203125305,MP,L1$_2$
mp-972422,U3Ge,U,Ge,3.0,1.0,4.28812556,-63.613471675,0.0,MP,L1$_2$
mp-976588,HoTh3,Ho,Th,1.0,3.0,5.0438091,-63.279501945,0.047280646250008,MP,L1$_2$
mp-1184093,DyTh3,Dy,Th,1.0,3.0,5.04835248,-63.0546545425,0.047242876250003,MP,L1$_2$
mp-1187390,TbTh3,Tb,Th,1.0,3.0,5.05192507,-62.86601428,0.047040870000003,MP,L1$_2$
mp-1183732,CeTh3,Ce,Th,1.0,3.0,4.98917423,-62.7995844175,0.017019385000011,MP,L1$_2$
mp-1183930,CsPa3,Cs,Pa,1.0,3.0,4.756457,-62.782228841982764,1.13689804301724,MP,L1$_2$
mp-1185929,MgNp3,Mg,Np,1.0,3.0,4.586796,-62.62470617875,0.6857783659375011,MP,L1$_2$
mp-978507,SmTh3,Sm,Th,1.0,3.0,5.06620012,-62.4830492825,0.056628410000008005,MP,L1$_2$
mp-1186380,Pa3Cd,Pa,Cd,3.0,1.0,4.625337,-62.47068019500001,0.19758036249999802,MP,L1$_2$
mp-1186658,PmTh3,Pm,Th,1.0,3.0,5.0728964,-62.43087638,0.060723348125009007,MP,L1$_2$
mp-974779,NdTh3,Nd,Th,1.0,3.0,5.080630420012464,-62.3947046025,0.066244255625008,MP,L1$_2$
mp-570637,U3Si,U,Si,3.0,1.0,4.24041411,-62.3881011575,0.032221368749993005,MP,L1$_2$
mp-1100774,U3N,U,N,3.0,1.0,4.031553,-62.07234781499999,0.9572085000000071,MP,L1$_2$
mp-972103,U3C,U,C,3.0,1.0,4.043269,-62.04892596249999,0.522137270000001,MP,L1$_2$
mp-19762,UPb3,U,Pb,1.0,3.0,4.839177,-62.04199507375,0.157364665000002,MP,L1$_2$
mp-862864,Pa3Ge,Pa,Ge,3.0,1.0,4.47460569,-61.434581555,0.0,MP,L1$_2$
mp-1187624,U3Cl,U,Cl,3.0,1.0,4.245442,-61.41624633958334,0.8152360608333351,MP,L1$_2$
mp-1187064,Th3In,Th,In,3.0,1.0,4.95489198,-60.9686243475,0.0,MP,L1$_2$
mp-1183059,Ac3Yb,Ac,Yb,3.0,1.0,5.48551210596988,-60.558120295,0.052333960624999,MP,L1$_2$
mp-862861,Pa3Si,Pa,Si,3.0,1.0,4.440774621050497,-60.1509647375,0.0,MP,L1$_2$
mp-983497,Pa3Zn,Pa,Zn,3.0,1.0,4.508804,-59.831995516078436,0.080064038333333,MP,L1$_2$
mp-21844,UTl3,U,Tl,1.0,3.0,4.763456,-59.657582068749996,0.21240552249999903,MP,L1$_2$
mp-1186381,Pa3Al,Pa,Al,3.0,1.0,4.51652992,-59.4517010425,0.011261787500004,MP,L1$_2$
mp-30741,PaIr3,Pa,Ir,1.0,3.0,4.06933556,-59.40801936,0.0,MP,L1$_2$
mp-1183105,Ac3Ce,Ac,Ce,3.0,1.0,5.412265,-59.060794782500004,0.127471966874999,MP,L1$_2$
mp-2061,ThTl3,Th,Tl,1.0,3.0,4.80347449,-58.4883097775,0.0,MP,L1$_2$
mp-1187452,ThPt3,Th,Pt,1.0,3.0,4.21705778,-58.124491545,0.015857318750001,MP,L1$_2$
mp-861939,Ac3Sn,Ac,Sn,3.0,1.0,5.31714098,-58.0463753275,0.115386579999999,MP,L1$_2$
mp-1187180,Pa3H,Pa,H,3.0,1.0,4.285465999999999,-58.002141171354175,0.64460052677083,MP,L1$_2$
mp-1187074,Th3S,Th,S,3.0,1.0,4.742042,-57.392733930000006,0.735964227499998,MP,L1$_2$
mp-1183927,CsAc3,Cs,Ac,1.0,3.0,5.804523,-57.33851790073276,0.416704908642238,MP,L1$_2$
mp-1187484,TlBi3,Tl,Bi,1.0,3.0,5.035145,-57.08873128416666,0.09362152250000101,MP,L1$_2$
mp-1183058,Ac3Zr,Ac,Zr,3.0,1.0,5.320169,-56.89804255999999,0.26751497562500504,MP,L1$_2$
mp-979412,Th3B,Th,B,3.0,1.0,4.660912,-56.409703930781255,0.736521494374997,MP,L1$_2$
mp-1183446,Bi3Au,Bi,Au,3.0,1.0,4.8264119999999995,-56.347315449374996,0.17562989687500102,MP,L1$_2$
mp-981390,HgBi3,Hg,Bi,1.0,3.0,4.95629,-56.092871145625,0.12578579374999702,MP,L1$_2$
mp-1183075,Ac3Cr,Ac,Cr,3.0,1.0,5.318617,-54.79576256125,0.450682595624996,MP,L1$_2$
mp-865246,EuBi3,Eu,Bi,1.0,3.0,4.999636723140972,-54.0031392375,0.040842896249998005,MP,L1$_2$
mp-977275,LuBi3,Lu,Bi,1.0,3.0,4.940447,-53.7169600075,0.139923572500002,MP,L1$_2$
mp-1076927,GdPb3,Gd,Pb,1.0,3.0,4.86990628,-53.44027841,0.0,MP,L1$_2$
mp-1183056,Ac3Cl,Ac,Cl,3.0,1.0,5.460296,-53.24304891958334,0.702535130000001,MP,L1$_2$
mp-1183439,BiPt3,Bi,Pt,1.0,3.0,4.186495,-53.232470875,0.155978428750003,MP,L1$_2$
mp-1187914,YbBi3,Yb,Bi,1.0,3.0,4.908890296736319,-53.2276390725,0.130092330000003,MP,L1$_2$
mp-1184777,Ir3Pb,Ir,Pb,3.0,1.0,4.052025,-52.8944734825,0.44632513250000005,MP,L1$_2$
mp-20828,Pt3Pb,Pt,Pb,3.0,1.0,4.09973384,-52.808339165,0.034657805000001006,MP,L1$_2$
mp-1184168,ErBi3,Er,Bi,1.0,3.0,4.936298,-52.7393953525,0.123354842499999,MP,L1$_2$
mp-1185032,KAc3,K,Ac,1.0,3.0,5.7436,-52.648472121062504,0.334203422374997,MP,L1$_2$
mp-1186902,Re3Ir,Re,Ir,3.0,1.0,3.88196526,-52.50265132,0.0,MP,L1$_2$
mp-1184761,Ir3Os,Ir,Os,3.0,1.0,3.84807393,-52.494420455,0.021401844999999,MP,L1$_2$
mp-1187532,Tl3Au,Tl,Au,3.0,1.0,4.73532544,-52.4901764975,0.074874852500002,MP,L1$_2$
mp-972185,Tl3Hg,Tl,Hg,3.0,1.0,4.850267390000227,-52.20823689,0.027282111666664003,MP,L1$_2$
mp-265,TaIr3,Ta,Ir,1.0,3.0,3.90530826,-52.17511517,0.0,MP,L1$_2$
mp-1186103,NaAc3,Na,Ac,1.0,3.0,5.579067,-52.16459940788793,0.20455529398707,MP,L1$_2$
mp-1187243,TaOs3,Ta,Os,1.0,3.0,3.91497248,-52.049900465,0.0,MP,L1$_2$
mp-1185287,LiAc3,Li,Ac,1.0,3.0,5.437827,-51.90798518541667,0.16680097729166402,MP,L1$_2$
mp-867248,LaBi3,La,Bi,1.0,3.0,5.0117565944042894,-51.89655375,0.063453869999996,MP,L1$_2$
mp-1184759,IrPt3,Ir,Pt,1.0,3.0,3.951253,-51.62398874749999,0.08163729000000301,MP,L1$_2$
mp-21430,YbPb3,Yb,Pb,1.0,3.0,4.827551692421106,-51.61984883,0.0,MP,L1$_2$
mp-1007693,HfOs3,Hf,Os,1.0,3.0,3.973561,-51.19063339249999,0.25909898000000403,MP,L1$_2$
mp-1018054,HfPt3,Hf,Pt,1.0,3.0,4.00245006,-51.0801258825,0.007669869374979,MP,L1$_2$
mp-20503,GdTl3,Gd,Tl,1.0,3.0,4.74773385,-51.027932595,0.0,MP,L1$_2$
mp-1007690,HgPt3,Hg,Pt,1.0,3.0,4.07257,-50.893200736874995,0.102995956250005,MP,L1$_2$
mp-1187199,Ta3Bi,Ta,Bi,3.0,1.0,4.278221,-50.72528748075,0.344155489999998,MP,L1$_2$
mp-510400,GdIr3,Gd,Ir,1.0,3.0,4.05641374,-50.50175071,0.0,MP,L1$_2$
mp-977310,OsAu3,Os,Au,1.0,3.0,4.090436,-50.4960151875,0.6890121375,MP,L1$_2$
mp-1187214,Ta3Pb,Ta,Pb,3.0,1.0,4.26586,-50.176557177,0.338600884999998,MP,L1$_2$
mp-867238,SmPb3,Sm,Pb,1.0,3.0,4.8866422734052275,-50.083560365,0.0,MP,L1$_2$
mp-20939,PrPb3,Pr,Pb,1.0,3.0,4.92583102,-50.0464719075,0.0,MP,L1$_2$
mp-20601,NdPb3,Nd,Pb,1.0,3.0,4.9098076200000005,-50.0392381975,0.0,MP,L1$_2$
mp-1064843,EuTl3,Eu,Tl,1.0,3.0,4.865602460277516,-49.8548122025,0.0,MP,L1$_2$
mp-973055,Hg3Au,Hg,Au,3.0,1.0,4.5137920000000005,-49.52128729114583,0.15170252374999602,MP,L1$_2$
mp-790,LuPt3,Lu,Pt,1.0,3.0,4.04578667,-49.320240915,0.0,MP,L1$_2$
mp-570164,YbTl3,Yb,Tl,1.0,3.0,4.69050518606075,-49.2344920625,0.0,MP,L1$_2$
mp-1185482,Lu3Np,Lu,Np,3.0,1.0,4.83200081,-48.95091229750001,0.365050722812497,MP,L1$_2$
mp-300,YbPt3,Yb,Pt,1.0,3.0,4.056163507215176,-48.932286105,0.0,MP,L1$_2$
mp-817,TmTl3,Tm,Tl,1.0,3.0,4.69516739,-48.894968215,0.0,MP,L1$_2$
mp-1183629,CdBi3,Cd,Bi,1.0,3.0,4.953346,-48.77730203625,0.12565019499999802,MP,L1$_2$
mp-2351,TmPt3,Tm,Pt,1.0,3.0,4.06374824,-48.557938575,0.0,MP,L1$_2$
mp-2013,HoTl3,Ho,Tl,1.0,3.0,4.71117179,-48.3770378625,0.0,MP,L1$_2$
mp-1913,ErPt3,Er,Pt,1.0,3.0,4.07338756,-48.241490325,0.0,MP,L1$_2$
mp-2415,DyTl3,Dy,Tl,1.0,3.0,4.71695516,-48.17397771,0.0,MP,L1$_2$
mp-23159,SrBi3,Sr,Bi,1.0,3.0,5.05221907,-48.1194439475,0.051393767812498006,MP,L1$_2$
mp-1186019,MoPb3,Mo,Pb,1.0,3.0,4.776143,-47.9923394275,0.739506015000003,MP,L1$_2$
mp-1184703,Hf3Pb,Hf,Pb,3.0,1.0,4.45124106,-47.9864988725,0.019860790000002,MP,L1$_2$
mp-195,HoPt3,Ho,Pt,1.0,3.0,4.08447716,-47.961447995,0.0,MP,L1$_2$
mp-20603,CeTl3,Ce,Tl,1.0,3.0,4.80610781,-47.9206055825,0.0,MP,L1$_2$
mp-2465,DyPt3,Dy,Pt,1.0,3.0,4.09425166,-47.7209023225,0.0,MP,L1$_2$
mp-20291,YPb3,Y,Pb,1.0,3.0,4.8624544499999995,-47.65474169,0.015527627499999001,MP,L1$_2$
mp-862970,PmTl3,Pm,Tl,1.0,3.0,4.77538698,-47.648901045,0.0,MP,L1$_2$
mp-2026,PrTl3,Pr,Tl,1.0,3.0,4.81674655,-47.63103788,0.0,MP,L1$_2$
mp-1549,TbPt3,Tb,Pt,1.0,3.0,4.10499822,-47.513297495,0.0,MP,L1$_2$
mp-11318,CePt3,Ce,Pt,1.0,3.0,4.14913182,-47.35819607,0.0,MP,L1$_2$
mp-1185989,MnBi3,Mn,Bi,1.0,3.0,4.851888,-47.152361432112066,0.39517754551724205,MP,L1$_2$
mp-11487,LaPt3,La,Pt,1.0,3.0,4.21443376,-46.954128365,0.14129061907894402,MP,L1$_2$
mp-1996,NdIr3,Nd,Ir,1.0,3.0,4.13379,-46.86828183833334,0.35847677249999704,MP,L1$_2$
mp-976725,Hf3Au,Hf,Au,3.0,1.0,4.350654,-46.725963542500004,0.14295759000000102,MP,L1$_2$
mp-1183974,GaBi3,Ga,Bi,1.0,3.0,4.91774,-46.62016067437499,0.120689488125002,MP,L1$_2$
mp-21162,SrPb3,Sr,Pb,1.0,3.0,5.00469932,-46.4242844625,0.0,MP,L1$_2$
mp-1187486,Tl3Sb,Tl,Sb,3.0,1.0,4.94354825,-46.315111135,0.017860456071417,MP,L1$_2$
mp-866006,CaBi3,Ca,Bi,1.0,3.0,4.972059056118655,-46.02029883,0.06833353750000201,MP,L1$_2$
mp-1186225,NbOs3,Nb,Os,1.0,3.0,3.92105331,-45.99890788,0.039354171527783005,MP,L1$_2$
mp-1100776,ZnBi3,Zn,Bi,1.0,3.0,4.873164,-45.914678545,0.18967741499999802,MP,L1$_2$
mp-1184552,Hf3Ta,Hf,Ta,3.0,1.0,4.406881999999999,-45.863291970666666,0.14822774999999602,MP,L1$_2$
mp-1438,ZrIr3,Zr,Ir,1.0,3.0,3.9596842,-45.7874618725,0.0,MP,L1$_2$
mp-1006115,Ho3Pu,Ho,Pu,3.0,1.0,4.956637,-45.597527019062504,0.6525679550000021,MP,L1$_2$
mp-1184943,KBi3,K,Bi,1.0,3.0,5.072353,-45.53230042625,0.142553596249996,MP,L1$_2$
mp-1184461,Gd3Au,Gd,Au,3.0,1.0,4.802448,-45.48252883250001,0.13317960749999702,MP,L1$_2$
mp-1017542,ZrOs3,Zr,Os,1.0,3.0,3.996587,-45.48158320500001,0.284571726249993,MP,L1$_2$
mp-1187638,Tl3In,Tl,In,3.0,1.0,4.9128728299999995,-45.4758496675,0.05327636250000001,MP,L1$_2$
mp-30858,ZrPt3,Zr,Pt,1.0,3.0,4.02496988,-45.425387065,0.016842564374996,MP,L1$_2$
mp-1183170,AlBi3,Al,Bi,1.0,3.0,4.887314,-45.32780088375,0.231929007499999,MP,L1$_2$
mp-1184771,Ir3Rh,Ir,Rh,3.0,1.0,3.840335849999999,-45.3219121125,0.006866324999997,MP,L1$_2$
mp-13100,MoPt3,Mo,Pt,1.0,3.0,3.979521,-45.28288025249999,0.14886324250000602,MP,L1$_2$
mp-2393,YTl3,Y,Tl,1.0,3.0,4.7308400299999995,-45.2637693725,0.0,MP,L1$_2$
mp-20971,SnPt3,Sn,Pt,1.0,3.0,4.02927876,-45.204039005,0.0,MP,L1$_2$
mp-1187490,Tl3Ag,Tl,Ag,3.0,1.0,4.810103,-45.11600863791666,0.10743908333333901,MP,L1$_2$
mp-979269,Tl3Cd,Tl,Cd,3.0,1.0,4.837151090000911,-44.8392726375,0.071452719999996,MP,L1$_2$
mp-2403,YPt3,Y,Pt,1.0,3.0,4.1003579,-44.7606417825,0.0,MP,L1$_2$
mp-20516,InPt3,In,Pt,1.0,3.0,4.01798329,-44.7003745175,0.0,MP,L1$_2$
mp-1184128,CuPb3,Cu,Pb,1.0,3.0,4.7603539999999995,-44.6708629875,0.254686595000002,MP,L1$_2$
mp-974395,Pt3Rh,Pt,Rh,3.0,1.0,3.9101831755850327,-44.666513225,0.018150764999994,MP,L1$_2$
mp-1186917,SbAu3,Sb,Au,1.0,3.0,4.314705,-44.26395999625,0.12720458843750002,MP,L1$_2$
mp-1206636,SrTl3,Sr,Tl,1.0,3.0,4.94518977,-43.965380115,0.029404816250000004,MP,L1$_2$
mp-30353,AgPt3,Ag,Pt,1.0,3.0,4.006844,-43.92456509833334,0.07138850416666201,MP,L1$_2$
mp-1185202,KPb3,K,Pb,1.0,3.0,5.101371,-43.85154064293586,0.068886191874995,MP,L1$_2$
mp-1187330,Tb3Np,Tb,Np,3.0,1.0,4.942461,-43.77477595250001,0.401102542812495,MP,L1$_2$
mp-973834,PdAu3,Pd,Au,1.0,3.0,4.07108259,-43.77047527,0.004613015000003,MP,L1$_2$
mp-863750,AgAu3,Ag,Au,1.0,3.0,4.12163154,-43.34257413,0.0,MP,L1$_2$
mp-1082,VIr3,V,Ir,1.0,3.0,3.81681618,-43.3339806325,0.015957168749999,MP,L1$_2$
mp-12083,CrIr3,Cr,Ir,1.0,3.0,3.81417244,-43.2963142925,0.0,MP,L1$_2$
mp-20555,NaPb3,Na,Pb,1.0,3.0,4.8973938100000005,-43.2741074525,0.0,MP,L1$_2$
mp-1187495,Tl3Ge,Tl,Ge,3.0,1.0,4.818523,-43.17601349374999,0.176459336250005,MP,L1$_2$
mp-980203,TiOs3,Ti,Os,1.0,3.0,3.887734,-43.16824605749999,0.21976455250000201,MP,L1$_2$
mp-1264,CdAu3,Cd,Au,1.0,3.0,4.16047153,-43.1078333,0.011046036249993,MP,L1$_2$
mp-1183703,CrRe3,Cr,Re,1.0,3.0,3.863547999999999,-42.943196704375,0.133099923750002,MP,L1$_2$
mp-1187482,Tl3V,Tl,V,3.0,1.0,4.655126,-42.8784056375,0.528466729999998,MP,L1$_2$
mp-1100771,TiTl3,Ti,Tl,1.0,3.0,4.600544,-42.8300670825,0.30014214916666704,MP,L1$_2$
mp-12107,TiPt3,Ti,Pt,1.0,3.0,3.92452764,-42.7729185075,0.0048638332142800006,MP,L1$_2$
mp-2515,CrPt3,Cr,Pt,1.0,3.0,3.8959526700000002,-42.726792215,0.0,MP,L1$_2$
mp-1005719,Sm3Np,Sm,Np,3.0,1.0,5.035356,-42.686044541250006,0.36970158156249505,MP,L1$_2$
mp-985300,AcEr3,Ac,Er,1.0,3.0,5.140364,-42.52809074125,0.075355486875004,MP,L1$_2$
mp-1186738,Pr3Np,Pr,Np,3.0,1.0,5.142927,-42.421045619999994,0.387974539062504,MP,L1$_2$
mp-1187519,Tl3Cu,Tl,Cu,3.0,1.0,4.716998,-42.3097831325,0.28639430249999903,MP,L1$_2$
mp-1183186,AsPt3,As,Pt,1.0,3.0,4.013829,-42.2699740884375,0.250463147187502,MP,L1$_2$
mp-1183210,AgHg3,Ag,Hg,1.0,3.0,4.504894,-42.251862691041666,0.11296148708333201,MP,L1$_2$
mp-1187498,Tl3Zn,Tl,Zn,3.0,1.0,4.8009889999999995,-41.97617554125,0.135953544999999,MP,L1$_2$
mp-526,CaTl3,Ca,Tl,1.0,3.0,4.8251418600000004,-41.92368676,0.0,MP,L1$_2$
mp-1206376,MnAu3,Mn,Au,1.0,3.0,4.081319,-41.8070853175,0.086135026250005,MP,L1$_2$
mp-1187496,Tl3Si,Tl,Si,3.0,1.0,4.783735,-41.697111076249996,0.380808507499999,MP,L1$_2$
mp-1183680,CoW3,Co,W,1.0,3.0,3.907351,-41.549367191666676,0.285036375833328,MP,L1$_2$
mp-1185438,Lu3Hg,Lu,Hg,3.0,1.0,4.714644,-41.089523631666665,0.08639078000000201,MP,L1$_2$
mp-1183062,AcDy3,Ac,Dy,1.0,3.0,5.1806112,-41.069441195,0.07628107687499801,MP,L1$_2$
mp-188,AlPt3,Al,Pt,1.0,3.0,3.889931739999999,-41.0380479975,0.013889883124996002,MP,L1$_2$
mp-1206590,CoAu3,Co,Au,1.0,3.0,4.024451,-41.01277380375001,0.23450409124999502,MP,L1$_2$
mp-1184453,Gd3Er,Gd,Er,3.0,1.0,5.14561346,-40.956194565,0.07291820166667401,MP,L1$_2$
mp-976784,NiAu3,Ni,Au,1.0,3.0,4.028168,-40.8452285325,0.088920869999995,MP,L1$_2$
mp-1187526,Tl3B,Tl,B,3.0,1.0,4.641985,-40.72029083166667,1.000776152708333,MP,L1$_2$
mp-973191,LiTl3,Li,Tl,1.0,3.0,4.69762631,-40.5679174775,0.041037442499998,MP,L1$_2$
mp-1184431,Gd3Dy,Gd,Dy,3.0,1.0,5.16460216,-40.46935427,0.07980226749999901,MP,L1$_2$
mp-1183693,CrHg3,Cr,Hg,1.0,3.0,4.439138,-40.432683538125,0.36150695125,MP,L1$_2$
mp-1185994,MnHg3,Mn,Hg,1.0,3.0,4.41785,-40.40227396898707,0.294414591767242,MP,L1$_2$
mp-1184558,Hf3Sn,Hf,Sn,3.0,1.0,4.41221291,-40.3136231425,0.021194234166664,MP,L1$_2$
mp-1185539,CeGd3,Ce,Gd,1.0,3.0,5.029572,-40.17925961625001,0.078651548750002,MP,L1$_2$
mp-985285,CoHg3,Co,Hg,1.0,3.0,4.288468,-39.860236264375004,0.47417640999999805,MP,L1$_2$
mp-1186601,PmGd3,Pm,Gd,1.0,3.0,5.19581107,-39.843104,0.089803090625011,MP,L1$_2$
mp-1186348,NdGd3,Nd,Gd,1.0,3.0,5.2035737300000005,-39.8089589325,0.09329728812500801,MP,L1$_2$
mp-861931,LiPt3,Li,Pt,1.0,3.0,3.85327292,-39.69389888,0.0,MP,L1$_2$
mp-1184578,Ho3Bi,Ho,Bi,3.0,1.0,4.850483,-39.68834072666667,0.128994580208335,MP,L1$_2$
mp-11536,NpRh3,Np,Rh,1.0,3.0,4.01334177,-39.42137035,0.0,MP,L1$_2$
mp-1263,URu3,U,Ru,1.0,3.0,3.971163879999999,-39.4077992525,0.0,MP,L1$_2$
mp-971803,ZnHg3,Zn,Hg,1.0,3.0,4.563231,-39.125410834375,0.128094708749998,MP,L1$_2$
mp-1184564,Hf3Ag,Hf,Ag,3.0,1.0,4.371479,-39.104735915000006,0.18299380749999702,MP,L1$_2$
mp-1184068,Dy3Bi,Dy,Bi,3.0,1.0,4.865561,-39.042123814375,0.11786332583332601,MP,L1$_2$
mp-11248,LiAu3,Li,Au,1.0,3.0,4.02832705,-38.9171240675,0.0,MP,L1$_2$
mp-1184545,HPt3,H,Pt,1.0,3.0,3.817922,-38.9119981915625,0.567567583749998,MP,L1$_2$
mp-1187636,Tm3Hg,Tm,Hg,3.0,1.0,4.743084,-38.87282983583333,0.092455349166669,MP,L1$_2$
mp-1150,URh3,U,Rh,1.0,3.0,3.99671969,-38.7983576,0.0,MP,L1$_2$
mp-1185041,KHg3,K,Hg,1.0,3.0,4.94070216,-38.74201071,0.040811829166656,MP,L1$_2$
mp-2375,NpPd3,Np,Pd,1.0,3.0,4.14004214,-38.7111744975,0.008822396250003,MP,L1$_2$
mp-1185237,LiW3,Li,W,1.0,3.0,3.934214,-38.62781916916667,0.49470321916666604,MP,L1$_2$
mp-1184479,Gd3In,Gd,In,3.0,1.0,4.89018364,-38.573882185,0.0,MP,L1$_2$
mp-973777,Hg3F,Hg,F,3.0,1.0,4.421456,-38.29569702249999,0.16869885625000303,MP,L1$_2$
mp-30825,PaRh3,Pa,Rh,1.0,3.0,4.03072325,-38.2545690025,0.0,MP,L1$_2$
mp-1186137,NaHg3,Na,Hg,1.0,3.0,4.6406287299999995,-38.1108605175,0.018782196249999,MP,L1$_2$
mp-973450,Hg3C,Hg,C,3.0,1.0,4.282168,-37.9897213475,1.522942341875001,MP,L1$_2$
mp-1184154,Er3Hg,Er,Hg,3.0,1.0,4.769467,-37.973705433333336,0.094196477499998,MP,L1$_2$
mp-976599,LiHg3,Li,Hg,1.0,3.0,4.42729552,-37.79389561,0.029448351250003002,MP,L1$_2$
mp-1184547,Hf3Se,Hf,Se,3.0,1.0,4.338481,-37.6378733,0.506448290000001,MP,L1$_2$
mp-1184469,Gd3Y,Gd,Y,3.0,1.0,5.17994368,-37.55477101,0.071383205000003,MP,L1$_2$
mp-435,ThSn3,Th,Sn,1.0,3.0,4.7435484,-37.3505039125,0.018821856249999002,MP,L1$_2$
mp-2509,ThRh3,Th,Rh,1.0,3.0,4.10888851,-37.20409551,0.0,MP,L1$_2$
mp-975256,Ho3Hg,Ho,Hg,3.0,1.0,4.786948,-37.19546909750001,0.09404333499999401,MP,L1$_2$
mp-1184654,Hf3Co,Hf,Co,3.0,1.0,4.24227,-37.0391373759375,0.35017685656249803,MP,L1$_2$
mp-1184570,Hf3Ni,Hf,Ni,3.0,1.0,4.244663,-36.8216807475,0.295653215000001,MP,L1$_2$
mp-867189,Pm3Pb,Pm,Pb,3.0,1.0,4.94401984001122,-36.6537820725,0.0,MP,L1$_2$
mp-1184059,Dy3Hg,Dy,Hg,3.0,1.0,4.8052209999999995,-36.524974645,0.09234721749999801,MP,L1$_2$
mp-861987,PaIn3,Pa,In,1.0,3.0,4.641244907194472,-36.3995507025,0.0,MP,L1$_2$
mp-1184385,Eu3Te,Eu,Te,3.0,1.0,5.155859,-35.997113995,0.24414424249999903,MP,L1$_2$
mp-1187279,Tb3Hg,Tb,Hg,3.0,1.0,4.822497,-35.9647347475,0.08768202499999901,MP,L1$_2$
mp-1184460,Gd3Zn,Gd,Zn,3.0,1.0,4.82099,-34.834855652499996,0.11303004500000201,MP,L1$_2$
mp-976949,Lu3In,Lu,In,3.0,1.0,4.71722398,-34.5183749525,0.016917669583335,MP,L1$_2$
mp-1184417,Gd3Al,Gd,Al,3.0,1.0,4.80770796,-34.4505866775,0.0,MP,L1$_2$
mp-1183775,Ce3Hf,Ce,Hf,3.0,1.0,4.72868,-34.29122424875,0.12710116875000202,MP,L1$_2$
mp-1184295,Eu3Ag,Eu,Ag,3.0,1.0,5.103738,-34.26552993,0.13005665500000402,MP,L1$_2$
mp-1184319,Eu3Zr,Eu,Zr,3.0,1.0,5.234367,-34.2478458625,0.33026414999999704,MP,L1$_2$
mp-978514,SmTm3,Sm,Tm,1.0,3.0,4.98530758,-33.724246612499996,0.049770684999998004,MP,L1$_2$
mp-1185440,Lu3Cd,Lu,Cd,3.0,1.0,4.760901,-33.69197469166667,0.07151996249999801,MP,L1$_2$
mp-1186656,PmTm3,Pm,Tm,1.0,3.0,4.9950040399999995,-33.675012335,0.056163663749998004,MP,L1$_2$
mp-1183398,BaYb3,Ba,Yb,1.0,3.0,5.194377783861243,-33.6678483125,0.3540821725,MP,L1$_2$
mp-973232,NdTm3,Nd,Tm,1.0,3.0,5.01021699,-33.64574567,0.049542793124999006,MP,L1$_2$
mp-978797,Sm3Hf,Sm,Hf,3.0,1.0,4.943366,-33.41264978875,0.17489729874999602,MP,L1$_2$
mp-973024,La3Hf,La,Hf,3.0,1.0,5.045132,-33.398368190000014,0.198070811249998,MP,L1$_2$
mp-1186505,Pm3Hf,Pm,Hf,3.0,1.0,4.972636,-33.25955241249999,0.18376078187500103,MP,L1$_2$
mp-1186670,PuAs3,Pu,As,1.0,3.0,4.31099795,-33.2315835075,0.118909923750003,MP,L1$_2$
mp-1186269,Nd3Hf,Nd,Hf,3.0,1.0,5.000529,-33.1532041175,0.19815646687499802,MP,L1$_2$
mp-975638,Pr3Hf,Pr,Hf,3.0,1.0,5.029516,-33.1279948625,0.212826261249999,MP,L1$_2$
mp-1184575,Ho3Er,Ho,Er,3.0,1.0,4.98579747,-33.0883434175,0.059782880000000004,MP,L1$_2$
mp-1183761,CeEr3,Ce,Er,1.0,3.0,4.96039,-33.08799852875,0.066235036249999,MP,L1$_2$
mp-1187024,Sn3Bi,Sn,Bi,3.0,1.0,4.892745,-33.08674423749999,0.09846203375000301,MP,L1$_2$
mp-980063,YbDy3,Yb,Dy,1.0,3.0,4.9917702975509375,-33.07505222,0.047278244166662,MP,L1$_2$
mp-1187304,Tb3Eu,Tb,Eu,3.0,1.0,5.071621,-32.96418250125,0.08586378999999701,MP,L1$_2$
mp-1187291,Tb3Lu,Tb,Lu,3.0,1.0,5.00818078,-32.8992585025,0.040537155833334004,MP,L1$_2$
mp-1183999,CsYb3,Cs,Yb,1.0,3.0,5.264543723305408,-32.8657138875,0.8084334512499961,MP,L1$_2$
mp-1186551,PmEr3,Pm,Er,1.0,3.0,5.01180227,-32.772828655,0.056400835625005,MP,L1$_2$
mp-1186300,NdEr3,Nd,Er,1.0,3.0,5.02770393,-32.7413676025,0.057211018125002004,MP,L1$_2$
mp-976147,PrEr3,Pr,Er,1.0,3.0,5.04441968117049,-32.7327210775,0.06234438958333,MP,L1$_2$
mp-1187915,Yb3Ag,Yb,Ag,3.0,1.0,4.66015071270447,-32.7254241725,0.19486017999999902,MP,L1$_2$
mp-1184064,Dy3Tm,Dy,Tm,3.0,1.0,4.99704086,-32.7197319775,0.046882513750006,MP,L1$_2$
mp-1183788,DyHo3,Dy,Ho,1.0,3.0,4.9994084,-32.6084845425,0.055325344999999006,MP,L1$_2$
mp-1187168,SrEu3,Sr,Eu,1.0,3.0,5.74443281,-32.604485185,0.07259211874999401,MP,L1$_2$
mp-1187925,Yb3Cd,Yb,Cd,3.0,1.0,4.742764582060463,-32.54290357,0.069614907500003,MP,L1$_2$
mp-1187338,TbHo3,Tb,Ho,1.0,3.0,5.00476522,-32.4218209725,0.051742497500001004,MP,L1$_2$
mp-1184100,Dy3Er,Dy,Er,3.0,1.0,5.00359664,-32.4186028775,0.049108332916667004,MP,L1$_2$
mp-1187699,Tm3In,Tm,In,3.0,1.0,4.7579436,-32.31418502,0.014337195000003002,MP,L1$_2$
mp-1183834,CeHo3,Ce,Ho,1.0,3.0,5.022379,-32.30270114,0.06846398625000201,MP,L1$_2$
mp-1183183,AcY3,Ac,Y,1.0,3.0,5.2396471,-32.2995014425,0.095069130624992,MP,L1$_2$
mp-1184329,Eu3Cr,Eu,Cr,3.0,1.0,5.205813,-32.21603246375,0.44296517,MP,L1$_2$
mp-1187306,Tb3Tm,Tb,Tm,3.0,1.0,5.01690989,-32.1595319825,0.040555702500000006,MP,L1$_2$
mp-1187737,YbCe3,Yb,Ce,1.0,3.0,4.948670235907317,-32.15265262,0.11016364625000101,MP,L1$_2$
mp-1186587,PmHo3,Pm,Ho,1.0,3.0,5.03332709,-32.0023455575,0.043815494375003004,MP,L1$_2$
mp-978094,NdHo3,Nd,Ho,1.0,3.0,5.0515786570578385,-31.96962803,0.045882151875002004,MP,L1$_2$
mp-981546,PrHo3,Pr,Ho,1.0,3.0,5.058704850759656,-31.95945094,0.052546088333333005,MP,L1$_2$
mp-1187053,Sm3Eu,Sm,Eu,3.0,1.0,5.128426,-31.8626481825,0.06726573625,MP,L1$_2$
mp-1187281,Tb3Er,Tb,Er,3.0,1.0,5.0229958,-31.858207665,0.042976739166665,MP,L1$_2$
mp-1184332,Eu3Ti,Eu,Ti,3.0,1.0,5.167305,-31.74378063041667,0.381320659166664,MP,L1$_2$
mp-1186278,Nd3Eu,Nd,Eu,3.0,1.0,5.26660533,-31.61139531,0.08233210562500301,MP,L1$_2$
mp-20849,Pd3Pb,Pd,Pb,3.0,1.0,4.07925891,-31.594734065,0.0,MP,L1$_2$
mp-1186275,Nd3Lu,Nd,Lu,3.0,1.0,5.12666892,-31.5552117375,0.029125656250005003,MP,L1$_2$
mp-977212,NpMn3,Np,Mn,1.0,3.0,3.7226150000000002,-31.54139613508621,0.22715775436422,MP,L1$_2$
mp-1184488,In3Bi,In,Bi,3.0,1.0,4.8507611,-31.5152750225,0.0800298925,MP,L1$_2$
mp-1064000,Cs3Pt,Cs,Pt,3.0,1.0,5.777653,-31.514408535948277,0.236622374051727,MP,L1$_2$
mp-2912452,Rb3Pu,Rb,Pu,3.0,1.0,6.646822464219626,-31.457784815,0.579448219374999,MP,L1$_2$
mp-867816,TaRu3,Ta,Ru,1.0,3.0,3.8775377700113274,-31.4207273,0.056707089166664004,MP,L1$_2$
mp-20365,NpGe3,Np,Ge,1.0,3.0,4.24441972,-31.4182884725,0.0,MP,L1$_2$
mp-1184156,Er3In,Er,In,3.0,1.0,4.77974619,-31.4160641525,0.017236492916666003,MP,L1$_2$
mp-1186552,PmDy3,Pm,Dy,1.0,3.0,5.05363758,-31.33337831,0.038127224375003,MP,L1$_2$
mp-975388,NdDy3,Nd,Dy,1.0,3.0,5.065442564065929,-31.3012021525,0.039652511875001004,MP,L1$_2$
mp-976138,PrDy3,Pr,Dy,1.0,3.0,5.07739571,-31.29122377,0.046117740833338,MP,L1$_2$
mp-980001,YbPr3,Yb,Pr,1.0,3.0,5.169693730800617,-31.156899315,0.028412657500002002,MP,L1$_2$
mp-1185426,Lu3Si,Lu,Si,3.0,1.0,4.541419,-31.04817383194445,0.228497500833331,MP,L1$_2$
mp-1183737,Ce3Dy,Ce,Dy,3.0,1.0,4.863452,-31.026856585000004,0.09906579124999801,MP,L1$_2$
mp-1187970,Yb3Cr,Yb,Cr,3.0,1.0,4.694708590161422,-30.98532406,0.180045626249995,MP,L1$_2$
mp-1186774,SrYb3,Sr,Yb,1.0,3.0,5.168657856193621,-30.900686105,0.282763251249999,MP,L1$_2$
mp-1020,TaRh3,Ta,Rh,1.0,3.0,3.86978351,-30.88891147,0.0,MP,L1$_2$
mp-972539,Sm3Er,Sm,Er,3.0,1.0,5.092112570053503,-30.7446031725,0.036448859166668006,MP,L1$_2$
mp-569785,TlPd3,Tl,Pd,1.0,3.0,4.06539534,-30.7165175375,0.035740123749999006,MP,L1$_2$
mp-979945,Yb3V,Yb,V,3.0,1.0,4.737046734859317,-30.682286665,0.23714135624999902,MP,L1$_2$
mp-1186120,NpCo3,Np,Co,1.0,3.0,3.76011831,-30.6717495575,0.06966032499999701,MP,L1$_2$
mp-1007657,HfRu3,Hf,Ru,1.0,3.0,3.955772999999999,-30.617290687499995,0.19013370250000203,MP,L1$_2$
mp-1187232,Sr3U,Sr,U,3.0,1.0,5.619066,-30.57224408625,0.7725108724999991,MP,L1$_2$
mp-977585,Zr3Tl,Zr,Tl,3.0,1.0,4.47389973,-30.5156798525,0.0,MP,L1$_2$
mp-978949,Sm3Ho,Sm,Ho,3.0,1.0,5.099058110313513,-30.4855860075,0.035891361250001,MP,L1$_2$
mp-979963,Yb3Ti,Yb,Ti,3.0,1.0,4.749492369884229,-30.475119475,0.15635386708333202,MP,L1$_2$
mp-1185604,LaCe3,La,Ce,1.0,3.0,4.7826167,-30.468820795,0.097845826250001,MP,L1$_2$
mp-1185427,Lu3Al,Lu,Al,3.0,1.0,4.62654991,-30.465055115,0.014231470000002001,MP,L1$_2$
mp-1183767,Ce3Pm,Ce,Pm,3.0,1.0,4.833881,-30.41340718875,0.10221749687499901,MP,L1$_2$
mp-972502,Sm3Dy,Sm,Dy,3.0,1.0,5.141266451988548,-30.2922527375,0.002891308750001,MP,L1$_2$
mp-1187735,Y3Bi,Y,Bi,3.0,1.0,4.892505,-30.272802712430554,0.148718935069446,MP,L1$_2$
mp-981545,Ho3Zr,Ho,Zr,3.0,1.0,4.851889,-30.263905772500003,0.08455013999999701,MP,L1$_2$
mp-1186363,NpTi3,Np,Ti,1.0,3.0,4.178689,-30.228706937500004,0.23066370531249802,MP,L1$_2$
mp-1183916,CsHo3,Cs,Ho,1.0,3.0,5.299436,-30.20776540823276,0.730355778017241,MP,L1$_2$
mp-1027,HfRh3,Hf,Rh,1.0,3.0,3.9142167,-30.1944009725,0.0,MP,L1$_2$
mp-1185081,KEu3,K,Eu,1.0,3.0,5.88504,-30.193696778562497,0.201531241749999,MP,L1$_2$
mp-979936,RbYb3,Rb,Yb,1.0,3.0,5.238182504997417,-30.158586005,0.7211634159374961,MP,L1$_2$
mp-1187968,Yb3Cu,Yb,Cu,3.0,1.0,4.563807955571022,-29.9820587875,0.28451448562499504,MP,L1$_2$
mp-20786,Dy3In,Dy,In,3.0,1.0,4.82695394,-29.9820269875,0.010385917500002001,MP,L1$_2$
mp-1187909,Yb3P,Yb,P,3.0,1.0,4.447260554691023,-29.977215895,0.47536624406249905,MP,L1$_2$
mp-1006246,CeSm3,Ce,Sm,1.0,3.0,5.075379,-29.9319196475,0.077930782500001,MP,L1$_2$
mp-1187173,Sr3Pa,Sr,Pa,3.0,1.0,5.641537,-29.85265659,0.7205937575000011,MP,L1$_2$
mp-19919,GdSn3,Gd,Sn,1.0,3.0,4.71034706,-29.830896695,0.038406336249998,MP,L1$_2$
mp-1183755,CeNd3,Ce,Nd,1.0,3.0,5.140026,-29.69073030125,0.082933625625003,MP,L1$_2$
mp-1183736,CePr3,Ce,Pr,1.0,3.0,5.213929,-29.677189696250004,0.08593476999999701,MP,L1$_2$
mp-980082,YHo3,Y,Ho,1.0,3.0,5.0221568861409365,-29.6760142425,0.065197077500002,MP,L1$_2$
mp-1186640,PmSm3,Pm,Sm,1.0,3.0,5.14031211,-29.6565630425,0.028283313124997003,MP,L1$_2$
mp-983604,Er3As,Er,As,3.0,1.0,4.599991,-29.639842378333334,0.371840984999998,MP,L1$_2$
mp-1186323,NdSm3,Nd,Sm,1.0,3.0,5.15155301,-29.626522555,0.027672930624998003,MP,L1$_2$
mp-975797,PrSm3,Pr,Sm,1.0,3.0,5.16512696,-29.619370055,0.031312277083333,MP,L1$_2$
mp-1183805,Dy3Zr,Dy,Zr,3.0,1.0,4.869218,-29.5807275425,0.09307285250000001,MP,L1$_2$
mp-1185074,LaNd3,La,Nd,1.0,3.0,5.23800806,-29.47602363,0.023678158125001,MP,L1$_2$
mp-1185044,LaPr3,La,Pr,1.0,3.0,5.27145068,-29.457079465,0.032082862500001,MP,L1$_2$
mp-1186243,PmNd3,Pm,Nd,1.0,3.0,5.19951188,-29.4246740775,0.023985774999999,MP,L1$_2$
mp-1007656,HfPd3,Hf,Pd,1.0,3.0,3.97857125,-29.389907245,0.014758419999946001,MP,L1$_2$
mp-864655,PaCo3,Pa,Co,1.0,3.0,3.78351721000028,-29.302208512500002,0.0,MP,L1$_2$
mp-20984,Ce3In,Ce,In,3.0,1.0,4.9004091899999995,-29.1187361225,0.0,MP,L1$_2$
mp-1681,La3Sn,La,Sn,3.0,1.0,5.03858216,-29.05152556,0.0035693758333330003,MP,L1$_2$
mp-1188024,Zr3Ta,Zr,Ta,3.0,1.0,4.44631563,-29.0252194675,0.185082639416663,MP,L1$_2$
mp-971958,Tm3P,Tm,P,3.0,1.0,4.499666,-29.024324145833333,0.48908141416666506,MP,L1$_2$
mp-979419,Dy3Y,Dy,Y,3.0,1.0,5.040027200000226,-29.00683136,0.057982719583336007,MP,L1$_2$
mp-1183558,CaYb3,Ca,Yb,1.0,3.0,5.071639778915228,-28.9831457725,0.17346174124999703,MP,L1$_2$
mp-20214,UGa3,U,Ga,1.0,3.0,4.26868079,-28.954788755,0.0,MP,L1$_2$
mp-21427,GdPd3,Gd,Pd,1.0,3.0,4.11953915,-28.9180705475,0.0,MP,L1$_2$
mp-867164,Pm3Sn,Pm,Sn,3.0,1.0,4.90953212368229,-28.85888808,0.0,MP,L1$_2$
mp-20387,EuSn3,Eu,Sn,1.0,3.0,4.76442906,-28.6449375925,0.0,MP,L1$_2$
mp-1184165,Er3Ga,Er,Ga,3.0,1.0,4.672864,-28.6054872175,0.10038908328125001,MP,L1$_2$
mp-1187314,Tb3Y,Tb,Y,3.0,1.0,5.05923474,-28.44600718,0.05221867250000001,MP,L1$_2$
mp-979956,Yb3Mg,Yb,Mg,3.0,1.0,4.822697056046765,-28.4109225325,0.07489956625000001,MP,L1$_2$
mp-20909,La3In,La,In,3.0,1.0,5.0922784,-28.337934925,0.0,MP,L1$_2$
mp-21202,Sm3In,Sm,In,3.0,1.0,4.92785002,-28.315906105,0.0,MP,L1$_2$
mp-865802,LuRh3,Lu,Rh,1.0,3.0,3.9650849336959366,-28.2675707025,0.0,MP,L1$_2$
mp-978802,Sm3Pd,Sm,Pd,3.0,1.0,4.791424,-28.2038307775,0.27815404875000005,MP,L1$_2$
mp-861982,PaGa3,Pa,Ga,1.0,3.0,4.272575200009712,-28.18012843,0.005984425000001001,MP,L1$_2$
mp-1183626,Cd3Ir,Cd,Ir,3.0,1.0,4.216704,-28.113878984817074,0.143470591341461,MP,L1$_2$
mp-21483,Nd3In,Nd,In,3.0,1.0,4.99280382,-28.080861645,0.0,MP,L1$_2$
mp-19764,Pr3In,Pr,In,3.0,1.0,5.0344244400000004,-28.05680186,0.0,MP,L1$_2$
mp-1183932,CsLa3,Cs,La,1.0,3.0,5.492868,-28.05529799698276,0.5304004067672421,MP,L1$_2$
mp-2751,YbSn3,Yb,Sn,1.0,3.0,4.659319761910695,-28.017679105,0.0,MP,L1$_2$
mp-1185011,La3Zr,La,Zr,3.0,1.0,5.07267374,-27.8309672775,0.165065852499999,MP,L1$_2$
mp-1158,LuPd3,Lu,Pd,1.0,3.0,4.04353158,-27.704613355,0.0,MP,L1$_2$
mp-1184993,La3Ag,La,Ag,3.0,1.0,5.019502,-27.663883102499998,0.12241522500000102,MP,L1$_2$
mp-1183738,CeSb3,Ce,Sb,1.0,3.0,4.77358368,-27.57234572,0.130502804374998,MP,L1$_2$
mp-20425,NpSi3,Np,Si,1.0,3.0,4.01534643,-27.567250105,0.132089682500001,MP,L1$_2$
mp-636279,EuPd3,Eu,Pd,1.0,3.0,4.166150490692144,-27.39558589,0.017754212500001,MP,L1$_2$
mp-2391,YbPd3,Yb,Pd,1.0,3.0,4.04982880693734,-27.318176125,0.0,MP,L1$_2$
mp-975802,PrSb3,Pr,Sb,1.0,3.0,4.84798,-27.27356862,0.071254642500001,MP,L1$_2$
mp-982880,Pm3Y,Pm,Y,3.0,1.0,5.152141230014097,-27.19141733,0.042442256874998,MP,L1$_2$
mp-984713,Dy3Ga,Dy,Ga,3.0,1.0,4.720686,-27.154459295937503,0.095111769843747,MP,L1$_2$
mp-1186734,Pr3Y,Pr,Y,3.0,1.0,5.21846549,-27.086098915,0.045268601250000005,MP,L1$_2$
mp-10907,PuAl3,Pu,Al,1.0,3.0,4.26078837,-26.99973379,0.045441950624997,MP,L1$_2$
mp-982,TmPd3,Tm,Pd,1.0,3.0,4.05901324,-26.9543678175,0.0,MP,L1$_2$
mp-2825,ErPd3,Er,Pd,1.0,3.0,4.06866282,-26.646099805,0.0,MP,L1$_2$
mp-1187224,SrCe3,Sr,Ce,1.0,3.0,5.067023,-26.54777870541667,0.36910813208333304,MP,L1$_2$
mp-20469,YbIn3,Yb,In,1.0,3.0,4.579952741641019,-26.529291335,0.0,MP,L1$_2$
mp-1518,CeRh3,Ce,Rh,1.0,3.0,4.03664664,-26.4695328975,0.0,MP,L1$_2$
mp-1979,HoPd3,Ho,Pd,1.0,3.0,4.0791001,-26.374932475,0.0,MP,L1$_2$
mp-19920,Ce3Ga,Ce,Ga,3.0,1.0,4.69516669,-26.32809635,0.0,MP,L1$_2$
mp-1187305,Tb3Sc,Tb,Sc,3.0,1.0,4.94020091,-26.2082594525,0.06118799875000001,MP,L1$_2$
mp-1183711,Ce3Ti,Ce,Ti,3.0,1.0,4.632102,-26.196349887916668,0.168560935416667,MP,L1$_2$
mp-797,DyPd3,Dy,Pd,1.0,3.0,4.08903384,-26.1423224125,0.0,MP,L1$_2$
mp-862731,Pm3Ge,Pm,Ge,3.0,1.0,4.76111703,-26.0228363675,0.0,MP,L1$_2$
mp-2747,TbPd3,Tb,Pd,1.0,3.0,4.09957686,-25.94343983,0.0,MP,L1$_2$
mp-1186773,SrSm3,Sr,Sm,1.0,3.0,5.272202,-25.918032560416666,0.168075947083334,MP,L1$_2$
mp-862959,PmRh3,Pm,Rh,1.0,3.0,4.071517220014176,-25.89747377,0.14726968749999902,MP,L1$_2$
mp-1184060,Dy3Al,Dy,Al,3.0,1.0,4.73729622,-25.8941770775,0.033405418125003,MP,L1$_2$
mp-1187395,Tc3Mo,Tc,Mo,3.0,1.0,3.914319,-25.87454897875,0.11694241874999901,MP,L1$_2$
mp-1187302,Tb3S,Tb,S,3.0,1.0,4.608296,-25.833739137500004,0.7303217899999971,MP,L1$_2$
mp-2092,CePd3,Ce,Pd,1.0,3.0,4.13870757,-25.75174171,0.0,MP,L1$_2$
mp-1187207,SrPr3,Sr,Pr,1.0,3.0,5.362739,-25.71052768666667,0.128854857083332,MP,L1$_2$
mp-1187315,Tb3Zn,Tb,Zn,3.0,1.0,4.754154,-25.7081114,0.131966537499998,MP,L1$_2$
mp-1006330,Ce3Cu,Ce,Cu,3.0,1.0,4.586055,-25.671073272500003,0.212658964374998,MP,L1$_2$
mp-674,LaPd3,La,Pd,1.0,3.0,4.20266203,-25.48138876,0.0,MP,L1$_2$
mp-20487,La3Ga,La,Ga,3.0,1.0,4.93068257,-25.4724805675,0.071833317916667,MP,L1$_2$
mp-20366,Sm3Ga,Sm,Ga,3.0,1.0,4.805937,-25.461154921718748,0.07426452031250001,MP,L1$_2$
mp-862954,PmPd3,Pm,Pd,1.0,3.0,4.15233055,-25.446404765,0.0,MP,L1$_2$
mp-11517,NbRu3,Nb,Ru,1.0,3.0,3.88510929,-25.37737399,0.038549347500001004,MP,L1$_2$
mp-11226,Tb3Al,Tb,Al,3.0,1.0,4.76091752,-25.331821465,0.028561403750000002,MP,L1$_2$
mp-1186501,Pm3Ga,Pm,Ga,3.0,1.0,4.80425174,-25.31560426,0.0,MP,L1$_2$
mp-1723,UAl3,U,Al,1.0,3.0,4.27986327,-25.299551655,0.0,MP,L1$_2$
mp-20920,TbIn3,Tb,In,1.0,3.0,4.62079616,-25.27876475,0.0,MP,L1$_2$
mp-976319,NaHo3,Na,Ho,1.0,3.0,5.005563,-25.224969702887932,0.32708337586207004,MP,L1$_2$
mp-569382,Nd3Ga,Nd,Ga,3.0,1.0,4.8431115,-25.2177408325,0.065914542968751,MP,L1$_2$
mp-11406,Pr3Ga,Pr,Ga,3.0,1.0,4.88166238,-25.18056708,0.08324435048611101,MP,L1$_2$
mp-1186014,Mo3Pd,Mo,Pd,3.0,1.0,3.969295,-25.17529786625,0.148066666250002,MP,L1$_2$
mp-1186532,Pm3Ti,Pm,Ti,3.0,1.0,4.898838,-25.14985267666667,0.240045923541664,MP,L1$_2$
mp-973732,LiHo3,Li,Ho,1.0,3.0,4.861069,-25.057483390416667,0.200201149166666,MP,L1$_2$
mp-1183549,CaTb3,Ca,Tb,1.0,3.0,5.109847,-25.050483897499998,0.12891514,MP,L1$_2$
mp-2413,Ce3Al,Ce,Al,3.0,1.0,4.73405104,-25.048932745,0.0,MP,L1$_2$
mp-1186282,Nd3Ti,Nd,Ti,3.0,1.0,4.931576,-25.04475268916667,0.25319330104166504,MP,L1$_2$
mp-1186733,Pr3Ti,Pr,Ti,3.0,1.0,4.9699,-25.02041300666667,0.266993522916667,MP,L1$_2$
mp-1183784,Ce3Cl,Ce,Cl,3.0,1.0,4.487672,-25.015674589583334,0.508607490833334,MP,L1$_2$
mp-1017544,ZrRu3,Zr,Ru,1.0,3.0,3.975697,-24.947117122499996,0.178166965000002,MP,L1$_2$
mp-30360,TmAg3,Tm,Ag,1.0,3.0,4.365734,-24.933080690416666,0.126631385833334,MP,L1$_2$
mp-1187037,Sn3Sb,Sn,Sb,3.0,1.0,4.822632,-24.90540464,0.08081212749999901,MP,L1$_2$
mp-862920,PmIn3,Pm,In,1.0,3.0,4.677134120364843,-24.897778725,0.0,MP,L1$_2$
mp-975511,InSb3,In,Sb,1.0,3.0,4.806367,-24.893200659999998,0.15019457000000302,MP,L1$_2$
mp-1187067,Sn3Te,Sn,Te,3.0,1.0,4.865622,-24.811175637499996,0.23529321500000203,MP,L1$_2$
mp-973342,SbRh3,Sb,Rh,1.0,3.0,3.92885324,-24.8047940575,0.005245416250001,MP,L1$_2$
mp-867165,Pm3Si,Pm,Si,3.0,1.0,4.73925754,-24.650068435,0.0,MP,L1$_2$
mp-1184975,La3Zn,La,Zn,3.0,1.0,4.963663,-24.601530592499998,0.0973784225,MP,L1$_2$
mp-229,ZrRh3,Zr,Rh,1.0,3.0,3.93410666,-24.5328032075,0.0,MP,L1$_2$
mp-974335,RuRh3,Ru,Rh,1.0,3.0,3.799530710000274,-24.4239551925,0.034719832083336004,MP,L1$_2$
mp-974060,LiDy3,Li,Dy,1.0,3.0,4.87993,-24.38830610791667,0.194722914166664,MP,L1$_2$
mp-10889,La3Al,La,Al,3.0,1.0,4.97745203,-24.2089676875,0.040546290000001005,MP,L1$_2$
mp-11222,Sm3Al,Sm,Al,3.0,1.0,4.848246,-24.1910053084375,0.029456104062500002,MP,L1$_2$
mp-1185003,La3Cl,La,Cl,3.0,1.0,4.897745,-24.16411035775,0.58451403375,MP,L1$_2$
mp-1187103,Sr3Au,Sr,Au,3.0,1.0,5.362253,-24.133347609444442,0.30319936513889,MP,L1$_2$
mp-1094904,Ce3Mg,Ce,Mg,3.0,1.0,4.814688,-24.087979860833336,0.103013718333333,MP,L1$_2$
mp-1186489,Pm3Al,Pm,Al,3.0,1.0,4.85669985,-24.0449443275,0.032201197499997,MP,L1$_2$
mp-1184776,InSn3,In,Sn,1.0,3.0,4.77199191,-24.0224998475,0.18178558249999802,MP,L1$_2$
mp-1186928,SbPd3,Sb,Pd,1.0,3.0,4.02651189,-23.990543775,0.075649527857144,MP,L1$_2$
mp-976358,Nd3Al,Nd,Al,3.0,1.0,4.88129481,-23.9522899725,0.023285550000000002,MP,L1$_2$
mp-2093,Pr3Al,Pr,Al,3.0,1.0,4.92749911,-23.9237330775,0.032819397916668006,MP,L1$_2$
mp-1185051,KCe3,K,Ce,1.0,3.0,5.1090160000000004,-23.918930203562496,0.7161073505000031,MP,L1$_2$
mp-718,SnPd3,Sn,Pd,1.0,3.0,4.00703442,-23.89979332,0.0,MP,L1$_2$
mp-1185429,LiTb3,Li,Tb,1.0,3.0,4.892861,-23.828376129166664,0.18812608666666703,MP,L1$_2$
mp-972987,Mn3Tl,Mn,Tl,3.0,1.0,4.02246,-23.81954669091954,0.48778046071839004,MP,L1$_2$
mp-1017543,ZrPd3,Zr,Pd,1.0,3.0,4.00019122,-23.734184805,0.025105371249999002,MP,L1$_2$
mp-1186164,NaCe3,Na,Ce,1.0,3.0,4.942165,-23.592840702887933,0.42867600961206803,MP,L1$_2$
mp-1185343,LiCe3,Li,Ce,1.0,3.0,4.73787,-23.462316505416666,0.264831667916666,MP,L1$_2$
mp-976799,Ni3Bi,Ni,Bi,3.0,1.0,3.822007,-23.438415939531247,0.17344036671875002,MP,L1$_2$
mp-1185005,KLa3,K,La,1.0,3.0,5.456387,-23.3719439948125,0.441207142999999,MP,L1$_2$
mp-1185213,K3U,K,U,3.0,1.0,6.127288,-23.3444989981875,1.154708110249998,MP,L1$_2$
mp-31337,InPd3,In,Pd,1.0,3.0,4.00151542,-23.325552585,0.031658931249999,MP,L1$_2$
mp-570698,V3Au,V,Au,3.0,1.0,3.878429,-23.201031657500003,0.10079660749999701,MP,L1$_2$
mp-559,YPd3,Y,Pd,1.0,3.0,4.09992176,-23.1804173275,0.0,MP,L1$_2$
mp-1184963,KPm3,K,Pm,1.0,3.0,5.340834,-23.178957664812497,0.481067666124999,MP,L1$_2$
mp-974827,KPr3,K,Pr,1.0,3.0,5.41785,-23.1166452398125,0.44088802050000103,MP,L1$_2$
mp-20695,Zr3In,Zr,In,3.0,1.0,4.46693116,-23.011226055,0.0,MP,L1$_2$
mp-1183698,Co3Ir,Co,Ir,3.0,1.0,3.582561,-22.964657366249998,0.050854343749999004,MP,L1$_2$
mp-975994,NaLa3,Na,La,1.0,3.0,5.256287,-22.964211996637935,0.235418299612067,MP,L1$_2$
mp-976830,Ni3Pb,Ni,Pb,3.0,1.0,3.808506,-22.91890244,0.13866895749999802,MP,L1$_2$
mp-984700,CeY3,Ce,Y,1.0,3.0,5.058812,-22.870095113749997,0.075262796250001,MP,L1$_2$
mp-1186173,NaPm3,Na,Pm,1.0,3.0,5.14635,-22.78443039663793,0.262074092737069,MP,L1$_2$
mp-976424,LiLa3,Li,La,1.0,3.0,5.116069,-22.757533931666668,0.14772782541666601,MP,L1$_2$
mp-1185451,LiSm3,Li,Sm,1.0,3.0,4.960113,-22.733115237916664,0.163254605416668,MP,L1$_2$
mp-1186169,NaPr3,Na,Pr,1.0,3.0,5.205635,-22.710777104137936,0.233235314612066,MP,L1$_2$
mp-976903,NaNd3,Na,Nd,1.0,3.0,5.180249,-22.707209419137932,0.24734246023707102,MP,L1$_2$
mp-1186760,SrSn3,Sr,Sn,1.0,3.0,4.8451645,-22.700657495,0.056590986666662006,MP,L1$_2$
mp-11260,Ti3Au,Ti,Au,3.0,1.0,4.075523,-22.61240855,0.12363305124999902,MP,L1$_2$
mp-1185395,LiPm3,Li,Pm,1.0,3.0,4.9989419999999996,-22.596461894166662,0.155674056041668,MP,L1$_2$
mp-978823,SmY3,Sm,Y,1.0,3.0,5.110425810000114,-22.59494441,0.073487389999996,MP,L1$_2$
mp-1185037,LaY3,La,Y,1.0,3.0,5.17180131,-22.59387876,0.077517011249998,MP,L1$_2$
mp-1184361,Ga3Pb,Ga,Pb,3.0,1.0,4.526369,-22.559719740625,0.093645749374999,MP,L1$_2$
mp-998947,TiRu3,Ti,Ru,1.0,3.0,3.859584,-22.549470735,0.1732398575,MP,L1$_2$
mp-20131,YIn3,Y,In,1.0,3.0,4.62564492,-22.534827565,0.0,MP,L1$_2$
mp-974865,NdY3,Nd,Y,1.0,3.0,5.13171666,-22.517697635,0.072005330624996,MP,L1$_2$
mp-1185406,LiPr3,Li,Pr,1.0,3.0,5.069571,-22.50792427416667,0.141719605416664,MP,L1$_2$
mp-1184571,HgGe3,Hg,Ge,1.0,3.0,4.39551,-22.403630360624998,0.342304455,MP,L1$_2$
mp-30362,Zr3Ag,Zr,Ag,3.0,1.0,4.416495,-22.37941027375,0.103781989999998,MP,L1$_2$
mp-1188029,Zr3Cd,Zr,Cd,3.0,1.0,4.45517347,-22.1707983775,0.019827343749998002,MP,L1$_2$
mp-2560,Ti3Hg,Ti,Hg,3.0,1.0,4.139949,-22.102944145000002,0.070988241249999,MP,L1$_2$
mp-1187043,Sn3Se,Sn,Se,3.0,1.0,4.741879,-22.093178409999997,0.27112263687500204,MP,L1$_2$
mp-1185,VRh3,V,Rh,1.0,3.0,3.77976254,-22.0316925225,0.008832503749999,MP,L1$_2$
mp-12585,CrRh3,Cr,Rh,1.0,3.0,3.79056417,-22.017710365,0.0,MP,L1$_2$
mp-1185177,K3Th,K,Th,3.0,1.0,6.018195,-21.9188526194375,0.963660870249999,MP,L1$_2$
mp-999446,Nb3Cr,Nb,Cr,3.0,1.0,4.136382,-21.918781655000004,0.40010992999999906,MP,L1$_2$
mp-1187023,Sn3Ge,Sn,Ge,3.0,1.0,4.685681,-21.8701091275,0.1575231025,MP,L1$_2$
mp-985297,Ag3Rh,Ag,Rh,3.0,1.0,4.076067,-21.829316273750003,0.22164874250000102,MP,L1$_2$
mp-1187250,TaTi3,Ta,Ti,1.0,3.0,4.133054,-21.756308725666667,0.09496721249999801,MP,L1$_2$
mp-30343,InAg3,In,Ag,1.0,3.0,4.1870447,-21.7122204275,0.001366337548077,MP,L1$_2$
mp-977997,ZnMo3,Zn,Mo,1.0,3.0,3.943154,-21.604394540833333,0.187306046666666,MP,L1$_2$
mp-1183704,CoRh3,Co,Rh,1.0,3.0,3.766397999999999,-21.345245461250002,0.06548379374999701,MP,L1$_2$
mp-12086,Cu3Pt,Cu,Pt,3.0,1.0,3.68309189,-21.16740301,0.0,MP,L1$_2$
mp-1186967,Sc3Hg,Sc,Hg,3.0,1.0,4.46465973,-21.140572345,0.021109168750001003,MP,L1$_2$
mp-11309,NbCd3,Nb,Cd,1.0,3.0,4.319767,-21.117388365,0.14487106500000002,MP,L1$_2$
mp-865786,CrPd3,Cr,Pd,1.0,3.0,3.89097501,-21.1158674075,0.0,MP,L1$_2$
mp-973884,Ni3Hg,Ni,Hg,3.0,1.0,3.744911,-21.107020996875,0.22121850374999802,MP,L1$_2$
mp-636328,TiPd3,Ti,Pd,1.0,3.0,3.897710450014267,-21.104244075,0.004809819374997,MP,L1$_2$
mp-1183627,CdAg3,Cd,Ag,1.0,3.0,4.15941889,-21.0820391475,0.007372807499997001,MP,L1$_2$
mp-568711,VPd3,V,Pd,1.0,3.0,3.8798502,-21.0090882,0.0,MP,L1$_2$
mp-1004,Nb3Si,Nb,Si,3.0,1.0,4.083869,-21.00657041,0.219570350416667,MP,L1$_2$
mp-2677,ScPd3,Sc,Pd,1.0,3.0,3.97964867,-20.93176475,0.0,MP,L1$_2$
mp-1184883,In3Se,In,Se,3.0,1.0,4.803758,-20.69811823,0.152077868750001,MP,L1$_2$
mp-12661,Cd3In,Cd,In,3.0,1.0,4.49660846,-20.68165489,0.041733472500002006,MP,L1$_2$
mp-973466,In3As,In,As,3.0,1.0,4.6716809999999995,-20.6043797825,0.20070065250000002,MP,L1$_2$
mp-1187908,YbAs3,Yb,As,1.0,3.0,4.305011238189526,-20.599795825,0.445777698749999,MP,L1$_2$
mp-1183687,CoPd3,Co,Pd,1.0,3.0,3.85037277,-20.527257115,0.0016408749999990001,MP,L1$_2$
mp-1184209,GaPd3,Ga,Pd,1.0,3.0,3.88841288,-20.52328779,0.056885341499999006,MP,L1$_2$
mp-1187034,Sn3P,Sn,P,3.0,1.0,4.640921,-20.51632069916667,0.29611769458333004,MP,L1$_2$
mp-978494,SiSn3,Si,Sn,1.0,3.0,4.649622,-20.431849525,0.32122945875000003,MP,L1$_2$
mp-1188008,Zr3Ga,Zr,Ga,3.0,1.0,4.34283198,-20.283497755,0.043778628749997,MP,L1$_2$
mp-20539,ScIn3,Sc,In,1.0,3.0,4.49569418,-20.16830582,0.0,MP,L1$_2$
mp-1187582,YbMn3,Yb,Mn,1.0,3.0,4.079887728763317,-20.16441884,0.09941484200431101,MP,L1$_2$
mp-1185416,LiSb3,Li,Sb,1.0,3.0,4.681021,-19.93895780729167,0.191407538958333,MP,L1$_2$
mp-1184852,In3Ni,In,Ni,3.0,1.0,4.422626,-19.726950108333337,0.341626631666663,MP,L1$_2$
mp-1183143,AlPd3,Al,Pd,1.0,3.0,3.87469151,-19.5049891225,0.04402146750000201,MP,L1$_2$
mp-1187312,TbAs3,Tb,As,1.0,3.0,4.377368,-19.485092871250004,0.261980337499998,MP,L1$_2$
mp-1184480,In3Cu,In,Cu,3.0,1.0,4.482767,-19.47161061530357,0.192655721071428,MP,L1$_2$
mp-978855,Sn3B,Sn,B,3.0,1.0,4.528904,-19.46518253541667,0.931043848958331,MP,L1$_2$
mp-1183729,CeAs3,Ce,As,1.0,3.0,4.36275291,-19.447298265,0.17383886874999901,MP,L1$_2$
mp-985282,Ag3Ge,Ag,Ge,3.0,1.0,4.162825,-19.3851713475,0.09973090625000201,MP,L1$_2$
mp-999294,Pd3N,Pd,N,3.0,1.0,4.086858,-19.1320241340625,0.370503741250001,MP,L1$_2$
mp-978502,SmAs3,Sm,As,1.0,3.0,4.413215,-19.12850285625,0.234789842499999,MP,L1$_2$
mp-1471,Zr3Al,Zr,Al,3.0,1.0,4.37674312,-19.0641933675,0.0,MP,L1$_2$
mp-1184892,In3S,In,S,3.0,1.0,4.729252,-19.062221204375003,0.22190931062499702,MP,L1$_2$
mp-977224,PrAs3,Pr,As,1.0,3.0,4.468614,-19.045037483749997,0.216634445,MP,L1$_2$
mp-1186534,PmAs3,Pm,As,1.0,3.0,4.4057918,-18.9855850475,0.0,MP,L1$_2$
mp-1187257,TaZn3,Ta,Zn,1.0,3.0,3.89079388,-18.9217436225,0.016571697812498003,MP,L1$_2$
mp-1183967,GaAg3,Ga,Ag,1.0,3.0,4.08129539,-18.850017875,0.042827169583333005,MP,L1$_2$
mp-1188007,Zr3N,Zr,N,3.0,1.0,4.123526,-18.843484076249997,1.559094865000002,MP,L1$_2$
mp-1185497,LuNi3,Lu,Ni,1.0,3.0,3.790145,-18.83301272916667,0.081896905833332,MP,L1$_2$
mp-976772,NiAg3,Ni,Ag,1.0,3.0,4.00903,-18.822695988750006,0.189641159999997,MP,L1$_2$
mp-1184853,In3Si,In,Si,3.0,1.0,4.598456,-18.814487803749998,0.31289613000000205,MP,L1$_2$
mp-495,LuGa3,Lu,Ga,1.0,3.0,4.17751793,-18.6156986125,0.0,MP,L1$_2$
mp-1185991,MnCd3,Mn,Cd,1.0,3.0,4.297046,-18.57710360086207,0.17247083551724102,MP,L1$_2$
mp-974834,EuNi3,Eu,Ni,1.0,3.0,3.887924,-18.435091909,0.28101634350000204,MP,L1$_2$
mp-864794,ZnAg3,Zn,Ag,1.0,3.0,4.04131259,-18.2542680625,0.008081862777778,MP,L1$_2$
mp-975664,NdGe3,Nd,Ge,1.0,3.0,4.399687,-18.211795638541666,0.09500349937500001,MP,L1$_2$
mp-976061,PrGe3,Pr,Ge,1.0,3.0,4.42499,-18.19519353083333,0.102255405000001,MP,L1$_2$
mp-861936,LiPd3,Li,Pd,1.0,3.0,3.8508382400001375,-18.0750049275,0.0,MP,L1$_2$
mp-983584,Al3Tl,Al,Tl,3.0,1.0,4.354232,-18.059196275833337,0.284703616666664,MP,L1$_2$
mp-1183624,Cd3Ni,Cd,Ni,3.0,1.0,4.180107,-17.983257292575757,0.09107569833333401,MP,L1$_2$
mp-976589,NaIn3,Na,In,1.0,3.0,4.64798109,-17.9807438175,0.0,MP,L1$_2$
mp-1187778,Y3P,Y,P,3.0,1.0,4.590392,-17.91901673083333,0.49527959666666604,MP,L1$_2$
mp-1603,TmGa3,Tm,Ga,1.0,3.0,4.19988828,-17.89732271,0.010813862499997001,MP,L1$_2$
mp-1184483,In3B,In,B,3.0,1.0,4.443764,-17.869908934166666,0.9006224002083341,MP,L1$_2$
mp-571484,Ca3Hg,Ca,Hg,3.0,1.0,5.100185,-17.849673465625,0.10342174000000101,MP,L1$_2$
mp-863027,LiIn3,Li,In,1.0,3.0,4.4928506,-17.741741085,0.0,MP,L1$_2$
mp-1187788,Y3Si,Y,Si,3.0,1.0,4.668333,-17.708438810555553,0.243005987361112,MP,L1$_2$
mp-1636,Mn3Sb,Mn,Sb,3.0,1.0,3.813382,-17.50821850284483,0.092418744784481,MP,L1$_2$
mp-1183994,CsSr3,Cs,Sr,1.0,3.0,6.340366,-17.462621361982755,0.17373769051724203,MP,L1$_2$
mp-2577,Mn3Rh,Mn,Rh,3.0,1.0,3.605593,-17.14197206672414,0.15246737103448202,MP,L1$_2$
mp-1183632,Cd3P,Cd,P,3.0,1.0,4.393791,-17.139363584218753,0.266882374999998,MP,L1$_2$
mp-8338,TaF3,Ta,F,1.0,3.0,4.166646,-17.11144070964167,0.4450584235,MP,L1$_2$
mp-30338,Y3Al,Y,Al,3.0,1.0,4.79300839,-17.0998973575,0.07052767812499901,MP,L1$_2$
mp-11418,TbGa3,Tb,Ga,1.0,3.0,4.25508228,-16.943441795000002,0.051655916250002,MP,L1$_2$
mp-1186100,NaAg3,Na,Ag,1.0,3.0,4.244194,-16.887782317916667,0.07910761708333401,MP,L1$_2$
mp-1007730,HfAl3,Hf,Al,1.0,3.0,4.05941982,-16.747374399999998,0.026835965000000003,MP,L1$_2$
mp-1185300,LiAg3,Li,Ag,1.0,3.0,4.04512754,-16.7336293925,0.008752600000001,MP,L1$_2$
mp-1187102,Sr3Ag,Sr,Ag,3.0,1.0,5.490875,-16.634114612694443,0.200823643055553,MP,L1$_2$
mp-976111,Ge3Sb,Ge,Sb,3.0,1.0,4.428208,-16.54545950125,0.28510261625,MP,L1$_2$
mp-1187139,Sr3Zr,Sr,Zr,3.0,1.0,5.539239,-16.527796128749998,0.518897649999999,MP,L1$_2$
mp-1183622,Cd3C,Cd,C,3.0,1.0,4.172055999999999,-16.345481949375003,1.220067615624998,MP,L1$_2$
mp-1008279,Co3Mo,Co,Mo,3.0,1.0,3.56238088,-16.2593778125,0.18429039500000102,MP,L1$_2$
mp-570691,Ti3Sn,Ti,Sn,3.0,1.0,4.15692889,-16.175374855,0.033543316249999004,MP,L1$_2$
mp-982773,Na3Tl,Na,Tl,3.0,1.0,4.909227,-16.0486138275,0.022761539062500002,MP,L1$_2$
mp-980945,Ti3Nb,Ti,Nb,3.0,1.0,4.133433,-15.802386037500002,0.084450384999998,MP,L1$_2$
mp-975524,InGe3,In,Ge,1.0,3.0,4.391734,-15.76563751125,0.282993268749999,MP,L1$_2$
mp-1185240,LiY3,Li,Y,1.0,3.0,4.919707,-15.634137316666665,0.19774000666666602,MP,L1$_2$
mp-980646,TmSi3,Tm,Si,1.0,3.0,4.105046,-15.577805384999998,0.243736378749999,MP,L1$_2$
mp-971703,V3Ag,V,Ag,3.0,1.0,3.881514,-15.535567860416668,0.37058322333333205,MP,L1$_2$
mp-976847,Ni3Sb,Ni,Sb,3.0,1.0,3.6911870900001382,-15.495076465,0.044902887500001,MP,L1$_2$
mp-1186970,Sc3Sn,Sc,Sn,3.0,1.0,4.5199508,-15.2347699825,0.005275915000000001,MP,L1$_2$
mp-11312,V3Cd,V,Cd,3.0,1.0,3.932877,-15.2282413525,0.3651873675,MP,L1$_2$
mp-621131,Ti3Ag,Ti,Ag,3.0,1.0,4.098807,-14.931480901666665,0.144638084166667,MP,L1$_2$
mp-1183636,Ca3Eu,Ca,Eu,3.0,1.0,5.63079353,-14.87762921,0.031311743749999,MP,L1$_2$
mp-1187466,Ti3Cd,Ti,Cd,3.0,1.0,4.151009,-14.687323706666666,0.10083699416666601,MP,L1$_2$
mp-1183480,Ca3Lu,Ca,Lu,3.0,1.0,5.361775,-14.646801938333333,0.151888382500001,MP,L1$_2$
mp-1259,YbAl3,Yb,Al,1.0,3.0,4.181695796842051,-14.63289476,0.0,MP,L1$_2$
mp-980946,Sr3Cr,Sr,Cr,3.0,1.0,5.535729,-14.631982574999999,0.495598825,MP,L1$_2$
mp-1184868,K3Hf,K,Hf,3.0,1.0,5.7876069999999995,-14.620556876937497,1.180994922750001,MP,L1$_2$
mp-1183978,Ga3Sn,Ga,Sn,3.0,1.0,4.37524287,-14.5675212625,0.20110664500000103,MP,L1$_2$
mp-1183969,Cu3Sb,Cu,Sb,3.0,1.0,3.897337,-14.495137238749999,0.06653869375,MP,L1$_2$
mp-1183984,Cu3Te,Cu,Te,3.0,1.0,3.946662,-14.351535797499999,0.17996959375000102,MP,L1$_2$
mp-768,TmAl3,Tm,Al,1.0,3.0,4.19201623,-14.2813125,0.0018575050000000002,MP,L1$_2$
mp-977573,HfH3,Hf,H,1.0,3.0,3.084554,-14.1916368915625,0.09424659625000001,MP,L1$_2$
mp-1008278,Cr3Ni,Cr,Ni,3.0,1.0,3.569271,-14.14317079125,0.15726529125000002,MP,L1$_2$
mp-1184785,InGa3,In,Ga,1.0,3.0,4.30108681,-14.0786133975,0.14811616000000002,MP,L1$_2$
mp-2134,ErAl3,Er,Al,1.0,3.0,4.20209431,-13.982790365,0.007975068749999,MP,L1$_2$
mp-1187128,Sr3Ni,Sr,Ni,3.0,1.0,5.248074,-13.978481542499999,0.37619355,MP,L1$_2$
mp-580357,Cu3Pd,Cu,Pd,3.0,1.0,3.666153699999999,-13.970323485,0.004421831071429,MP,L1$_2$
mp-1187104,Sr3Cu,Sr,Cu,3.0,1.0,5.440957,-13.802235652708331,0.29846049479166703,MP,L1$_2$
mp-1877,HoAl3,Ho,Al,1.0,3.0,4.21491698,-13.7246717975,0.015974716250001002,MP,L1$_2$
mp-984711,Cr3Cu,Cr,Cu,3.0,1.0,3.601918,-13.722858989999999,0.2938468025,MP,L1$_2$
mp-1008280,CrCo3,Cr,Co,1.0,3.0,3.54249965,-13.53878066,0.15522828499999902,MP,L1$_2$
mp-1187138,Sr3Zn,Sr,Zn,3.0,1.0,5.479942,-13.493313996458333,0.18605024729166603,MP,L1$_2$
mp-1184871,K3Lu,K,Lu,3.0,1.0,6.087672,-13.453544605270835,0.580123392749999,MP,L1$_2$
mp-1017529,VCo3,V,Co,1.0,3.0,3.47753287,-13.435267575,0.087322275,MP,L1$_2$
mp-1183498,Ca3Ho,Ca,Ho,3.0,1.0,5.346147,-13.34689126625,0.15216498750000002,MP,L1$_2$
mp-608,TiCo3,Ti,Co,1.0,3.0,3.58680216,-13.3232120225,0.040453574999999006,MP,L1$_2$
mp-1183684,Co3Se,Co,Se,3.0,1.0,3.566621999999999,-13.251719918593752,0.404886301093748,MP,L1$_2$
mp-975439,Mn3S,Mn,S,3.0,1.0,3.578445,-13.198916644224138,0.39227303603448305,MP,L1$_2$
mp-1186341,NiGe3,Ni,Ge,1.0,3.0,4.027851,-13.107819941874999,0.42446879812499905,MP,L1$_2$
mp-1183623,CdCu3,Cd,Cu,1.0,3.0,3.825701,-13.0812672825,0.080076639999999,MP,L1$_2$
mp-1187105,Sr3Ca,Sr,Ca,3.0,1.0,5.98872189,-13.0798042625,0.039014964999998,MP,L1$_2$
mp-1186043,Na3Hf,Na,Hf,3.0,1.0,4.865171,-13.078530259913792,0.8824590150862061,MP,L1$_2$
mp-1183975,GaGe3,Ga,Ge,1.0,3.0,4.278466,-13.024843428125,0.23983374437499902,MP,L1$_2$
mp-1008349,Co3Ni,Co,Ni,3.0,1.0,3.49575341,-12.9286653,0.015651018749998,MP,L1$_2$
mp-11501,MnNi3,Mn,Ni,1.0,3.0,3.5434492,-12.89325635,0.0,MP,L1$_2$
mp-1185006,KSr3,K,Sr,1.0,3.0,6.152297,-12.759085627312498,0.104726159250001,MP,L1$_2$
mp-974631,K3Tm,K,Tm,3.0,1.0,6.074285,-12.709732793604168,0.5842272310833321,MP,L1$_2$
mp-11365,Ti3Cu,Ti,Cu,3.0,1.0,3.968061999999999,-12.390747416666667,0.10904424666666601,MP,L1$_2$
mp-971753,ZnGe3,Zn,Ge,1.0,3.0,4.222363,-12.362764195,0.268869641249999,MP,L1$_2$
mp-1094786,Sr3Mg,Sr,Mg,3.0,1.0,5.65022,-12.360999644166666,0.07438252958333301,MP,L1$_2$
mp-1184214,Ga3Se,Ga,Se,3.0,1.0,4.432465,-12.259437588125,0.245543786249999,MP,L1$_2$
mp-1184232,Ga3As,Ga,As,3.0,1.0,4.3098600000000005,-12.24158500125,0.24051823624999802,MP,L1$_2$
mp-815,GaNi3,Ga,Ni,1.0,3.0,3.53653239,-12.1259486825,0.0,MP,L1$_2$
mp-932,ScGa3,Sc,Ga,1.0,3.0,4.08175681,-11.9457371675,0.0,MP,L1$_2$
mp-1187579,TmMg3,Tm,Mg,1.0,3.0,4.60812822,-11.939458185,0.015500002321431,MP,L1$_2$
mp-1187454,Ti3C,Ti,C,3.0,1.0,3.707030999999999,-11.878833838541667,0.8560120947916651,MP,L1$_2$
mp-1184008,Cu3As,Cu,As,3.0,1.0,3.70290901,-11.766527555,0.045452191875000006,MP,L1$_2$
mp-1018101,AlCo3,Al,Co,1.0,3.0,3.574948,-11.764123859999998,0.122802135,MP,L1$_2$
mp-20262,Pu3Pb,Pu,Pb,3.0,1.0,4.7941340199999996,-11.7511212725,0.24809496000000802,MP,L1$_2$
mp-980941,Ti3N,Ti,N,3.0,1.0,3.696906,-11.731911040416666,1.344308334166667,MP,L1$_2$
mp-556242,YF3,Y,F,3.0,9.0,5.385343,-11.691483701666668,0.200471525208332,MP,L1$_2$
mp-828,SiNi3,Si,Ni,1.0,3.0,3.46374006,-11.6134307,0.0,MP,L1$_2$
mp-1184401,Gd3Ga,Gd,Ga,3.0,1.0,4.75902099,-11.5926401975,0.039677283749998,MP,L1$_2$
mp-1186084,Na3Yb,Na,Yb,3.0,1.0,5.14034660338932,-11.3851909525,0.42028917124999904,MP,L1$_2$
mp-554201,MoF3,Mo,F,1.0,3.0,4.1039944,-11.359237805,0.050942731250000005,MP,L1$_2$
mp-1795,NbF3,Nb,F,1.0,3.0,4.195028,-11.335724204749999,0.167110309666666,MP,L1$_2$
mp-975611,Ge3B,Ge,B,3.0,1.0,4.015178,-11.232061105416665,1.008510628958333,MP,L1$_2$
mp-984518,Ga3Cu,Ga,Cu,3.0,1.0,4.035333,-11.231635624374999,0.122285098125001,MP,L1$_2$
mp-1186813,Pu3Br,Pu,Br,3.0,1.0,4.780597,-11.190566002499999,0.889433589166676,MP,L1$_2$
mp-1184423,Gd3I,Gd,I,3.0,1.0,5.05846692,-11.130423602499999,0.0,MP,L1$_2$
mp-2593,AlNi3,Al,Ni,1.0,3.0,3.5229346,-11.09573223,0.0,MP,L1$_2$
mp-1183131,Al3Sn,Al,Sn,3.0,1.0,4.271209,-11.07726582625,0.158353866249999,MP,L1$_2$
mp-1185543,CsK3,Cs,K,1.0,3.0,7.03429394,-10.772417835,0.018393367187499,MP,L1$_2$
mp-1184212,Ga3P,Ga,P,3.0,1.0,4.235357,-10.729738416250001,0.35732069124999905,MP,L1$_2$
mp-971720,ZnGa3,Zn,Ga,1.0,3.0,4.07086226,-10.6861042275,0.12362838625000001,MP,L1$_2$
mp-1183452,Ca3Ag,Ca,Ag,3.0,1.0,5.082384,-10.654910582083332,0.134582932916668,MP,L1$_2$
mp-1187219,Ta3Pt,Ta,Pt,3.0,1.0,4.10272004,-10.643932675000002,0.052959845416662,MP,L1$_2$
mp-1183973,Ga3Si,Ga,Si,3.0,1.0,4.132619,-10.552980836874998,0.22254227437500101,MP,L1$_2$
mp-11504,MnZn3,Mn,Zn,1.0,3.0,3.80888421,-10.4710020125,0.0,MP,L1$_2$
mp-978498,Sc3Al,Sc,Al,3.0,1.0,4.43330466,-10.46850362,0.052203802499999,MP,L1$_2$
mp-1187923,Zn3Cr,Zn,Cr,3.0,1.0,3.777758,-10.35389023875,0.09739731250000001,MP,L1$_2$
mp-1183130,Al3Ag,Al,Ag,3.0,1.0,4.081513,-10.340943023625002,0.071258186874999,MP,L1$_2$
mp-11578,VZn3,V,Zn,1.0,3.0,3.78548049,-10.279198585,0.0,MP,L1$_2$
mp-1183514,Ca3Y,Ca,Y,3.0,1.0,5.412807,-10.225887856666665,0.131232658333333,MP,L1$_2$
mp-1933,Cu3N,Cu,N,3.0,1.0,3.814706,-10.225204251562499,0.19208041625000002,MP,L1$_2$
mp-975606,InN3,In,N,1.0,3.0,3.52033,-10.158951625624997,2.391109306250001,MP,L1$_2$
mp-375,UO3,U,O,1.0,3.0,4.13541623,-10.14600257,0.0,MP,L1$_2$
mp-1044,UIr3,U,Ir,1.0,3.0,4.03418669,-10.112259965,0.0,MP,L1$_2$
mp-1064508,K3Pd,K,Pd,3.0,1.0,5.445013,-10.0510974319375,0.20271392275000003,MP,L1$_2$
mp-1008555,AlCu3,Al,Cu,1.0,3.0,3.63737667,-10.011573595,0.008516517500000001,MP,L1$_2$
mp-981215,Zn3Co,Zn,Co,3.0,1.0,3.685855349999999,-9.985740125,0.055600454659092004,MP,L1$_2$
mp-1183140,Al3Cd,Al,Cd,3.0,1.0,4.201756,-9.9384954325,0.1368252375,MP,L1$_2$
mp-2126,HfIr3,Hf,Ir,1.0,3.0,3.9430579900000002,-9.935187857500004,0.0,MP,L1$_2$
mp-981384,ScOs3,Sc,Os,1.0,3.0,3.957284,-9.9046095325,0.384095409375,MP,L1$_2$
mp-1184848,K3Mo,K,Mo,3.0,1.0,5.88375,-9.849854386937501,1.181838425249999,MP,L1$_2$
mp-1339,NbIr3,Nb,Ir,1.0,3.0,3.91340971,-9.764000576249998,0.0022512100000040003,MP,L1$_2$
mp-976592,K3Ag,K,Ag,3.0,1.0,5.7777519999999996,-9.737565706250003,0.11510153218749801,MP,L1$_2$
mp-1064282,InC3,In,C,1.0,3.0,3.535141,-9.717186240625,3.387887746875,MP,L1$_2$
mp-983230,Ga3B,Ga,B,3.0,1.0,3.959949,-9.684572314791666,0.734098197083334,MP,L1$_2$
mp-1187700,UMn3,U,Mn,1.0,3.0,3.815748,-9.562935055,0.165977453017239,MP,L1$_2$
mp-1184225,Fe3W,Fe,W,3.0,1.0,3.63356155,-9.526512780000001,0.082987429374998,MP,L1$_2$
mp-982780,K3Cd,K,Cd,3.0,1.0,5.952904,-9.518242686972657,0.056210382734375,MP,L1$_2$
mp-1678,PuRh3,Pu,Rh,1.0,3.0,4.02138207,-9.503804684999999,0.0,MP,L1$_2$
mp-2630414,TaO3,Ta,O,4.0,12.0,6.859517664309356,-9.459650195,0.146295184374999,MP,L1$_2$
mp-863257,LiGa3,Li,Ga,1.0,3.0,4.071548,-9.424266587000002,0.008717875749999,MP,L1$_2$
mp-10694,ScF3,Sc,F,1.0,3.0,4.03934176637926,-9.4117584,0.00025103375000000005,MP,L1$_2$
mp-999440,Nb3Fe,Nb,Fe,3.0,1.0,4.043299,-9.40601833,0.34156711153846103,MP,L1$_2$
mp-1183968,Cu3Cl,Cu,Cl,3.0,1.0,3.849421,-9.4052264675,0.5192399549999991,MP,L1$_2$
mp-976872,NaNi3,Na,Ni,1.0,3.0,3.70323,-9.36088844913793,0.516444563362069,MP,L1$_2$
mp-1089,TiIr3,Ti,Ir,1.0,3.0,3.8576817,-9.335620634999998,0.0,MP,L1$_2$
mp-1185108,K3Zr,K,Zr,3.0,1.0,5.945283,-9.2194222756875,0.9817236527500001,MP,L1$_2$
mp-19390,WO3,W,O,1.0,3.0,3.80620475,-9.1336724825,0.007691435312500001,MP,L1$_2$
mp-1008285,Cr3Fe,Cr,Fe,3.0,1.0,3.57268,-9.097880265,0.25941064,MP,L1$_2$
mp-20272,GdPt3,Gd,Pt,1.0,3.0,4.12397917,-9.015091812500003,0.0,MP,L1$_2$
mp-190,ReO3,Re,O,4.0,12.0,6.521440970807694,-8.95748831,0.0,MP,L1$_2$
mp-571322,Nb3Ge,Nb,Ge,3.0,1.0,4.115285,-8.91717354,0.134547662916666,MP,L1$_2$
mp-999437,Nb3Ni,Nb,Ni,3.0,1.0,4.045726,-8.912810865,0.21988438374999902,MP,L1$_2$
mp-2523,PuPt3,Pu,Pt,1.0,3.0,4.10158149,-8.8359615525,0.0,MP,L1$_2$
mp-12593,ScIr3,Sc,Ir,1.0,3.0,3.9276704000000002,-8.833036270000001,0.0,MP,L1$_2$
mp-1187918,Zn3P,Zn,P,3.0,1.0,3.975518,-8.796237004999998,0.29762580531250105,MP,L1$_2$
mp-10596,FeIr3,Fe,Ir,1.0,3.0,3.81796123,-8.789382775,0.030032292499996,MP,L1$_2$
mp-1008554,Al3V,Al,V,3.0,1.0,3.905351999999999,-8.77677005,0.13859146500000102,MP,L1$_2$
mp-1067129,VC3,V,C,1.0,3.0,3.140295,-8.770627617118055,2.50339239746528,MP,L1$_2$
mp-973908,PaFe3,Pa,Fe,1.0,3.0,3.871023857724161,-8.7414261875,0.031237945000000003,MP,L1$_2$
mp-1185312,LiCu3,Li,Cu,1.0,3.0,3.59246704,-8.7368839975,0.0061642299999990005,MP,L1$_2$
mp-1185666,NaCu3,Na,Cu,1.0,3.0,3.825892,-8.700075734137931,0.326066408362068,MP,L1$_2$
mp-998981,TiAl3,Ti,Al,1.0,3.0,3.95567125,-8.6943452175,0.023057415,MP,L1$_2$
mp-1183129,Al3As,Al,As,3.0,1.0,4.125775,-8.6758293575,0.36364852500000006,MP,L1$_2$
mp-972087,ZrH3,Zr,H,1.0,3.0,3.126038,-8.6411176740625,0.11531295874999901,MP,L1$_2$
mp-973004,ScRu3,Sc,Ru,1.0,3.0,3.938437,-8.58645528,0.245008752499998,MP,L1$_2$
mp-636331,V3Pt,V,Pt,3.0,1.0,3.834831,-8.567275645,0.190552337499999,MP,L1$_2$
mp-1188027,Zr3Mn,Zr,Mn,3.0,1.0,4.37322,-8.5618243,0.20973570875000103,MP,L1$_2$
mp-11358,TaCo3,Ta,Co,1.0,3.0,3.62273736,-8.556960571666666,0.0,MP,L1$_2$
mp-2449,NbRh3,Nb,Rh,1.0,3.0,3.87893151,-8.548006143750001,0.008915387500001001,MP,L1$_2$
mp-1187866,YRu3,Y,Ru,1.0,3.0,4.054049,-8.366452435,0.44178369124999806,MP,L1$_2$
mp-1186913,RbNp3,Rb,Np,1.0,3.0,4.986378,-8.327215165,1.628753114062497,MP,L1$_2$
mp-30785,Mn3Pt,Mn,Pt,3.0,1.0,3.889221,-8.3252732325,0.23712236603448203,MP,L1$_2$
mp-971761,ZnSi3,Zn,Si,1.0,3.0,3.930171,-8.286300715,0.5216733824999991,MP,L1$_2$
mp-2417,DyIr3,Dy,Ir,1.0,3.0,4.057736,-8.21753961,0.184225253749998,MP,L1$_2$
mp-1187906,Zn3N,Zn,N,3.0,1.0,3.6564291,-8.1958695775,0.796096795937499,MP,L1$_2$
mp-971857,Zn3C,Zn,C,3.0,1.0,3.707,-8.129472000625,1.040288750624999,MP,L1$_2$
mp-1183379,BaEu3,Ba,Eu,1.0,3.0,5.929055,-8.11723894,0.078588731249995,MP,L1$_2$
mp-1152,TiRh3,Ti,Rh,1.0,3.0,3.825970309999999,-8.1150613775,0.0,MP,L1$_2$
mp-1184275,Eu3Mg,Eu,Mg,3.0,1.0,5.29913888,-8.102781745000001,0.05312932531249501,MP,L1$_2$
mp-20139,Mn3Ge,Mn,Ge,3.0,1.0,3.651498,-8.06660867,0.035770389999999,MP,L1$_2$
mp-21085,PuPd3,Pu,Pd,1.0,3.0,4.13336366,-8.052654490000002,0.0,MP,L1$_2$
mp-1183401,BeCr3,Be,Cr,1.0,3.0,3.511214,-8.0479993325,0.20930763968750202,MP,L1$_2$
mp-973652,LuRu3,Lu,Ru,1.0,3.0,4.011856,-8.0313908175,0.35643667249999905,MP,L1$_2$
mp-1018021,NbCo3,Nb,Co,1.0,3.0,3.6148721200000002,-7.9987283537500025,0.017165442499997,MP,L1$_2$
mp-1187581,TmRu3,Tm,Ru,1.0,3.0,4.016503,-7.9828129725,0.37711964000000003,MP,L1$_2$
mp-1184213,ErRu3,Er,Ru,1.0,3.0,4.030258,-7.9788057575,0.39086870249999806,MP,L1$_2$
mp-1649,Fe3Pt,Fe,Pt,3.0,1.0,3.750854,-7.943218065,0.04307911750000001,MP,L1$_2$
mp-1183778,DyRu3,Dy,Ru,1.0,3.0,4.047296,-7.9373874075,0.41498649937500104,MP,L1$_2$
mp-1187366,TbRu3,Tb,Ru,1.0,3.0,4.057556,-7.91704382,0.427226846874997,MP,L1$_2$
mp-971853,Zn3B,Zn,B,3.0,1.0,3.700246,-7.899182635416665,0.620357867708333,MP,L1$_2$
mp-8039,AlF3,Al,F,1.0,3.0,3.58945264,-7.883955955,0.009358996249999,MP,L1$_2$
mp-983594,Al3Ga,Al,Ga,3.0,1.0,4.00279187,-7.8663235575,0.0434441775,MP,L1$_2$
mp-1188005,Zr3S,Zr,S,3.0,1.0,4.271621,-7.78378369,0.615779533374999,MP,L1$_2$
mp-999189,Fe3Ni,Fe,Ni,3.0,1.0,3.584632,-7.7535256625,0.077636092499999,MP,L1$_2$
mp-1185494,LuMn3,Lu,Mn,1.0,3.0,4.047275,-7.7340839,0.30764723387681003,MP,L1$_2$
mp-1185899,MgNb3,Mg,Nb,1.0,3.0,4.201919,-7.71920332,0.26439296374999904,MP,L1$_2$
mp-635,ScRh3,Sc,Rh,1.0,3.0,3.90356547,-7.7131895625,0.0,MP,L1$_2$
mp-1186947,RbEu3,Rb,Eu,1.0,3.0,6.01431,-7.6907588925,0.270458561874995,MP,L1$_2$
mp-20344,Fe3Ge,Fe,Ge,3.0,1.0,3.66064424,-7.6649592625,0.0,MP,L1$_2$
mp-1184874,K3Cr,K,Cr,3.0,1.0,5.918217,-7.6048089994375,0.6772245502500011,MP,L1$_2$
mp-30635,Fe3Pd,Fe,Pd,3.0,1.0,3.7310600000000003,-7.580099075,0.103471063333334,MP,L1$_2$
mp-1185187,Li3Mo,Li,Mo,3.0,1.0,4.015207,-7.559648915,0.7483757549999991,MP,L1$_2$
mp-999543,MnCo3,Mn,Co,1.0,3.0,3.5480583,-7.53757921,0.1096411625,MP,L1$_2$
mp-1186092,Na3Zr,Na,Zr,3.0,1.0,4.87917182,-7.5349909625,0.8255924412499981,MP,L1$_2$
mp-1184901,K3Mn,K,Mn,3.0,1.0,5.735421,-7.524590900299569,0.6599407207672411,MP,L1$_2$
mp-1183162,AlFe3,Al,Fe,1.0,3.0,3.63929352,-7.48780304,0.0,MP,L1$_2$
mp-1238821,Si3B,Si,B,3.0,1.0,3.647779,-7.458023136354166,0.9736054995833331,MP,L1$_2$
mp-981209,Ti3Ni,Ti,Ni,3.0,1.0,3.935175,-7.44561432,0.129035317291666,MP,L1$_2$
mp-1007852,FeCo3,Fe,Co,1.0,3.0,3.5347374,-7.4386297725,0.056625132499999,MP,L1$_2$
mp-580287,Zr3Cu,Zr,Cu,3.0,1.0,4.311517,-7.402646435,0.13352230250000002,MP,L1$_2$
mp-1429856,CrO3,Cr,O,1.0,3.0,3.666722,-7.2793661125,0.40224307075000004,MP,L1$_2$
mp-22461,Fe3Sn,Fe,Sn,3.0,1.0,3.818521,-7.2703595375,0.08591179999999801,MP,L1$_2$
mp-19870,GaFe3,Ga,Fe,1.0,3.0,3.638018439999999,-7.244857535,0.0,MP,L1$_2$
mp-983585,Al3Zn,Al,Zn,3.0,1.0,3.96877183,-7.2404259075,0.036298491249999,MP,L1$_2$
mp-1187567,TmRh3,Tm,Rh,1.0,3.0,3.982475619999999,-7.2051085425,0.010743958750000001,MP,L1$_2$
mp-481,ScPt3,Sc,Pt,1.0,3.0,3.98423648,-7.176433737499998,0.0,MP,L1$_2$
mp-1186922,RbU3,Rb,U,1.0,3.0,4.566845,-7.12866934,1.585021685625005,MP,L1$_2$
mp-1065783,LaRh3,La,Rh,1.0,3.0,4.150607,-7.1061940275,0.17688199875000002,MP,L1$_2$
mp-1064861,GaC3,Ga,C,1.0,3.0,3.318948,-7.09751444,3.223605939999999,MP,L1$_2$
mp-246,TiF3,Ti,F,2.0,6.0,5.527406044042365,-7.078806645,0.0,MP,L1$_2$
mp-1184256,Fe3Se,Fe,Se,3.0,1.0,3.589608,-7.04252314,0.43793001750000005,MP,L1$_2$
mp-1184878,K3Cu,K,Cu,3.0,1.0,5.813225,-6.8864701994375,0.338926752749999,MP,L1$_2$
mp-1094768,MgZr3,Mg,Zr,1.0,3.0,4.48063888,-6.799126430000001,0.019266546249998,MP,L1$_2$
mp-1021489,IrO3,Ir,O,1.0,3.0,3.790923,-6.788519065,0.11425780124999901,MP,L1$_2$
mp-1187665,Ti3In,Ti,In,3.0,1.0,4.15623723,-6.72171636375,0.014760678749999001,MP,L1$_2$
mp-1184230,Fe3Ag,Fe,Ag,3.0,1.0,3.776008,-6.7186275275,0.344622799583334,MP,L1$_2$
mp-1188012,Zr3I,Zr,I,3.0,1.0,4.483789,-6.71119143,0.510094572499999,MP,L1$_2$
mp-30845,SmPt3,Sm,Pt,1.0,3.0,4.14650321,-6.6283293125,0.0,MP,L1$_2$
mp-1184984,KCa3,K,Ca,1.0,3.0,5.753388,-6.6114478923124995,0.17183836675000003,MP,L1$_2$
mp-1185031,K3Zn,K,Zn,3.0,1.0,5.848737,-6.599303202528847,0.167733026076922,MP,L1$_2$
mp-569120,NdPt3,Nd,Pt,1.0,3.0,4.17857329,-6.593731339999998,0.017379455000005,MP,L1$_2$
mp-12598,PrPt3,Pr,Pt,1.0,3.0,4.19792775,-6.555701919999997,0.051970317500003006,MP,L1$_2$
mp-974457,Ru3I,Ru,I,3.0,1.0,3.9799729999999993,-6.5413938875,0.795411171249999,MP,L1$_2$
mp-1185925,Mn3I,Mn,I,3.0,1.0,3.917176999999999,-6.5403529,0.977054603793102,MP,L1$_2$
mp-979039,Th3Au,Th,Au,3.0,1.0,4.858137,-6.5094801825,0.184807282500002,MP,L1$_2$
mp-1065540,AlC3,Al,C,1.0,3.0,3.207929,-6.498342657343749,2.74934548078125,MP,L1$_2$
mp-922,CoPt3,Co,Pt,1.0,3.0,3.87389884,-6.384230594999998,0.0,MP,L1$_2$
mp-866186,Ti3Zn,Ti,Zn,3.0,1.0,4.00375191,-6.3436128725,0.010461699166667001,MP,L1$_2$
mp-1094857,Ca3Mg,Ca,Mg,3.0,1.0,5.28881343,-6.3216499125,0.043458146249999004,MP,L1$_2$
mp-1186985,ScNi3,Sc,Ni,1.0,3.0,3.6748866,-6.31645434,0.023939822083333003,MP,L1$_2$
mp-1183679,CrH3,Cr,H,1.0,3.0,2.763687,-6.2363149246875,0.12335497375000001,MP,L1$_2$
mp-979009,Th3Be,Th,Be,3.0,1.0,4.780996,-6.203816615,0.333710156250003,MP,L1$_2$
mp-1185971,MgTi3,Mg,Ti,1.0,3.0,4.159066,-6.1666286075,0.16260790875,MP,L1$_2$
mp-1184279,Fe3F,Fe,F,3.0,1.0,3.846462,-6.143735575,1.658708930625,MP,L1$_2$
mp-1186117,NiPt3,Ni,Pt,1.0,3.0,3.85503762,-6.061809969999999,0.0,MP,L1$_2$
mp-20336,USn3,U,Sn,1.0,3.0,4.67700367,-5.9550013974999985,0.0,MP,L1$_2$
mp-978964,Th3Mg,Th,Mg,3.0,1.0,4.964193,-5.8940800525,0.07393113875000301,MP,L1$_2$
mp-1184840,K3Al,K,Al,3.0,1.0,5.771874,-5.8732845569375005,0.32343797775000005,MP,L1$_2$
mp-2333,NdPd3,Nd,Pd,1.0,3.0,4.16979582,-5.867924275,0.0,MP,L1$_2$
mp-20735,Ce3Sn,Ce,Sn,3.0,1.0,4.8708696400000004,-5.865303785000002,0.0,MP,L1$_2$
mp-1187766,Y3Ga,Y,Ga,3.0,1.0,4.757077,-5.844897545,0.13656084515625,MP,L1$_2$
mp-1571,PrPd3,Pr,Pd,1.0,3.0,4.18866769,-5.842111450000001,0.0,MP,L1$_2$
mp-1186098,NaAl3,Na,Al,1.0,3.0,4.219656,-5.773643416637932,0.166475473362068,MP,L1$_2$
mp-11407,GaPt3,Ga,Pt,1.0,3.0,3.90987758,-5.740109393750004,0.014427044999997002,MP,L1$_2$
mp-10890,LiAl3,Li,Al,1.0,3.0,3.995837,-5.73904017,0.010949575000000001,MP,L1$_2$
mp-20309,EuPb3,Eu,Pb,1.0,3.0,4.93743785,-5.708792795000001,0.0,MP,L1$_2$
mp-20821,NpGa3,Np,Ga,1.0,3.0,4.24020101,-5.703476890000001,0.0,MP,L1$_2$
mp-977552,Be3Tc,Be,Tc,3.0,1.0,3.37065478,-5.6612924475,0.0,MP,L1$_2$
mp-570018,Ce3Pb,Ce,Pb,3.0,1.0,4.93413771,-5.6568939275,0.0,MP,L1$_2$
mp-30777,MgPt3,Mg,Pt,1.0,3.0,3.93036214,-5.531244832499993,0.0,MP,L1$_2$
mp-11522,Ni3Sn,Ni,Sn,3.0,1.0,3.68955423,-5.523359006249999,0.0,MP,L1$_2$
mp-984717,BeNi3,Be,Ni,1.0,3.0,3.418936,-5.43118532,0.0729110325,MP,L1$_2$
mp-1184849,K3Mg,K,Mg,3.0,1.0,6.025418,-5.4045529606875,0.151470887749999,MP,L1$_2$
mp-1184844,K3Na,K,Na,3.0,1.0,6.36932314,-5.3816272825,0.0231158121875,MP,L1$_2$
mp-1014214,C3N,C,N,3.0,1.0,3.318288,-5.375714412187503,4.366899648124998,MP,L1$_2$
mp-973292,MnBe3,Mn,Be,1.0,3.0,3.251743840000326,-5.2739536825,0.010523769750001001,MP,L1$_2$
mp-1094769,Y3Mg,Y,Mg,3.0,1.0,4.945907,-5.2253394775,0.1012853925,MP,L1$_2$
mp-984727,Ce3Br,Ce,Br,3.0,1.0,4.574962,-5.216552742499999,0.41316679175000104,MP,L1$_2$
mp-30856,ZnPt3,Zn,Pt,1.0,3.0,3.89855079,-5.180805767499997,0.0,MP,L1$_2$
mp-1100773,Y3Cd,Y,Cd,3.0,1.0,4.879126999999999,-5.1768182025,0.1029379675,MP,L1$_2$
mp-976010,Li3Cr,Li,Cr,3.0,1.0,4.177707,-5.169529955,0.3888354525,MP,L1$_2$
mp-983590,Be3Fe,Be,Fe,3.0,1.0,3.239004850000161,-5.1310522125,0.0,MP,L1$_2$
mp-1187471,ThBi3,Th,Bi,1.0,3.0,4.95683732,-5.1065208375,0.055899622500005006,MP,L1$_2$
mp-1186068,Na3Sc,Na,Sc,3.0,1.0,5.035893,-5.095979519913794,0.426777746336206,MP,L1$_2$
mp-1186007,Na3Ti,Na,Ti,3.0,1.0,4.904536,-5.09003843408046,0.8175362467528721,MP,L1$_2$
mp-11571,YSn3,Y,Sn,1.0,3.0,4.70032975,-5.057615600000002,0.023755627499997004,MP,L1$_2$
mp-1064161,NaN3,Na,N,1.0,3.0,3.299653,-5.053990945,2.8505795225,MP,L1$_2$
mp-571188,Pr3Sn,Pr,Sn,3.0,1.0,4.98284356,-5.026782072499998,0.019893789861113002,MP,L1$_2$
mp-867883,La3Pb,La,Pb,3.0,1.0,5.07333124,-5.006014855,0.0,MP,L1$_2$
mp-1184378,EuIn3,Eu,In,1.0,3.0,4.71854899,-5.001845294999999,0.0,MP,L1$_2$
mp-1184845,K3Li,K,Li,3.0,1.0,6.185197,-4.9927795111041675,0.117595044416666,MP,L1$_2$
mp-866022,CdPt3,Cd,Pt,1.0,3.0,4.01072757,-4.955322577499999,0.007683415000002001,MP,L1$_2$
mp-1187303,Tb3Se,Tb,Se,3.0,1.0,4.692315,-4.8433722,0.507661449166668,MP,L1$_2$
mp-1186094,Na3Zn,Na,Zn,3.0,1.0,4.861701,-4.830685386903182,0.091905777808356,MP,L1$_2$
mp-1063661,MgNi3,Mg,Ni,1.0,3.0,3.642681999999999,-4.8069923875,0.09358975781250001,MP,L1$_2$
mp-7753,MgPd3,Mg,Pd,1.0,3.0,3.93603295,-4.769774883749992,0.01137175124999,MP,L1$_2$
mp-971758,ZnNi3,Zn,Ni,1.0,3.0,3.53145767,-4.7635118675,0.014011812500000002,MP,L1$_2$
mp-1977,NdSn3,Nd,Sn,1.0,3.0,4.76251713,-4.699600329999999,0.0,MP,L1$_2$
mp-1184682,Ge3Pd,Ge,Pd,3.0,1.0,4.142023,-4.6959499325,0.29687425,MP,L1$_2$
mp-2484,SmSn3,Sm,Sn,1.0,3.0,4.73345707,-4.647429759999998,0.0,MP,L1$_2$
mp-11570,TbSn3,Tb,Sn,1.0,3.0,4.69795646,-4.607088845,0.019348855833334,MP,L1$_2$
mp-570860,DySn3,Dy,Sn,1.0,3.0,4.6894921499999995,-4.583510560000001,0.032766519499998,MP,L1$_2$
mp-11477,HoSn3,Ho,Sn,1.0,3.0,4.68113687,-4.5604002175,0.027415930000003003,MP,L1$_2$
mp-1187266,Tb3Au,Tb,Au,3.0,1.0,4.742563,-4.540567945,0.22116832520833102,MP,L1$_2$
mp-11372,ErSn3,Er,Sn,1.0,3.0,4.67302716,-4.5382018550000005,0.030884268333331,MP,L1$_2$
mp-371,La3Tl,La,Tl,3.0,1.0,5.09044228,-4.5329620525,0.0,MP,L1$_2$
mp-971957,Tm3Pb,Tm,Pb,3.0,1.0,4.7952213100000005,-4.523694734999999,0.094442631666662,MP,L1$_2$
mp-1187913,ZnPd3,Zn,Pd,1.0,3.0,3.87690151,-4.517648402500001,0.028846963125000003,MP,L1$_2$
mp-1018061,FeH3,Fe,H,1.0,3.0,2.611558,-4.5148846124999995,0.182623069375,MP,L1$_2$
mp-1185002,La3Br,La,Br,3.0,1.0,4.9678700000000005,-4.477764782499999,0.449322622749998,MP,L1$_2$
mp-1184660,Ho3Ga,Ho,Ga,3.0,1.0,4.696472,-4.4337416475,0.10403122093750201,MP,L1$_2$
mp-863737,Ho3In,Ho,In,3.0,1.0,4.80631353159134,-4.382043532499999,0.005633348749999,MP,L1$_2$
mp-1533,Nd3Tl,Nd,Tl,3.0,1.0,4.98879862,-4.3779344925,0.001389274166667,MP,L1$_2$
mp-1183655,CdPd3,Cd,Pd,1.0,3.0,3.996972689999999,-4.358508632500001,0.0257095975,MP,L1$_2$
mp-1186032,Na3Ca,Na,Ca,3.0,1.0,5.354626,-4.344009657413793,0.08869919508620601,MP,L1$_2$
mp-1186696,Pr3Br,Pr,Br,3.0,1.0,5.013213,-4.27432465,0.510776825666666,MP,L1$_2$
mp-1186259,Nd3Br,Nd,Br,3.0,1.0,4.977028,-4.2423385,0.513192215416667,MP,L1$_2$
mp-21156,TbPb3,Tb,Pb,1.0,3.0,4.85482046,-4.240403090000001,0.0,MP,L1$_2$
mp-20176,DyPb3,Dy,Pb,1.0,3.0,4.8486439,-4.214300250000001,0.0,MP,L1$_2$
mp-1183678,CoH3,Co,H,1.0,3.0,2.611335,-4.20240147,0.15329890937500001,MP,L1$_2$
mp-1386,HoPb3,Ho,Pb,1.0,3.0,4.84368278,-4.188698452499999,0.0,MP,L1$_2$
mp-1187267,Tb3Ag,Tb,Ag,3.0,1.0,4.800265,-4.173460925,0.16755984166666602,MP,L1$_2$
mp-388,ErPb3,Er,Pb,1.0,3.0,4.83720705,-4.165103692499997,0.0,MP,L1$_2$
mp-1094855,La3Mg,La,Mg,3.0,1.0,5.13909675,-4.116529827499999,0.043494908750001005,MP,L1$_2$
mp-11494,LuPb3,Lu,Pb,1.0,3.0,4.8259464,-4.091959362499999,0.022627460000002,MP,L1$_2$
mp-863720,HgPd3,Hg,Pd,1.0,3.0,4.01939551,-4.075882872499999,0.022062829999999003,MP,L1$_2$
mp-1184995,La3Cd,La,Cd,3.0,1.0,5.07254602,-4.054277567500002,0.040731067499997005,MP,L1$_2$
mp-1186421,Pb3O,Pb,O,3.0,1.0,4.671716,-4.0212309325,0.7352307897656261,MP,L1$_2$
mp-1183311,BaLa3,Ba,La,1.0,3.0,5.464193,-4.01648971,0.165259353749998,MP,L1$_2$
mp-1186274,Nd3Mg,Nd,Mg,3.0,1.0,5.05270511,-3.9744771975,0.056144116249999,MP,L1$_2$
mp-2258,Cu3Au,Cu,Au,3.0,1.0,3.73538756,-3.929439755,0.0,MP,L1$_2$
mp-11290,CaSn3,Ca,Sn,1.0,3.0,4.74167371,-3.915423269999998,0.0,MP,L1$_2$
mp-978303,Mg3Re,Mg,Re,3.0,1.0,4.154727,-3.8992063100000003,0.43567475312499904,MP,L1$_2$
mp-976856,NaMg3,Na,Mg,1.0,3.0,4.673527,-3.897104633458979,0.12091819779102,MP,L1$_2$
mp-1186425,Pb3S,Pb,S,3.0,1.0,4.840208,-3.88243358,0.32842630250000104,MP,L1$_2$
mp-1183420,BeGe3,Be,Ge,1.0,3.0,4.083345,-3.869024405,0.533099702499999,MP,L1$_2$
mp-23201,BaBi3,Ba,Bi,1.0,3.0,5.15316296,-3.85810403,0.017992561250001,MP,L1$_2$
mp-978304,Mg3Ta,Mg,Ta,3.0,1.0,4.299131,-3.8110744275,0.37850996941666604,MP,L1$_2$
mp-1183309,BaSm3,Ba,Sm,1.0,3.0,5.345793,-3.8093246725,0.209358663749999,MP,L1$_2$
mp-1094670,LiMg3,Li,Mg,1.0,3.0,4.411069,-3.7314918175000003,0.033975171250000005,MP,L1$_2$
mp-953,NbZn3,Nb,Zn,1.0,3.0,3.9099834700000002,-3.633968082500001,0.0,MP,L1$_2$
mp-978287,Mg3Mo,Mg,Mo,3.0,1.0,4.200631,-3.6061912425,0.32807379625,MP,L1$_2$
mp-1183391,BaPb3,Ba,Pb,1.0,3.0,5.12377908,-3.604932315833338,0.031871516666664004,MP,L1$_2$
mp-20549,CaPb3,Ca,Pb,1.0,3.0,4.91751662,-3.5762183800000003,0.0,MP,L1$_2$
mp-1094958,HfMg3,Hf,Mg,1.0,3.0,4.433376,-3.545398315,0.16675145375,MP,L1$_2$
mp-1186906,Rb3Gd,Rb,Gd,3.0,1.0,5.742953,-3.5314716925000003,0.7229594218750001,MP,L1$_2$
mp-1094802,MgSn3,Mg,Sn,1.0,3.0,4.67027376,-3.4429126474999983,0.034545789375002,MP,L1$_2$
mp-978286,Mg3Mn,Mg,Mn,3.0,1.0,4.297571,-3.310479345,0.20287698926724101,MP,L1$_2$
mp-983539,BeAu3,Be,Au,1.0,3.0,4.011706,-3.3102595925,0.181831340000001,MP,L1$_2$
mp-978962,Tl3Fe,Tl,Fe,3.0,1.0,4.561445,-3.2962419075,0.599867482499994,MP,L1$_2$
mp-1185846,MgAu3,Mg,Au,1.0,3.0,4.10652732,-3.246694702500001,0.016649699499997003,MP,L1$_2$
mp-11569,SmTl3,Sm,Tl,1.0,3.0,4.76240186,-3.227397340000003,0.0,MP,L1$_2$
mp-1886,TbTl3,Tb,Tl,1.0,3.0,4.72212492,-3.1809327275,0.0,MP,L1$_2$
mp-975312,RbF3,Rb,F,1.0,3.0,4.152679,-3.1486516975,0.345632017499999,MP,L1$_2$
mp-2431,ErTl3,Er,Tl,1.0,3.0,4.70131701,-3.112318752500002,0.0,MP,L1$_2$
mp-2060,LuTl3,Lu,Tl,1.0,3.0,4.6879848200000005,-3.045223447499999,0.0,MP,L1$_2$
mp-1183295,Ba3Sb,Ba,Sb,3.0,1.0,5.572417,-3.0140395025,0.170080984583333,MP,L1$_2$
mp-975468,RbAc3,Rb,Ac,1.0,3.0,5.811894,-2.9514947400000002,0.38452003374999905,MP,L1$_2$
mp-1183300,Ba3Se,Ba,Se,3.0,1.0,5.456997,-2.909504027499999,0.5455859375000001,MP,L1$_2$
mp-1183331,Ba3Th,Ba,Th,3.0,1.0,5.789461,-2.8690260925,0.423669675000001,MP,L1$_2$
mp-984719,BeAg3,Be,Ag,1.0,3.0,3.990716,-2.8388142325,0.22824224250000102,MP,L1$_2$
mp-1185790,Mg3Sc,Mg,Sc,3.0,1.0,4.51314366,-2.82247212,0.0,MP,L1$_2$
mp-1187154,SrIn3,Sr,In,1.0,3.0,4.8395793,-2.771468407499998,0.052577543000000004,MP,L1$_2$
mp-1094969,MgGa3,Mg,Ga,1.0,3.0,4.12839799,-2.759798495,0.0201069496875,MP,L1$_2$
mp-1187500,Tl3Cl,Tl,Cl,3.0,1.0,5.01368,-2.70360509,0.200043819583327,MP,L1$_2$
mp-1067833,SnI3,Sn,I,1.0,3.0,6.015188,-2.6835718175,0.164456953229166,MP,L1$_2$
mp-30351,MgAg3,Mg,Ag,1.0,3.0,4.11836959,-2.675931858750001,0.010391439999999,MP,L1$_2$
mp-1186136,NaGa3,Na,Ga,1.0,3.0,4.275343,-2.62039796,0.135022933999999,MP,L1$_2$
mp-20566,MgIn3,Mg,In,1.0,3.0,4.58837626,-2.477198014999999,0.037806169166668006,MP,L1$_2$
mp-1094724,Mg3Sb,Mg,Sb,3.0,1.0,4.522794,-2.448995885,0.07368902328125,MP,L1$_2$
mp-975045,Rb3Cr,Rb,Cr,3.0,1.0,6.182838,-2.43696409,0.7116983318750001,MP,L1$_2$
mp-1608,ZrHg3,Zr,Hg,1.0,3.0,4.41774089,-2.430832905000002,0.021713066249994,MP,L1$_2$
mp-1186037,Na3Fe,Na,Fe,3.0,1.0,4.789879,-2.4228778875,0.7009179989655171,MP,L1$_2$
mp-1183319,Ba3Pm,Ba,Pm,3.0,1.0,5.946563999999999,-2.4106838875,0.21618289812500002,MP,L1$_2$
mp-1185492,LuMg3,Lu,Mg,1.0,3.0,4.58819737,-2.3561466775,0.012427005000001,MP,L1$_2$
mp-1039073,Mg3Bi,Mg,Bi,3.0,1.0,4.58295308,-2.2760841025,0.030943198124997004,MP,L1$_2$
mp-1065428,Rb3Re,Rb,Re,3.0,1.0,6.060894,-2.27103696,1.576392146249999,MP,L1$_2$
mp-978271,Mg3Al,Mg,Al,3.0,1.0,4.34780604,-2.1373769575,0.027507425520833004,MP,L1$_2$
mp-1066774,Rb3Os,Rb,Os,3.0,1.0,5.695714,-2.0961745,1.446067911875,MP,L1$_2$
mp-1067281,Rb3Pt,Rb,Pt,3.0,1.0,5.49879,-2.01412157,0.23906231437500003,MP,L1$_2$
mp-1183314,Ba3Ca,Ba,Ca,3.0,1.0,6.25493123,-1.900276819999998,0.040354355000001,MP,L1$_2$
mp-1183501,Ca3Cd,Ca,Cd,3.0,1.0,5.1585844,-1.85830677,0.056827950312499,MP,L1$_2$
mp-1186880,Rb3Zr,Rb,Zr,3.0,1.0,6.226079,-1.8353915025,1.036934209374999,MP,L1$_2$
mp-1038879,Ca3Zn,Ca,Zn,3.0,1.0,5.079506,-1.8235146750000002,0.12952229125,MP,L1$_2$
mp-1185786,Mg3Tl,Mg,Tl,3.0,1.0,4.47311272,-1.811718324999999,0.017983151250000003,MP,L1$_2$
mp-1187912,Zn3Se,Zn,Se,3.0,1.0,4.146787,-1.805911062499999,0.48865503000000005,MP,L1$_2$
mp-1186881,Rb3Ti,Rb,Ti,3.0,1.0,6.229364,-1.7938680575000001,0.9154055010416661,MP,L1$_2$
mp-1183304,Ba3Na,Ba,Na,3.0,1.0,6.23258744,-1.72536866,0.054992631041665005,MP,L1$_2$
mp-1186912,Rb3Th,Rb,Th,3.0,1.0,6.265999,-1.547497734999999,1.041367381875,MP,L1$_2$
mp-1094791,Mg3Zn,Mg,Zn,3.0,1.0,4.27551733,-1.5346974125,0.056217993650000006,MP,L1$_2$
mp-975383,RbCa3,Rb,Ca,1.0,3.0,5.83155,-1.5245420425,0.224791385625,MP,L1$_2$
mp-1183939,CsBa3,Cs,Ba,1.0,3.0,6.604370999999999,-1.5066099175,0.15961568008620602,MP,L1$_2$
mp-978273,Mg3Cd,Mg,Cd,3.0,1.0,4.40608282,-1.496131523749999,0.017591733749999002,MP,L1$_2$
mp-1187119,Sr3Hg,Sr,Hg,3.0,1.0,5.513,-1.45843445,0.164795232499999,MP,L1$_2$
mp-982665,K3In,K,In,3.0,1.0,5.77055794,-1.454180647499999,0.141514110880682,MP,L1$_2$
mp-1186965,Rb3Ce,Rb,Ce,3.0,1.0,7.475373,-1.4157573275,0.8038806943750001,MP,L1$_2$
mp-1184834,K3Ga,K,Ga,3.0,1.0,5.723655,-1.415244905,0.24784506766666703,MP,L1$_2$
mp-978282,Mg3Hg,Mg,Hg,3.0,1.0,4.35484442,-1.4148065975000002,0.017491376249999,MP,L1$_2$
mp-974627,K3Tl,K,Tl,3.0,1.0,5.90642,-1.4098563175,0.08472879322321401,MP,L1$_2$
mp-975199,RbSr3,Rb,Sr,1.0,3.0,6.247385,-1.3757527600000001,0.138701825625,MP,L1$_2$
mp-974948,Rb3In,Rb,In,3.0,1.0,6.189033,-1.3161205825,0.16634191892045402,MP,L1$_2$
mp-975051,Rb3Ag,Rb,Ag,3.0,1.0,6.136148,-1.3072734125,0.138861561458333,MP,L1$_2$
mp-978034,Rb3Sm,Rb,Sm,3.0,1.0,6.4310410000000005,-1.30461439,0.610432698124999,MP,L1$_2$
mp-975057,Rb3Dy,Rb,Dy,3.0,1.0,6.394361,-1.2532782975,0.636716138958334,MP,L1$_2$
mp-1186839,Rb3Er,Rb,Er,3.0,1.0,6.432978,-1.237556695,0.639773561875,MP,L1$_2$
mp-1186850,Rb3Lu,Rb,Lu,3.0,1.0,6.425565,-1.2344104825,0.631411935208333,MP,L1$_2$
mp-1186877,Rb3Tm,Rb,Tm,3.0,1.0,6.414985,-1.2215521225,0.634473801874998,MP,L1$_2$
mp-1184864,K3Ba,K,Ba,3.0,1.0,6.5628969999999995,-1.19760459,0.1306664370625,MP,L1$_2$
mp-974938,Rb3Li,Rb,Li,3.0,1.0,6.545835,-1.0674822775,0.14514899354166602,MP,L1$_2$
mp-974866,Rb3Na,Rb,Na,3.0,1.0,6.76059785,-1.022431387499999,0.048399361530173005,MP,L1$_2$
mp-1185080,KRb3,K,Rb,1.0,3.0,7.14148508,-0.9955300450000001,0.022712940062499003,MP,L1$_2$
mp-1183945,CsRb3,Cs,Rb,1.0,3.0,7.39196596,-0.9351089375000001,0.027286009461205,MP,L1$_2$
mp-975019,Rb3Cd,Rb,Cd,3.0,1.0,6.312502,-0.9118607200000001,0.06653064298076901,MP,L1$_2$
mp-974951,Rb3Hg,Rb,Hg,3.0,1.0,6.330224,-0.8559600725000001,0.06380580652343701,MP,L1$_2$
mp-1185553,Cs3Hg,Cs,Hg,3.0,1.0,6.783537,-0.7512057125,0.11063055454741201,MP,L1$_2$
