entry_id,formula,element_A,element_B,count_A,count_B,lattice_constant,delta_e,stability,volume,natoms
10677,Ti3Ag,Ti,Ag,3,1,4.075409019628892,0.0521080827853009,0.13038617655343165,67.6883,4
18890,PrSn3,Pr,Sn,1,3,4.769760707142207,-0.572317017013401,0.00029298375000086363,108.515,4
18123,TbSn3,Tb,Sn,1,3,4.698113019479592,-0.33898677880507,0.014555896018598524,103.698,4
17090,CePt3,Ce,Pt,1,3,4.219708956216178,-0.749716076875,0.10036981666666711,75.1359,4
18892,PrTl3,Pr,Tl,1,3,4.799204150461264,-0.312772653125,0.005527719999999958,110.537,4
10680,TmAg3,Tm,Ag,1,3,4.323402240966885,-0.125486840625,0.15238744,80.8122,4
10938,Li3Bi,Li,Bi,3,1,4.170235520093485,-0.54825697375,0.0,72.524,4
19408,AlCu3,Al,Cu,1,3,3.667883709859201,-0.1675233825,0.021387418749999998,49.3454,4
18125,ThSn3,Th,Sn,1,3,4.7535891617225845,-0.510827515138402,0.00013970250000006068,107.415,4
17620,LuPb3,Lu,Pb,1,3,4.8302059303483285,-0.17595500875,0.024753781249999995,112.693,4
17363,HfIr3,Hf,Ir,1,3,3.9602670465762873,-0.80344056875,0.0,62.1117,4
18884,PrPt3,Pr,Pt,1,3,4.201312892654558,-0.803113476875,0.08803257750000004,74.1575,4
18128,Ti3Sn,Ti,Sn,3,1,4.150731955860135,-0.333598379552499,0.03704907875000002,71.5112,4
18894,Pr3Tl,Pr,Tl,3,1,5.006232228637722,-0.216651561875,0.0009822525000010018,125.468,4
17622,LuPd3,Lu,Pd,1,3,4.0572759518405,-0.93506239625,0.0014361375000000454,66.7888,4
17873,NpRh3,Np,Rh,1,3,4.001420328940065,-0.354405087187502,0.0,64.0682,4
17875,NpSn3,Np,Sn,1,3,4.655364372198858,-0.207199044825901,6.759249999999106e-05,100.893,4
17628,LuTl3,Lu,Tl,1,3,4.688685626016045,-0.1237477075,0.0031962524999999964,103.075,4
18138,YbSn3,Yb,Sn,1,3,4.705139993191951,-0.514966627638402,0.00011728750000006283,104.164,4
19154,PuGe3,Pu,Ge,1,3,4.23856580483456,-0.37167911625,0.001877512500000289,76.1477,4
18908,SmSn3,Sm,Sn,1,3,4.731328362419685,-0.544505759513402,0.015036402499999046,105.913,4
17876,Np3Sn,Np,Sn,3,1,4.59376281329821,0.2163139917247,0.2854028701424449,96.9406,4
18132,USn3,U,Sn,1,3,4.6281885973929935,-0.197936296388401,0.00044904750000035465,99.1364,4
18135,YSn3,Y,Sn,1,3,4.701387850292981,-0.494753831388402,0.023511687268598425,103.915,4
22246,Pd3Au,Pd,Au,3,1,3.987502661463159,-0.0539886024999996,0.002142258750000174,63.402,4
19681,MgPd3,Mg,Pd,1,3,3.9462004803527,-0.486146624791667,0.009009687500001029,61.4522,4
17624,LuPt3,Lu,Pt,1,3,4.056816241029054,-1.09078774875,0.001670882500000026,66.7661,4
17890,AlNi3,Al,Ni,1,3,3.5561501537422324,-0.438648115,0.0,44.9718,4
22245,PdAu3,Pd,Au,1,3,4.106547144133877,-0.0775903750000002,0.00927139374999976,69.2517,4
10964,SrBi3,Sr,Bi,1,3,5.050815147963211,-0.44967529625,0.0018897949999996944,128.85,4
10935,K3Bi,K,Bi,3,1,5.468792962927784,-0.36386087,0.02465771458333299,163.559,4
22226,LiO3,Li,O,1,3,3.2830134164546596,-0.918965089409066,0.0,35.3849,4
21460,TiMo3,Ti,Mo,1,3,3.9760696197259375,-0.159297095946565,0.004696062500000708,62.8582,4
10692,Zr3Ag,Zr,Ag,3,1,4.396162287300452,0.028998483125001,0.1121212862500012,84.9613,4
17877,Np3Tl,Np,Tl,3,1,4.654641374865424,0.545530579687499,0.545530579687499,100.846,4
21464,Re3Ru,Re,Ru,3,1,3.8762328370045407,-0.0594438662499996,0.0,58.2411,4
10447,DyAl3,Dy,Al,1,3,4.254197467813818,-0.420638754166667,0.010979616250000379,76.9933,4
17632,NdMg3,Nd,Mg,1,3,4.675075541879415,-0.123753715625003,0.0001252762499995147,102.18,4
10961,Rb3Bi,Rb,Bi,3,1,5.7088914272512845,-0.31336118875,0.027849214999999983,186.061,4
29766,Cu3Pt,Cu,Pt,3,1,3.711936130242701,-0.140900407499999,9.532500000100641e-05,51.1448,4
10707,CdAu3,Cd,Au,1,3,4.205857284975995,-0.13574701,0.004866783749999992,74.3984,4
18149,TbTl3,Tb,Tl,1,3,4.721614644372845,-0.0672390749166678,0.005174874999999801,105.262,4
27979,ZrAl3,Zr,Al,1,3,4.103296971305145,-0.4605782375,0.027378616249999987,69.0874,4
17897,ReO3,Re,O,1,3,3.763891587248501,-1.90076963815907,0.003951263749995881,53.3226,4
17642,PrMg3,Pr,Mg,1,3,4.688336857994504,-0.129650448750003,7.564249999944539e-05,103.052,4
30031,ErPt3,Er,Pt,1,3,4.082215252211859,-1.054195475,0.0013947950000006148,68.028,4
17387,HfRh3,Hf,Rh,1,3,3.931873360929119,-0.75821312375,0.0009227850000002036,60.7853,4
4824,Cu3N,Cu,N,3,1,3.817179830527574,0.237262656164123,0.237262656164123,55.6196,4
26968,Na3N,Na,N,3,1,4.70708152344106,0.092471370525387,0.18979862071771958,104.293,4
18920,Ce3Al,Ce,Al,3,1,4.988533725008012,-0.156469135625001,0.032616688749998984,124.142,4
18665,CePd3,Ce,Pd,1,3,4.225569639474163,-0.726107479375,0.0,75.4494,4
18167,TiZn3,Ti,Zn,1,3,3.908510889572393,-0.209320203446566,0.0,59.7082,4
10477,HoAl3,Ho,Al,1,3,4.2426937907481745,-0.419251880833333,0.005378295500000019,76.3704,4
30308,GaNi3,Ga,Ni,1,3,3.580935743658196,-0.29749693875,5.1795000000243174e-05,45.9187,4
17159,Cu3Pd,Cu,Pd,3,1,3.707911001294083,-0.104937017499999,0.0028903739285720126,50.9786,4
10489,LiAl3,Li,Al,1,3,4.009999979270444,-0.0996664275000003,0.0,64.4812,4
11003,CaSn3,Ca,Sn,1,3,4.750666573121296,-0.463820795138401,0.0005862650000008074,107.217,4
6868,AgTe3,Ag,Te,1,3,4.863437423211763,-0.0219079768749975,0.005009632916668852,115.035,4
18162,ThTl3,Th,Tl,1,3,4.816048712177865,-0.16096145125,0.0012070574999999972,111.705,4
17908,PaRh3,Pa,Rh,1,3,4.059346396762386,-0.899696755000001,1.096999999972148e-05,66.8911,4
5086,UO3,U,O,1,3,4.15831978805133,-3.10540211754009,0.025649994687499955,71.9041,4
19192,HoGa3,Ho,Ga,1,3,4.232495476952448,-0.519039842083333,0.00324338562499904,75.821,4
17913,PrPb3,Pr,Pb,1,3,4.906904053607598,-0.380649049375,0.00583569500000003,118.147,4
19193,TmGa3,Tm,Ga,1,3,4.223518848718532,-0.50422251375,0.0,75.3396,4
18170,TmTl3,Tm,Tl,1,3,4.698339537180467,-0.15962322875,0.004358943750000233,103.713,4
17915,Pt3Pb,Pt,Pb,3,1,4.11667018162776,-0.0909596774999999,0.046924961188772166,69.7651,4
18171,UTl3,U,Tl,1,3,4.748287471294845,0.23442209,0.23442209,107.056,4
18173,YTl3,Y,Tl,1,3,4.720507941122786,-0.2310098925,0.0,105.188,4
11006,CaTl3,Ca,Tl,1,3,4.82578714103727,-0.23969722125,0.0,112.384,4
29555,CrIr3,Cr,Ir,1,3,3.8173125108146744,-0.22469347,0.0011297812500004611,55.6254,4
17437,Ti3Hg,Ti,Hg,3,1,4.121848465173941,-0.0663295740812648,0.0745326725000002,70.0287,4
17954,SnPd3,Sn,Pd,1,3,4.0199750829705625,-0.5393308417128,0.0020998225000004034,64.9636,4
18722,TiAl3,Ti,Al,1,3,3.991440028120686,-0.412315135946566,0.005616215000000313,63.59,4
10446,DyAl3,Dy,Al,1,3,4.3157436214692915,-0.283339576666667,0.14827879375000041,80.3835,4
17644,MgPt3,Mg,Pt,1,3,3.944157361165807,-0.593590512291668,0.0015925799999989554,61.3568,4
17652,SmMg3,Sm,Mg,1,3,4.643444726986718,-0.109480373750003,2.297125000000344e-05,100.12,4
10471,HfAl3,Hf,Al,1,3,4.107232919800202,-0.38658195125,0.009712300000001006,69.2864,4
10461,AlFe3,Al,Fe,1,3,3.605475207678863,-0.200551367500001,0.008161893183735114,46.8692,4
17912,Pr3Pb,Pr,Pb,3,1,5.019801476781732,-0.346203270625,0.013027595129488312,126.491,4
17917,Pu3Pb,Pu,Pb,3,1,4.770112320033441,-0.0765148599999996,0.020057960000000846,108.539,4
5608,TiF3,Ti,F,1,3,3.860262718478319,-3.6083761652949,0.013776394999995834,57.5242,4
17924,SrPb3,Sr,Pb,1,3,5.003051470659846,-0.360108355,0.002922580000000008,125.229,4
18693,GdPd3,Gd,Pd,1,3,4.120659161823371,-0.868430664374999,0.001931357500000619,69.9681,4
17158,Cu3Pd,Cu,Pd,3,1,3.705086745947271,-0.1043259475,0.0035014439285710047,50.8622,4
17926,TbPb3,Tb,Pb,1,3,4.857242871560604,-0.126429711166668,0.002615772499998975,114.596,4
29803,Cu3Sn,Cu,Sn,3,1,3.8587074520050053,0.0351470832872001,0.0714824675000008,57.4547,4
17672,MnNi3,Mn,Ni,1,3,3.5549082408104153,-0.111224635948275,0.0,44.9247,4
17928,ThPb3,Th,Pb,1,3,4.909422380660651,-0.232525222500001,0.0,118.329,4
17929,TmPb3,Tm,Pb,1,3,4.835329602125949,-0.2130800775,0.018495053750000268,113.052,4
24941,Na3Hg,Na,Hg,3,1,4.796974366369942,-0.211994986880303,0.016917102431740078,110.383,4
17931,UPb3,U,Pb,1,3,4.833304267231733,0.148792423750001,0.148792423750001,112.91,4
18189,VZn3,V,Zn,1,3,3.8148426881031474,-0.04073035,0.0,55.5175,4
30065,ErTl3,Er,Tl,1,3,4.704673185043906,-0.18061170875,0.004830775000000009,104.133,4
10494,LuAl3,Lu,Al,1,3,4.203132583606407,-0.39538211875,0.0,74.2539,4
17934,YPb3,Y,Pb,1,3,4.8583305301289705,-0.28738307875,0.009914671310809031,114.673,4
17681,MnPt3,Mn,Pt,1,3,3.9276189804399775,-0.358891590948275,5.291000000001711e-05,60.5882,4
17937,YbPb3,Yb,Pb,1,3,4.879338237774983,-0.3634800275,0.0,116.167,4
17682,Mn3Pt,Mn,Pt,3,1,3.832999760933835,0.0663786121551748,0.2426364281034498,56.314,4
17171,Ti3Cu,Ti,Cu,3,1,3.9492633353565862,-0.0275357728396983,0.09173134655343419,61.5954,4
17190,ErPb3,Er,Pb,1,3,4.840172113270229,-0.2354419825,0.01424802499999997,113.392,4
30346,ScGa3,Sc,Ga,1,3,4.103940292884291,-0.493635575,0.0003829950000009963,69.1199,4
17704,MnZn3,Mn,Zn,1,3,3.8090320699607236,-0.0240053184482751,0.0,55.2642,4
17450,ZrHg3,Zr,Hg,1,3,4.414405266122651,-0.0127565337247013,0.057874252516865635,86.0234,4
17965,TbPd3,Tb,Pd,1,3,4.109407310101755,-0.717657476166668,0.0017938774999998186,69.3965,4
6431,Li3N,Li,N,3,1,3.525870884531975,-0.425699003835876,0.0,43.8328,4
18714,AlPt3,Al,Pt,1,3,3.9176712879904376,-0.687711832500001,0.01557226749999896,60.129,4
18716,ScAl3,Sc,Al,1,3,4.1029999856050505,-0.45477582375,0.0,69.0724,4
17455,HoIn3,Ho,In,1,3,4.60640255259235,-0.403235933333332,0.0013795024999999628,97.743,4
10989,Ca3Hg,Ca,Hg,3,1,5.059788875045956,-0.184148943741567,0.11476382187499998,129.538,4
18175,YbTl3,Yb,Tl,1,3,4.76556665789008,-0.25977716625,0.0,108.229,4
13815,Ni3Sb,Ni,Sb,3,1,3.7294892049952004,-0.128388716250001,0.0414576987499993,51.8738,4
29575,CrPt3,Cr,Pt,1,3,3.8982174628452992,-0.254736625,0.0015777425000008116,59.2377,4
17206,DySn3,Dy,Sn,1,3,4.692140175525884,-0.487087984305069,0.030662774999999975,103.303,4
17988,YbPd3,Yb,Pd,1,3,4.055501338557811,-0.69754859,0.0,66.7012,4
17981,TmPd3,Tm,Pd,1,3,4.07367026004751,-0.92451966,0.0014887550000000083,67.6017,4
21315,Al3V,Al,V,3,1,3.8978225846814603,-0.1433416,0.1389778425,59.2197,4
17945,ScPd3,Sc,Pd,1,3,3.9934580565768893,-0.85439362875,0.0,63.6865,4
17179,DyGa3,Dy,Ga,1,3,4.2647084384121206,-0.526345412916668,0.007079151249999249,77.5654,4
10537,NpAl3,Np,Al,1,3,4.252179735386436,-0.0962618446875005,0.021344041874999525,76.8838,4
17405,Li3Hg,Li,Hg,3,1,4.047429146250677,-0.271053471241567,0.003872851250000253,66.3037,4
17947,SmPd3,Sm,Pd,1,3,4.147872330745149,-0.825939259375001,0.0021758924999990548,71.3635,4
17972,TiPd3,Ti,Pd,1,3,3.907033112327023,-0.641766360946566,0.007792608749999985,59.6405,4
17468,HoPd3,Ho,Pd,1,3,4.090640956612114,-0.904235833333333,0.001724717500000028,68.4501,4
30363,UGa3,U,Ga,1,3,4.2536264318699955,-0.225247895,0.00032668499999999323,76.9623,4
17918,PuPb3,Pu,Pb,1,3,4.885602608588553,-0.1681913425,0.0,116.615,4
10768,Li3Au,Li,Au,3,1,3.920169453316185,-0.41273244,0.0038536087500001814,60.2441,4
17196,ErSn3,Er,Sn,1,3,4.682521469798094,-0.452167857638401,0.02618280039360016,102.669,4
30123,EuPb3,Eu,Pb,1,3,4.915003299562753,-0.461442005,0.00153450250000009,118.733,4
10999,Ca3Pb,Ca,Pb,3,1,5.051925547439225,-0.3912271775,0.03392165562500049,128.935,4
17472,HoPt3,Ho,Pt,1,3,4.0913898230419505,-1.03721596583333,0.001626950000000127,68.4877,4
17728,NaPb3,Na,Pb,1,3,4.927074889944166,-0.147622507712912,0.0,119.61,4
29096,CeH3,Ce,H,1,3,3.4631341399146667,-0.487018281013131,0.02167996000000011,41.5344,4
17477,HoSn3,Ho,Sn,1,3,4.686607415231691,-0.470020038471734,0.03527483375000007,102.938,4
17953,SnPd3,Sn,Pd,1,3,4.009093892943308,-0.5312744217128,0.010156242500000356,64.4375,4
17465,HoPb3,Ho,Pb,1,3,4.845814222505677,-0.254535128333333,0.00974281749999939,113.789,4
30302,NbGa3,Nb,Ga,1,3,4.000747776865395,-0.30627533375,0.0,64.0359,4
10992,Ca3In,Ca,In,3,1,5.073695135581107,-0.23368193,0.08659040699796025,130.609,4
5879,MoF3,Mo,F,1,3,4.036090064170249,-2.42721397684833,0.03320842874999963,65.748,4
5880,TaF3,Ta,F,1,3,4.057798316087782,-2.72589414684833,0.3965262734999948,66.8146,4
11007,Ca3Tl,Ca,Tl,3,1,5.062352533427366,-0.18328613125,0.11027262398415325,129.735,4
11015,CeCd3,Ce,Cd,1,3,4.599385551198469,-0.313597831875,0.002992390000000289,97.297,4
18711,AlNi3,Al,Ni,1,3,3.5555701749977593,-0.432444915,0.00620320000000002,44.9498,4
30332,Pu3Ga,Pu,Ga,3,1,4.554382124456766,-0.105038936250001,0.06654659312499898,94.4688,4
