config_index,config_name,n_fe,n_v,converged,energy_per_atom,sro,sublattice_diff,E_vegard,E_deviation
0,config_000_Fe8V0,8.0,0.0,0.0,-6.67449979875,0.0,0.0,-8.2748,1.6003002012500005
1,config_001_Fe7V1,7.0,1.0,0.0,-6.57593174625,1.0,-0.25,-8.360850000000001,1.7849182537500008
2,config_002_Fe7V1,7.0,1.0,0.0,-6.57589287375,1.0,-0.25,-8.360850000000001,1.784957126250001
3,config_003_Fe6V2,6.0,2.0,0.0,-8.4631206575,1.0,-0.5,-8.446900000000001,-0.016220657499998126
4,config_004_Fe7V1,7.0,1.0,0.0,-6.57588436125,1.0,-0.25,-8.360850000000001,1.784965638750001
5,config_005_Fe6V2,6.0,2.0,0.0,-6.5492552775,1.0,-0.5,-8.446900000000001,1.8976447225000008
6,config_006_Fe6V2,6.0,2.0,1.0,-8.523591745,1.0,-0.5,-8.446900000000001,-0.07669174499999798
7,config_007_Fe5V3,5.0,3.0,1.0,-8.45668461375,1.0,-0.75,-8.53295,0.07626538625000023
8,config_008_Fe7V1,7.0,1.0,0.0,-6.575882265,1.0,-0.25,-8.360850000000001,1.7849677350000013
9,config_009_Fe6V2,6.0,2.0,1.0,-8.52359192625,1.0,-0.5,-8.446900000000001,-0.07669192624999965
10,config_010_Fe6V2,6.0,2.0,0.0,-8.5114315425,1.0,-0.5,-8.446900000000001,-0.06453154249999926
11,config_011_Fe5V3,5.0,3.0,0.0,-6.4916758375,1.0,-0.75,-8.53295,2.0412741624999997
12,config_012_Fe6V2,6.0,2.0,0.0,-8.51143154625,1.0,-0.5,-8.446900000000001,-0.06453154624999868
13,config_013_Fe5V3,5.0,3.0,0.0,-6.49176491,1.0,-0.75,-8.53295,2.04118509
14,config_014_Fe5V3,5.0,3.0,1.0,-8.45667782875,1.0,-0.75,-8.53295,0.0762721712500003
15,config_015_Fe4V4,4.0,4.0,0.0,-6.4029730225,1.0,-1.0,-8.619,2.2160269774999994
16,config_016_Fe7V1,7.0,1.0,0.0,-6.58614820375,-1.0,0.25,-8.360850000000001,1.7747017962500014
17,config_017_Fe6V2,6.0,2.0,1.0,-8.264222295,0.0,0.0,-8.446900000000001,0.18267770500000147
18,config_018_Fe6V2,6.0,2.0,1.0,-8.28910494625,0.0,0.0,-8.446900000000001,0.1577950537500019
19,config_019_Fe5V3,5.0,3.0,0.0,-8.42591917875,0.33333333333333337,-0.25,-8.53295,0.10703082124999952
20,config_020_Fe6V2,6.0,2.0,1.0,-8.47505434125,0.0,0.0,-8.446900000000001,-0.028154341249999604
21,config_021_Fe5V3,5.0,3.0,0.0,-8.426229555,0.33333333333333337,-0.25,-8.53295,0.10672044499999878
22,config_022_Fe5V3,5.0,3.0,1.0,-8.4317761925,0.33333333333333337,-0.25,-8.53295,0.10117380750000038
23,config_023_Fe4V4,4.0,4.0,1.0,-8.6073922425,0.5,-0.5,-8.619,0.011607757500000204
24,config_024_Fe6V2,6.0,2.0,1.0,-8.26422612375,0.0,0.0,-8.446900000000001,0.18267387625000175
25,config_025_Fe5V3,5.0,3.0,1.0,-8.43177588375,0.33333333333333337,-0.25,-8.53295,0.10117411625000017
26,config_026_Fe5V3,5.0,3.0,0.0,-8.4269374125,0.33333333333333337,-0.25,-8.53295,0.10601258750000042
27,config_027_Fe4V4,4.0,4.0,1.0,-8.60738445,0.5,-0.5,-8.619,0.011615550000000141
28,config_028_Fe5V3,5.0,3.0,0.0,-8.42837332,0.33333333333333337,-0.25,-8.53295,0.1045766799999992
29,config_029_Fe4V4,4.0,4.0,1.0,-8.6076580475,0.5,-0.5,-8.619,0.011341952500000474
30,config_030_Fe4V4,4.0,4.0,1.0,-8.60737323375,0.5,-0.5,-8.619,0.011626766250000031
31,config_031_Fe3V5,3.0,5.0,1.0,-8.79875322,1.0,-0.75,-8.70505,-0.09370322000000009
32,config_032_Fe7V1,7.0,1.0,0.0,-6.5758801025,-1.0,0.25,-8.360850000000001,1.7849698975000008
33,config_033_Fe6V2,6.0,2.0,1.0,-8.26422342375,0.0,0.0,-8.446900000000001,0.18267657625000133
34,config_034_Fe6V2,6.0,2.0,1.0,-8.47508839125,0.0,0.0,-8.446900000000001,-0.02818839124999961
35,config_035_Fe5V3,5.0,3.0,1.0,-8.43383938125,0.33333333333333337,-0.25,-8.53295,0.09911061875000016
36,config_036_Fe6V2,6.0,2.0,1.0,-8.47508600375,0.0,0.0,-8.446900000000001,-0.028186003749999244
37,config_037_Fe5V3,5.0,3.0,1.0,-8.43384169125,0.33333333333333337,-0.25,-8.53295,0.0991083087499991
38,config_038_Fe5V3,5.0,3.0,1.0,-8.43177664375,0.33333333333333337,-0.25,-8.53295,0.10117335624999946
39,config_039_Fe4V4,4.0,4.0,1.0,-8.60739313125,0.5,-0.5,-8.619,0.011606868750000388
40,config_040_Fe6V2,6.0,2.0,1.0,-8.28910799875,0.0,0.0,-8.446900000000001,0.1577920012500016
41,config_041_Fe5V3,5.0,3.0,1.0,-8.43177831375,0.33333333333333337,-0.25,-8.53295,0.10117168624999984
42,config_042_Fe5V3,5.0,3.0,1.0,-8.43384137125,0.33333333333333337,-0.25,-8.53295,0.09910862874999893
43,config_043_Fe4V4,4.0,4.0,1.0,-8.6073851725,0.5,-0.5,-8.619,0.011614827499998981
44,config_044_Fe5V3,5.0,3.0,0.0,-8.42713069875,0.33333333333333337,-0.25,-8.53295,0.1058193012499995
45,config_045_Fe4V4,4.0,4.0,1.0,-8.60738452375,0.5,-0.5,-8.619,0.011615476250000256
46,config_046_Fe4V4,4.0,4.0,1.0,-8.61361553,0.5,-0.5,-8.619,0.005384469999999197
47,config_047_Fe3V5,3.0,5.0,0.0,-6.2939880925,1.0,-0.75,-8.70505,2.4110619074999997
48,config_048_Fe6V2,6.0,2.0,0.0,-6.54925527375,-1.0,0.5,-8.446900000000001,1.8976447262500011
49,config_049_Fe5V3,5.0,3.0,0.0,-8.42634495375,-0.33333333333333326,0.25,-8.53295,0.10660504624999945
50,config_050_Fe5V3,5.0,3.0,0.0,-8.42461324,-0.33333333333333326,0.25,-8.53295,0.10833676000000025
51,config_051_Fe4V4,4.0,4.0,0.0,-8.6114867025,0.0,0.0,-8.619,0.007513297499999183
52,config_052_Fe5V3,5.0,3.0,0.0,-6.44725611875,-0.33333333333333326,0.25,-8.53295,2.085693881249999
53,config_053_Fe4V4,4.0,4.0,1.0,-8.5472129,0.0,0.0,-8.619,0.07178709999999988
54,config_054_Fe4V4,4.0,4.0,1.0,-8.56566622,0.0,0.0,-8.619,0.05333377999999911
55,config_055_Fe3V5,3.0,5.0,0.0,-8.73486236875,0.19999999999999996,-0.25,-8.70505,-0.029812368750000928
56,config_056_Fe5V3,5.0,3.0,1.0,-8.43383795875,-0.33333333333333326,0.25,-8.53295,0.09911204124999884
57,config_057_Fe4V4,4.0,4.0,1.0,-8.56566677875,0.0,0.0,-8.619,0.05333322124999995
58,config_058_Fe4V4,4.0,4.0,1.0,-8.5472127975,0.0,0.0,-8.619,0.07178720249999948
59,config_059_Fe3V5,3.0,5.0,1.0,-8.73486939875,0.19999999999999996,-0.25,-8.70505,-0.029819398749999948
60,config_060_Fe4V4,4.0,4.0,1.0,-8.61157583125,0.0,0.0,-8.619,0.007424168749999183
61,config_061_Fe3V5,3.0,5.0,1.0,-8.7348663975,0.19999999999999996,-0.25,-8.70505,-0.029816397499999425
62,config_062_Fe3V5,3.0,5.0,0.0,-6.227786265,0.19999999999999996,-0.25,-8.70505,2.477263735
63,config_063_Fe2V6,2.0,6.0,1.0,-8.88699537125,1.0,-0.5,-8.7911,-0.09589537125000014
64,config_064_Fe7V1,7.0,1.0,0.0,-6.58111042,-1.0,0.25,-8.360850000000001,1.779739580000001
65,config_065_Fe6V2,6.0,2.0,1.0,-8.28910744875,0.0,0.0,-8.446900000000001,0.1577925512500009
66,config_066_Fe6V2,6.0,2.0,1.0,-8.475057205,0.0,0.0,-8.446900000000001,-0.028157204999999408
67,config_067_Fe5V3,5.0,3.0,1.0,-8.43384062125,0.33333333333333337,-0.25,-8.53295,0.09910937874999881
68,config_068_Fe6V2,6.0,2.0,1.0,-8.4750567775,0.0,0.0,-8.446900000000001,-0.028156777499999563
69,config_069_Fe5V3,5.0,3.0,1.0,-8.43383925,0.33333333333333337,-0.25,-8.53295,0.09911074999999947
70,config_070_Fe5V3,5.0,3.0,1.0,-8.4594259525,0.33333333333333337,-0.25,-8.53295,0.07352404749999941
71,config_071_Fe4V4,4.0,4.0,1.0,-8.607377835,0.5,-0.5,-8.619,0.01162216500000035
72,config_072_Fe6V2,6.0,2.0,1.0,-8.47508813875,0.0,0.0,-8.446900000000001,-0.02818813874999826
73,config_073_Fe5V3,5.0,3.0,1.0,-8.4317769575,0.33333333333333337,-0.25,-8.53295,0.10117304249999926
74,config_074_Fe5V3,5.0,3.0,0.0,-8.425329625,0.33333333333333337,-0.25,-8.53295,0.10762037499999977
75,config_075_Fe4V4,4.0,4.0,1.0,-8.6073833575,0.5,-0.5,-8.619,0.01161664249999994
76,config_076_Fe5V3,5.0,3.0,0.0,-8.5629644275,0.33333333333333337,-0.25,-8.53295,-0.030014427500001162
77,config_077_Fe4V4,4.0,4.0,0.0,-6.39294971,0.5,-0.5,-8.619,2.22605029
78,config_078_Fe4V4,4.0,4.0,1.0,-8.61361002625,0.5,-0.5,-8.619,0.005389973749998944
79,config_079_Fe3V5,3.0,5.0,1.0,-8.79875317625,1.0,-0.75,-8.70505,-0.09370317625000091
80,config_080_Fe6V2,6.0,2.0,0.0,-6.5492552725,-1.0,0.5,-8.446900000000001,1.8976447275000012
81,config_081_Fe5V3,5.0,3.0,0.0,-8.42686530625,-0.33333333333333326,0.25,-8.53295,0.10608469374999885
82,config_082_Fe5V3,5.0,3.0,1.0,-8.4244583975,-0.33333333333333326,0.25,-8.53295,0.10849160249999912
83,config_083_Fe4V4,4.0,4.0,1.0,-8.54721296375,0.0,0.0,-8.619,0.07178703624999905
84,config_084_Fe5V3,5.0,3.0,1.0,-8.425439635,-0.33333333333333326,0.25,-8.53295,0.10751036499999955
85,config_085_Fe4V4,4.0,4.0,0.0,-8.6114871275,0.0,0.0,-8.619,0.0075128724999995455
86,config_086_Fe4V4,4.0,4.0,1.0,-8.57052256375,0.0,0.0,-8.619,0.048477436249999784
87,config_087_Fe3V5,3.0,5.0,1.0,-8.73486757,0.19999999999999996,-0.25,-8.70505,-0.029817570000000515
88,config_088_Fe5V3,5.0,3.0,0.0,-8.4437652375,-0.33333333333333326,0.25,-8.53295,0.0891847625000004
89,config_089_Fe4V4,4.0,4.0,1.0,-8.56566868875,0.0,0.0,-8.619,0.05333131125000001
90,config_090_Fe4V4,4.0,4.0,1.0,-8.61157612375,0.0,0.0,-8.619,0.00742387624999985
91,config_091_Fe3V5,3.0,5.0,1.0,-8.73486823875,0.19999999999999996,-0.25,-8.70505,-0.029818238749999892
92,config_092_Fe4V4,4.0,4.0,1.0,-8.54721179625,0.0,0.0,-8.619,0.07178820374999972
93,config_093_Fe3V5,3.0,5.0,1.0,-8.73486731125,0.19999999999999996,-0.25,-8.70505,-0.029817311249999534
94,config_094_Fe3V5,3.0,5.0,1.0,-8.7348690225,0.19999999999999996,-0.25,-8.70505,-0.029819022499999903
95,config_095_Fe2V6,2.0,6.0,1.0,-8.8869947325,1.0,-0.5,-8.7911,-0.09589473249999969
96,config_096_Fe6V2,6.0,2.0,1.0,-8.3119288675,-1.0,0.5,-8.446900000000001,0.13497113250000048
97,config_097_Fe5V3,5.0,3.0,1.0,-8.4317767075,-0.33333333333333326,0.25,-8.53295,0.1011732925000004
98,config_098_Fe5V3,5.0,3.0,1.0,-8.43177520125,-0.33333333333333326,0.25,-8.53295,0.1011747987499998
99,config_099_Fe4V4,4.0,4.0,1.0,-8.56566871375,0.0,0.0,-8.619,0.05333128624999972
100,config_100_Fe5V3,5.0,3.0,1.0,-8.43177691,-0.33333333333333326,0.25,-8.53295,0.10117308999999963
101,config_101_Fe4V4,4.0,4.0,1.0,-8.56566801875,0.0,0.0,-8.619,0.05333198125000038
102,config_102_Fe4V4,4.0,4.0,0.0,-8.07147349875,0.0,0.0,-8.619,0.5475265012499992
103,config_103_Fe3V5,3.0,5.0,1.0,-8.7317030175,0.19999999999999996,-0.25,-8.70505,-0.026653017499999265
104,config_104_Fe5V3,5.0,3.0,1.0,-8.431777785,-0.33333333333333326,0.25,-8.53295,0.10117221500000007
105,config_105_Fe4V4,4.0,4.0,1.0,-8.59734356125,0.0,0.0,-8.619,0.021656438750000007
106,config_106_Fe4V4,4.0,4.0,1.0,-8.56566991125,0.0,0.0,-8.619,0.053330088750000115
107,config_107_Fe3V5,3.0,5.0,1.0,-8.73170338625,0.19999999999999996,-0.25,-8.70505,-0.026653386250000466
108,config_108_Fe4V4,4.0,4.0,1.0,-8.565663155,0.0,0.0,-8.619,0.053336845000000466
109,config_109_Fe3V5,3.0,5.0,0.0,-6.2671468575,0.19999999999999996,-0.25,-8.70505,2.4379031424999997
110,config_110_Fe3V5,3.0,5.0,1.0,-8.73169814,0.19999999999999996,-0.25,-8.70505,-0.02664814000000071
111,config_111_Fe2V6,2.0,6.0,0.0,-6.124252745,1.0,-0.5,-8.7911,2.6668472550000004
112,config_112_Fe5V3,5.0,3.0,1.0,-8.4566858625,-1.0,0.75,-8.53295,0.07626413749999905
113,config_113_Fe4V4,4.0,4.0,0.0,-8.6122459425,-0.5,0.5,-8.619,0.006754057500000243
114,config_114_Fe4V4,4.0,4.0,1.0,-8.60737822875,-0.5,0.5,-8.619,0.011621771250000634
115,config_115_Fe3V5,3.0,5.0,1.0,-8.73486814,-0.19999999999999996,0.25,-8.70505,-0.029818139999999715
116,config_116_Fe4V4,4.0,4.0,1.0,-8.60739725125,-0.5,0.5,-8.619,0.011602748750000558
117,config_117_Fe3V5,3.0,5.0,1.0,-8.73486728375,-0.19999999999999996,0.25,-8.70505,-0.02981728375000081
118,config_118_Fe3V5,3.0,5.0,1.0,-8.73170138875,-0.19999999999999996,0.25,-8.70505,-0.026651388750000393
119,config_119_Fe2V6,2.0,6.0,1.0,-8.848792985,0.0,0.0,-8.7911,-0.0576929849999992
120,config_120_Fe4V4,4.0,4.0,0.0,-6.39297831625,-0.5,0.5,-8.619,2.22602168375
121,config_121_Fe3V5,3.0,5.0,0.0,-6.2671471825,-0.19999999999999996,0.25,-8.70505,2.4379028175000004
122,config_122_Fe3V5,3.0,5.0,0.0,-6.2278366075,-0.19999999999999996,0.25,-8.70505,2.4772133925000004
123,config_123_Fe2V6,2.0,6.0,1.0,-8.84879492625,0.0,0.0,-8.7911,-0.05769492624999906
124,config_124_Fe3V5,3.0,5.0,1.0,-8.734868145,-0.19999999999999996,0.25,-8.70505,-0.02981814500000013
125,config_125_Fe2V6,2.0,6.0,0.0,-6.04477026625,0.0,0.0,-8.7911,2.7463297337500006
126,config_126_Fe2V6,2.0,6.0,1.0,-8.84879229125,0.0,0.0,-8.7911,-0.05769229124999953
127,config_127_Fe1V7,1.0,7.0,1.0,-8.91308062625,1.0,-0.25,-8.87715,-0.035930626249999875
128,config_128_Fe7V1,7.0,1.0,0.0,-6.5758789,-1.0,0.25,-8.360850000000001,1.7849711000000008
129,config_129_Fe6V2,6.0,2.0,1.0,-8.475088215,0.0,0.0,-8.446900000000001,-0.02818821499999835
130,config_130_Fe6V2,6.0,2.0,1.0,-8.47505703,0.0,0.0,-8.446900000000001,-0.02815702999999914
131,config_131_Fe5V3,5.0,3.0,1.0,-8.42446789625,0.33333333333333337,-0.25,-8.53295,0.10848210374999923
132,config_132_Fe6V2,6.0,2.0,1.0,-8.28910702,0.0,0.0,-8.446900000000001,0.15779298000000175
133,config_133_Fe5V3,5.0,3.0,0.0,-8.42792600875,0.33333333333333337,-0.25,-8.53295,0.10502399125000039
134,config_134_Fe5V3,5.0,3.0,1.0,-8.431777355,0.33333333333333337,-0.25,-8.53295,0.10117264500000012
135,config_135_Fe4V4,4.0,4.0,1.0,-8.60764933625,0.5,-0.5,-8.619,0.011350663749999157
136,config_136_Fe6V2,6.0,2.0,1.0,-8.3486301075,0.0,0.0,-8.446900000000001,0.09826989250000118
137,config_137_Fe5V3,5.0,3.0,1.0,-8.43177669625,0.33333333333333337,-0.25,-8.53295,0.10117330375000044
138,config_138_Fe5V3,5.0,3.0,1.0,-8.4338366925,0.33333333333333337,-0.25,-8.53295,0.09911330749999969
139,config_139_Fe4V4,4.0,4.0,1.0,-8.61361793625,0.5,-0.5,-8.619,0.0053820637499999435
140,config_140_Fe5V3,5.0,3.0,0.0,-8.42747114125,0.33333333333333337,-0.25,-8.53295,0.10547885874999885
141,config_141_Fe4V4,4.0,4.0,1.0,-8.6073941475,0.5,-0.5,-8.619,0.011605852499998903
142,config_142_Fe4V4,4.0,4.0,1.0,-8.60737432125,0.5,-0.5,-8.619,0.011625678750000645
143,config_143_Fe3V5,3.0,5.0,1.0,-8.80011334625,1.0,-0.75,-8.70505,-0.09506334625000079
144,config_144_Fe6V2,6.0,2.0,0.0,-6.62412007375,-1.0,0.5,-8.446900000000001,1.8227799262500008
145,config_145_Fe5V3,5.0,3.0,1.0,-8.43177687,-0.33333333333333326,0.25,-8.53295,0.10117312999999939
146,config_146_Fe5V3,5.0,3.0,1.0,-8.43177699375,-0.33333333333333326,0.25,-8.53295,0.10117300624999892
147,config_147_Fe4V4,4.0,4.0,1.0,-8.56566681,0.0,0.0,-8.619,0.05333319000000003
148,config_148_Fe5V3,5.0,3.0,1.0,-8.5817388375,-0.33333333333333326,0.25,-8.53295,-0.04878883750000007
149,config_149_Fe4V4,4.0,4.0,0.0,-8.5658814,0.0,0.0,-8.619,0.05311859999999946
150,config_150_Fe4V4,4.0,4.0,1.0,-8.59734149875,0.0,0.0,-8.619,0.02165850125000013
151,config_151_Fe3V5,3.0,5.0,1.0,-8.73170518625,0.19999999999999996,-0.25,-8.70505,-0.026655186250000185
152,config_152_Fe5V3,5.0,3.0,1.0,-8.43177677125,-0.33333333333333326,0.25,-8.53295,0.10117322874999957
153,config_153_Fe4V4,4.0,4.0,1.0,-8.59734303875,0.0,0.0,-8.619,0.021656961250000606
154,config_154_Fe4V4,4.0,4.0,1.0,-8.56566568625,0.0,0.0,-8.619,0.05333431374999975
155,config_155_Fe3V5,3.0,5.0,0.0,-6.2671467325,0.19999999999999996,-0.25,-8.70505,2.4379032675000003
156,config_156_Fe4V4,4.0,4.0,1.0,-8.5656635025,0.0,0.0,-8.619,0.053336497500000135
157,config_157_Fe3V5,3.0,5.0,1.0,-8.73170195,0.19999999999999996,-0.25,-8.70505,-0.026651949999999758
158,config_158_Fe3V5,3.0,5.0,1.0,-8.7317033175,0.19999999999999996,-0.25,-8.70505,-0.02665331749999922
159,config_159_Fe2V6,2.0,6.0,0.0,-6.124252745,1.0,-0.5,-8.7911,2.6668472550000004
160,config_160_Fe6V2,6.0,2.0,0.0,-6.54925528,-1.0,0.5,-8.446900000000001,1.8976447200000015
161,config_161_Fe5V3,5.0,3.0,1.0,-8.43384076625,-0.33333333333333326,0.25,-8.53295,0.09910923374999925
162,config_162_Fe5V3,5.0,3.0,1.0,-8.433839845,-0.33333333333333326,0.25,-8.53295,0.09911015499999998
163,config_163_Fe4V4,4.0,4.0,1.0,-8.547212515,0.0,0.0,-8.619,0.07178748499999976
164,config_164_Fe5V3,5.0,3.0,1.0,-8.4338426175,-0.33333333333333326,0.25,-8.53295,0.09910738249999973
165,config_165_Fe4V4,4.0,4.0,1.0,-8.61157585625,0.0,0.0,-8.619,0.0074241437499988905
166,config_166_Fe4V4,4.0,4.0,1.0,-8.5656645775,0.0,0.0,-8.619,0.05333542250000001
167,config_167_Fe3V5,3.0,5.0,1.0,-8.73486796625,0.19999999999999996,-0.25,-8.70505,-0.02981796625000044
168,config_168_Fe5V3,5.0,3.0,0.0,-8.4435275725,-0.33333333333333326,0.25,-8.53295,0.08942242749999885
169,config_169_Fe4V4,4.0,4.0,1.0,-8.56566448,0.0,0.0,-8.619,0.05333551999999919
170,config_170_Fe4V4,4.0,4.0,1.0,-8.61157592,0.0,0.0,-8.619,0.007424079999999833
171,config_171_Fe3V5,3.0,5.0,1.0,-8.73486700625,0.19999999999999996,-0.25,-8.70505,-0.029817006249999167
172,config_172_Fe4V4,4.0,4.0,1.0,-8.54721217,0.0,0.0,-8.619,0.07178782999999989
173,config_173_Fe3V5,3.0,5.0,1.0,-8.7348692025,0.19999999999999996,-0.25,-8.70505,-0.029819202500000586
174,config_174_Fe3V5,3.0,5.0,1.0,-8.7348639325,0.19999999999999996,-0.25,-8.70505,-0.02981393249999975
175,config_175_Fe2V6,2.0,6.0,1.0,-8.88699474875,1.0,-0.5,-8.7911,-0.09589474875000015
176,config_176_Fe5V3,5.0,3.0,0.0,-6.4916748775,-1.0,0.75,-8.53295,2.041275122499999
177,config_177_Fe4V4,4.0,4.0,0.0,-8.60763646,-0.5,0.5,-8.619,0.011363539999999617
178,config_178_Fe4V4,4.0,4.0,1.0,-8.60738704,-0.5,0.5,-8.619,0.011612959999999006
179,config_179_Fe3V5,3.0,5.0,1.0,-8.7348683375,-0.19999999999999996,0.25,-8.70505,-0.02981833750000007
180,config_180_Fe4V4,4.0,4.0,1.0,-8.607383905,-0.5,0.5,-8.619,0.01161609499999905
181,config_181_Fe3V5,3.0,5.0,1.0,-8.73486831125,-0.19999999999999996,0.25,-8.70505,-0.029818311250000562
182,config_182_Fe3V5,3.0,5.0,1.0,-8.73170414875,-0.19999999999999996,0.25,-8.70505,-0.026654148749999607
183,config_183_Fe2V6,2.0,6.0,1.0,-8.84881600375,0.0,0.0,-8.7911,-0.05771600375000041
184,config_184_Fe4V4,4.0,4.0,1.0,-8.60764443375,-0.5,0.5,-8.619,0.011355566249999782
185,config_185_Fe3V5,3.0,5.0,1.0,-8.731701025,-0.19999999999999996,0.25,-8.70505,-0.026651024999999606
186,config_186_Fe3V5,3.0,5.0,1.0,-8.73486843375,-0.19999999999999996,0.25,-8.70505,-0.02981843375000004
187,config_187_Fe2V6,2.0,6.0,1.0,-8.848792175,0.0,0.0,-8.7911,-0.05769217499999968
188,config_188_Fe3V5,3.0,5.0,1.0,-8.73486696375,-0.19999999999999996,0.25,-8.70505,-0.029816963749999204
189,config_189_Fe2V6,2.0,6.0,1.0,-8.8487920225,0.0,0.0,-8.7911,-0.057692022499999496
190,config_190_Fe2V6,2.0,6.0,1.0,-8.848789355,0.0,0.0,-8.7911,-0.057689354999999054
191,config_191_Fe1V7,1.0,7.0,1.0,-8.91308139,1.0,-0.25,-8.87715,-0.03593139000000001
192,config_192_Fe6V2,6.0,2.0,0.0,-8.4624618775,-1.0,0.5,-8.446900000000001,-0.015561877499997934
193,config_193_Fe5V3,5.0,3.0,1.0,-8.424468115,-0.33333333333333326,0.25,-8.53295,0.10848188499999978
194,config_194_Fe5V3,5.0,3.0,1.0,-8.433838155,-0.33333333333333326,0.25,-8.53295,0.09911184499999948
195,config_195_Fe4V4,4.0,4.0,1.0,-8.61157602125,0.0,0.0,-8.619,0.007423978749999449
196,config_196_Fe5V3,5.0,3.0,1.0,-8.433840215,-0.33333333333333326,0.25,-8.53295,0.09910978499999956
197,config_197_Fe4V4,4.0,4.0,1.0,-8.54721244875,0.0,0.0,-8.619,0.07178755124999903
198,config_198_Fe4V4,4.0,4.0,1.0,-8.56566281,0.0,0.0,-8.619,0.05333719000000059
199,config_199_Fe3V5,3.0,5.0,1.0,-8.73486663125,0.19999999999999996,-0.25,-8.70505,-0.029816631250000114
200,config_200_Fe5V3,5.0,3.0,1.0,-8.43383698125,-0.33333333333333326,0.25,-8.53295,0.09911301874999978
201,config_201_Fe4V4,4.0,4.0,1.0,-8.56566270375,0.0,0.0,-8.619,0.05333729624999961
202,config_202_Fe4V4,4.0,4.0,1.0,-8.547211615,0.0,0.0,-8.619,0.07178838499999962
203,config_203_Fe3V5,3.0,5.0,1.0,-8.73486497375,0.19999999999999996,-0.25,-8.70505,-0.02981497374999975
204,config_204_Fe4V4,4.0,4.0,0.0,-8.61149591625,0.0,0.0,-8.619,0.007504083749999779
205,config_205_Fe3V5,3.0,5.0,1.0,-8.73486831375,0.19999999999999996,-0.25,-8.70505,-0.02981831375000077
206,config_206_Fe3V5,3.0,5.0,1.0,-8.7348693025,0.19999999999999996,-0.25,-8.70505,-0.029819302499999978
207,config_207_Fe2V6,2.0,6.0,1.0,-8.88699473,1.0,-0.5,-8.7911,-0.09589472999999948
208,config_208_Fe5V3,5.0,3.0,1.0,-8.4566841775,-1.0,0.75,-8.53295,0.07626582249999991
209,config_209_Fe4V4,4.0,4.0,1.0,-8.60765324375,-0.5,0.5,-8.619,0.011346756249999146
210,config_210_Fe4V4,4.0,4.0,0.0,-6.392953565,-0.5,0.5,-8.619,2.2260464349999998
211,config_211_Fe3V5,3.0,5.0,0.0,-6.2277847925,-0.19999999999999996,0.25,-8.70505,2.4772652075000003
212,config_212_Fe4V4,4.0,4.0,1.0,-8.60737969625,-0.5,0.5,-8.619,0.011620303750000005
213,config_213_Fe3V5,3.0,5.0,1.0,-8.734867625,-0.19999999999999996,0.25,-8.70505,-0.029817624999999737
214,config_214_Fe3V5,3.0,5.0,1.0,-8.731702955,-0.19999999999999996,0.25,-8.70505,-0.026652954999999423
215,config_215_Fe2V6,2.0,6.0,1.0,-8.84879208,0.0,0.0,-8.7911,-0.0576920800000007
216,config_216_Fe4V4,4.0,4.0,1.0,-8.60738852625,-0.5,0.5,-8.619,0.01161147374999949
217,config_217_Fe3V5,3.0,5.0,1.0,-8.73170530375,-0.19999999999999996,0.25,-8.70505,-0.02665530374999925
218,config_218_Fe3V5,3.0,5.0,1.0,-8.7348653825,-0.19999999999999996,0.25,-8.70505,-0.02981538250000071
219,config_219_Fe2V6,2.0,6.0,1.0,-8.84879282875,0.0,0.0,-8.7911,-0.05769282874999959
220,config_220_Fe3V5,3.0,5.0,1.0,-8.73486706375,-0.19999999999999996,0.25,-8.70505,-0.029817063750000372
221,config_221_Fe2V6,2.0,6.0,1.0,-8.84879381875,0.0,0.0,-8.7911,-0.05769381874999979
222,config_222_Fe2V6,2.0,6.0,1.0,-8.84879110125,0.0,0.0,-8.7911,-0.05769110125000054
223,config_223_Fe1V7,1.0,7.0,1.0,-8.91308127625,1.0,-0.25,-8.87715,-0.035931276250000366
224,config_224_Fe5V3,5.0,3.0,0.0,-6.491785295,-1.0,0.75,-8.53295,2.041164705
225,config_225_Fe4V4,4.0,4.0,1.0,-8.6076507475,-0.5,0.5,-8.619,0.011349252500000517
226,config_226_Fe4V4,4.0,4.0,1.0,-8.60739314625,-0.5,0.5,-8.619,0.011606853749999146
227,config_227_Fe3V5,3.0,5.0,1.0,-8.7348696025,-0.19999999999999996,0.25,-8.70505,-0.02981960249999993
228,config_228_Fe4V4,4.0,4.0,1.0,-8.6073865,-0.5,0.5,-8.619,0.011613499999999277
229,config_229_Fe3V5,3.0,5.0,1.0,-8.73486691625,-0.19999999999999996,0.25,-8.70505,-0.029816916250000602
230,config_230_Fe3V5,3.0,5.0,0.0,-8.73134534625,-0.19999999999999996,0.25,-8.70505,-0.026295346250000406
231,config_231_Fe2V6,2.0,6.0,1.0,-8.8487911025,0.0,0.0,-8.7911,-0.05769110249999976
232,config_232_Fe4V4,4.0,4.0,1.0,-8.60739497375,-0.5,0.5,-8.619,0.011605026249998929
233,config_233_Fe3V5,3.0,5.0,1.0,-8.7317032775,-0.19999999999999996,0.25,-8.70505,-0.02665327749999946
234,config_234_Fe3V5,3.0,5.0,1.0,-8.7348686375,-0.19999999999999996,0.25,-8.70505,-0.029818637500000023
235,config_235_Fe2V6,2.0,6.0,1.0,-8.84879305875,0.0,0.0,-8.7911,-0.05769305874999908
236,config_236_Fe3V5,3.0,5.0,1.0,-8.73486787375,-0.19999999999999996,0.25,-8.70505,-0.02981787374999989
237,config_237_Fe2V6,2.0,6.0,1.0,-8.84879225375,0.0,0.0,-8.7911,-0.05769225374999998
238,config_238_Fe2V6,2.0,6.0,1.0,-8.84879308625,0.0,0.0,-8.7911,-0.05769308624999958
239,config_239_Fe1V7,1.0,7.0,1.0,-8.91308115875,1.0,-0.25,-8.87715,-0.035931158749999526
240,config_240_Fe4V4,4.0,4.0,0.0,-6.40409735,-1.0,1.0,-8.619,2.21490265
241,config_241_Fe3V5,3.0,5.0,1.0,-8.79875311875,-0.6000000000000001,0.75,-8.70505,-0.0937031187499997
242,config_242_Fe3V5,3.0,5.0,1.0,-8.7987533,-0.6000000000000001,0.75,-8.70505,-0.0937032999999996
243,config_243_Fe2V6,2.0,6.0,1.0,-8.8869953525,-0.33333333333333326,0.5,-8.7911,-0.09589535249999948
244,config_244_Fe3V5,3.0,5.0,1.0,-8.7987536025,-0.6000000000000001,0.75,-8.70505,-0.09370360249999976
245,config_245_Fe2V6,2.0,6.0,1.0,-8.8869947475,-0.33333333333333326,0.5,-8.7911,-0.09589474749999916
246,config_246_Fe2V6,2.0,6.0,0.0,-6.1242527675,-0.33333333333333326,0.5,-8.7911,2.6668472325000003
247,config_247_Fe1V7,1.0,7.0,1.0,-8.91308101625,-0.1428571428571428,0.25,-8.87715,-0.03593101625000017
248,config_248_Fe3V5,3.0,5.0,0.0,-6.2940337375,-0.6000000000000001,0.75,-8.70505,2.4110162624999996
249,config_249_Fe2V6,2.0,6.0,0.0,-6.12425279625,-0.33333333333333326,0.5,-8.7911,2.6668472037499997
250,config_250_Fe2V6,2.0,6.0,1.0,-8.88699472625,-0.33333333333333326,0.5,-8.7911,-0.09589472625000006
251,config_251_Fe1V7,1.0,7.0,1.0,-8.91308134125,-0.1428571428571428,0.25,-8.87715,-0.035931341250000415
252,config_252_Fe2V6,2.0,6.0,1.0,-8.8869952725,-0.33333333333333326,0.5,-8.7911,-0.09589527249999996
253,config_253_Fe1V7,1.0,7.0,1.0,-8.91308105375,-0.1428571428571428,0.25,-8.87715,-0.03593105374999972
254,config_254_Fe1V7,1.0,7.0,1.0,-8.91308122625,-0.1428571428571428,0.25,-8.87715,-0.03593122624999978
255,config_255_Fe0V8,0.0,8.0,0.0,-5.47405517375,0.0,0.0,-8.9632,3.4891448262500004
