config_index,composition,n_v,x_V,sro_alpha,eta,y_V_A,y_V_B,dH_f_Jmol_corrected,dHf_deviation
0,Fe8V0,0,0.0,0.0,0.0,0.0,0.0,0.0,0.0
1,Fe7V1,1,0.125,-0.1428571428571428,0.25,0.0,0.25,-55217.666707386605,-20206.661082878745
2,Fe7V1,1,0.125,-0.1428571428571428,0.25,0.0,0.25,-65939.17832208649,-30928.17269757863
3,Fe6V2,2,0.25,-0.33333333333333326,0.5,0.0,0.5,-85264.25425102474,-23771.509688823586
4,Fe7V1,1,0.125,-0.1428571428571428,0.25,0.0,0.25,-66820.7579076871,-31809.752283179245
5,Fe6V2,2,0.25,-0.33333333333333326,0.5,0.0,0.5,-84672.11905207395,-23179.37448987279
6,Fe6V2,2,0.25,-0.33333333333333326,0.5,0.0,0.5,-69418.05185422522,-7925.307292024067
7,Fe5V3,3,0.375,-0.6000000000000001,0.75,0.0,0.75,-90914.39245341254,-12206.114528997903
8,Fe7V1,1,0.125,-0.1428571428571428,0.25,0.0,0.25,-55222.51218408715,-20211.50655957929
9,Fe6V2,2,0.25,-0.33333333333333326,0.5,0.0,0.5,-69418.07308092424,-7925.3285187230795
10,Fe6V2,2,0.25,-0.33333333333333326,0.5,0.0,0.5,-87682.96917652484,-26190.224614323684
11,Fe5V3,3,0.375,-0.6000000000000001,0.75,0.0,0.75,-100137.543155162,-21429.26523074736
12,Fe6V2,2,0.25,-0.33333333333333326,0.5,0.0,0.5,-74755.20021206628,-13262.455649865122
13,Fe5V3,3,0.375,-0.6000000000000001,0.75,0.0,0.75,-100137.45631866169,-21429.17839424705
14,Fe5V3,3,0.375,-0.6000000000000001,0.75,0.0,0.75,-66503.15196166141,12205.125962753227
15,Fe4V4,4,0.5,-1.0,1.0,0.0,1.0,-97860.23350989964,-11939.566687416635
16,Fe7V1,1,0.125,-0.1428571428571428,0.25,0.25,0.0,-65939.17832208649,-30928.17269757863
17,Fe6V2,2,0.25,0.0,0.0,0.25,0.25,-65746.71269742522,-4253.968135224059
18,Fe6V2,2,0.25,0.0,0.0,0.25,0.25,-66089.22865832514,-4596.484096123982
19,Fe5V3,3,0.375,-0.06666666666666665,0.25,0.25,0.5,-78773.24589666181,-64.96797224717739
20,Fe6V2,2,0.25,0.0,0.0,0.25,0.25,-66089.2624280745,-4596.517865873335
21,Fe5V3,3,0.375,-0.06666666666666665,0.25,0.25,0.5,-68352.6980127626,10355.579911652036
22,Fe5V3,3,0.375,-0.06666666666666665,0.25,0.25,0.5,-82418.1250070622,-3709.8470826475677
23,Fe4V4,4,0.5,-0.25,0.5,0.25,0.75,-88777.83030189993,-2857.163479416922
24,Fe6V2,2,0.25,0.0,0.0,0.25,0.25,-66089.36856157506,-4596.6239993739
25,Fe5V3,3,0.375,-0.06666666666666665,0.25,0.25,0.5,-82418.1250070622,-3709.8470826475677
26,Fe5V3,3,0.375,-0.06666666666666665,0.25,0.25,0.5,-78773.24396696164,-64.96604254700651
27,Fe4V4,4,0.5,-0.25,0.5,0.25,0.75,-98333.08719789976,-12412.420375416754
28,Fe5V3,3,0.375,-0.06666666666666665,0.25,0.25,0.5,-78773.24300211226,-64.96507769761956
29,Fe4V4,4,0.5,-0.25,0.5,0.25,0.75,-98332.88843879978,-12412.221616316776
30,Fe4V4,4,0.5,-0.25,0.5,0.25,0.75,-98332.8768606002,-12412.210038117191
31,Fe3V5,5,0.625,-0.6000000000000001,0.75,0.25,1.0,-81887.04020943717,505.93215830383997
32,Fe7V1,1,0.125,-0.1428571428571428,0.25,0.25,0.0,-65939.17832208649,-30928.17269757863
33,Fe6V2,2,0.25,0.0,0.0,0.25,0.25,-66089.31260027454,-4596.568038073383
34,Fe6V2,2,0.25,0.0,0.0,0.25,0.25,-31975.853119924446,29516.891442276712
35,Fe5V3,3,0.375,-0.06666666666666665,0.25,0.25,0.5,-78773.23914271193,-64.96121829729236
36,Fe6V2,2,0.25,0.0,0.0,0.25,0.25,-66089.48916782475,-4596.744605623593
37,Fe5V3,3,0.375,-0.06666666666666665,0.25,0.25,0.5,-78773.24589666181,-64.96797224717739
38,Fe5V3,3,0.375,-0.06666666666666665,0.25,0.25,0.5,-82418.12114766189,-3709.843223247255
39,Fe4V4,4,0.5,-0.25,0.5,0.25,0.75,-98332.9453649497,-12412.278542466694
40,Fe6V2,2,0.25,0.0,0.0,0.25,0.25,-66089.48434357504,-4596.739781373879
41,Fe5V3,3,0.375,-0.06666666666666665,0.25,0.25,0.5,-82418.11921796172,-3709.841293547084
42,Fe5V3,3,0.375,-0.06666666666666665,0.25,0.25,0.5,-78771.90089576159,-63.62297134695109
43,Fe4V4,4,0.5,-0.25,0.5,0.25,0.75,-98332.29505604936,-12411.628233566356
44,Fe5V3,3,0.375,-0.06666666666666665,0.25,0.25,0.5,-78773.24300211226,-64.96507769761956
45,Fe4V4,4,0.5,-0.25,0.5,0.25,0.75,-98332.97334559997,-12412.30652311696
46,Fe4V4,4,0.5,-0.25,0.5,0.25,0.75,-98332.82958294972,-12412.162760466716
47,Fe3V5,5,0.625,-0.6000000000000001,0.75,0.25,1.0,-119690.33212653654,-37297.35975879553
48,Fe6V2,2,0.25,-0.33333333333333326,0.5,0.5,0.0,-97262.41003777452,-35769.66547557336
49,Fe5V3,3,0.375,-0.06666666666666665,0.25,0.5,0.25,-78773.24203726149,-64.96411284685018
50,Fe5V3,3,0.375,-0.06666666666666665,0.25,0.5,0.25,-78771.90186061234,-63.623936197705916
51,Fe4V4,4,0.5,0.0,0.0,0.5,0.5,-36647.56178219948,49273.105040283524
52,Fe5V3,3,0.375,-0.06666666666666665,0.25,0.5,0.25,-78772.15947556241,-63.88155114777328
53,Fe4V4,4,0.5,0.0,0.0,0.5,0.5,11113.47517325034,97034.14199573334
54,Fe4V4,4,0.5,0.0,0.0,0.5,0.5,-77378.09378214918,8542.573040333824
55,Fe3V5,5,0.625,-0.06666666666666665,0.25,0.5,0.75,-66394.58655723734,15998.385810503663
56,Fe5V3,3,0.375,-0.06666666666666665,0.25,0.5,0.25,-78771.90089576159,-63.62297134695109
57,Fe4V4,4,0.5,0.0,0.0,0.5,0.5,-77378.24719330022,8542.419629182783
58,Fe4V4,4,0.5,0.0,0.0,0.5,0.5,11113.04388530099,97033.71070778399
59,Fe3V5,5,0.625,-0.06666666666666665,0.25,0.5,0.75,-66395.48869198725,15997.483675753756
60,Fe4V4,4,0.5,0.0,0.0,0.5,0.5,-36647.97184344981,49272.69497903319
61,Fe3V5,5,0.625,-0.06666666666666665,0.25,0.5,0.75,-66394.04720608727,15998.925161653737
62,Fe3V5,5,0.625,-0.06666666666666665,0.25,0.5,0.75,-66393.53294103654,15999.43942670447
63,Fe2V6,6,0.75,-0.33333333333333326,0.5,0.5,1.0,-118517.72362937396,-51129.467957850604
64,Fe7V1,1,0.125,-0.1428571428571428,0.25,0.25,0.0,-65944.24378458741,-30933.23816007955
65,Fe6V2,2,0.25,0.0,0.0,0.25,0.25,-66089.36084277442,-4596.61628057326
66,Fe6V2,2,0.25,0.0,0.0,0.25,0.25,-66089.25181472431,-4596.507252523152
67,Fe5V3,3,0.375,-0.06666666666666665,0.25,0.25,0.5,-78773.24300211226,-64.96507769761956
68,Fe6V2,2,0.25,0.0,0.0,0.25,0.25,-66089.36180762519,-4596.6172454240295
69,Fe5V3,3,0.375,-0.06666666666666665,0.25,0.25,0.5,-78773.24300211226,-64.96507769761956
70,Fe5V3,3,0.375,-0.06666666666666665,0.25,0.25,0.5,-82418.12018281249,-3709.8422583978536
71,Fe4V4,4,0.5,-0.25,0.5,0.25,0.75,-98332.86335269907,-12412.196530216068
72,Fe6V2,2,0.25,0.0,0.0,0.25,0.25,-66089.21900982433,-4596.474447623172
73,Fe5V3,3,0.375,-0.06666666666666665,0.25,0.25,0.5,-82418.11632341218,-3709.838398997541
74,Fe5V3,3,0.375,-0.06666666666666665,0.25,0.25,0.5,-78773.24300211226,-64.96507769761956
75,Fe4V4,4,0.5,-0.25,0.5,0.25,0.75,-98332.9347515995,-12412.267929116497
76,Fe5V3,3,0.375,-0.06666666666666665,0.25,0.25,0.5,-78773.24300211226,-64.96507769761956
77,Fe4V4,4,0.5,-0.25,0.5,0.25,0.75,-98332.9087006494,-12412.241878166387
78,Fe4V4,4,0.5,-0.25,0.5,0.25,0.75,-98332.96852135024,-12412.301698867232
79,Fe3V5,5,0.625,-0.6000000000000001,0.75,0.25,1.0,-78521.59348283459,3871.378884906415
80,Fe6V2,2,0.25,-0.33333333333333326,0.5,0.5,0.0,-97262.54897617504,-35769.80441397388
81,Fe5V3,3,0.375,-0.06666666666666665,0.25,0.5,0.25,-78773.24686151257,-64.96893709793221
82,Fe5V3,3,0.375,-0.06666666666666665,0.25,0.5,0.25,-78772.52708341197,-64.24915899733605
83,Fe4V4,4,0.5,0.0,0.0,0.5,0.5,11113.544642450604,97034.21146493361
84,Fe5V3,3,0.375,-0.06666666666666665,0.25,0.5,0.25,-78773.23817786254,-64.96025344790542
85,Fe4V4,4,0.5,0.0,0.0,0.5,0.5,-36647.57046584952,49273.09635663348
86,Fe4V4,4,0.5,0.0,0.0,0.5,0.5,-72528.17364090313,13392.493181579877
87,Fe3V5,5,0.625,-0.06666666666666665,0.25,0.5,0.75,-66394.98986453643,15997.982503204577
88,Fe5V3,3,0.375,-0.06666666666666665,0.25,0.5,0.25,-78771.90089576159,-63.62297134695109
89,Fe4V4,4,0.5,0.0,0.0,0.5,0.5,-77377.71652580019,8542.950296682815
90,Fe4V4,4,0.5,0.0,0.0,0.5,0.5,-36648.0094725995,49272.657349883506
91,Fe3V5,5,0.625,-0.06666666666666665,0.25,0.5,0.75,-66394.96091903678,15998.01144870423
92,Fe4V4,4,0.5,0.0,0.0,0.5,0.5,11113.443333199762,97034.11015568276
93,Fe3V5,5,0.625,-0.06666666666666665,0.25,0.5,0.75,-66394.1253589362,15998.847008804805
94,Fe3V5,5,0.625,-0.06666666666666665,0.25,0.5,0.75,-66396.33679513681,15996.635572604195
95,Fe2V6,6,0.75,-0.33333333333333326,0.5,0.5,1.0,-118518.16263612396,-51129.90696460061
96,Fe6V2,2,0.25,-0.33333333333333326,0.5,0.5,0.0,-104956.03806612504,-43463.29350392388
97,Fe5V3,3,0.375,-0.06666666666666665,0.25,0.5,0.25,-82418.1250070622,-3709.8470826475677
98,Fe5V3,3,0.375,-0.06666666666666665,0.25,0.5,0.25,-82418.11535856141,-3709.8374341467716
99,Fe4V4,4,0.5,0.0,0.0,0.5,0.5,-72528.17364090313,13392.493181579877
100,Fe5V3,3,0.375,-0.06666666666666665,0.25,0.5,0.25,-82418.11342886262,-3709.835504447983
101,Fe4V4,4,0.5,0.0,0.0,0.5,0.5,-77377.76862769903,8542.898194783978
102,Fe4V4,4,0.5,0.0,0.0,0.5,0.5,-88482.56883459938,-2561.9020121163776
103,Fe3V5,5,0.625,-0.06666666666666665,0.25,0.5,0.75,-88694.03669758727,-6301.064329846267
104,Fe5V3,3,0.375,-0.06666666666666665,0.25,0.5,0.25,-82418.12114766189,-3709.843223247255
105,Fe4V4,4,0.5,0.0,0.0,0.5,0.5,-88482.63251469916,-2561.965692216152
106,Fe4V4,4,0.5,0.0,0.0,0.5,0.5,-77381.60101189939,8539.06581058362
107,Fe3V5,5,0.625,-0.06666666666666665,0.25,0.5,0.75,-88693.60926903688,-6300.636901295875
108,Fe4V4,4,0.5,0.0,0.0,0.5,0.5,-77378.28192789899,8542.384894584015
109,Fe3V5,5,0.625,-0.06666666666666665,0.25,0.5,0.75,-88694.0154708869,-6301.043103145887
110,Fe3V5,5,0.625,-0.06666666666666665,0.25,0.5,0.75,-88693.81960633646,-6300.847238595452
111,Fe2V6,6,0.75,-0.33333333333333326,0.5,0.5,1.0,-93931.58122747709,-26543.325555953736
112,Fe5V3,3,0.375,-0.6000000000000001,0.75,0.75,0.0,-100137.00959311244,-21428.7316686978
113,Fe4V4,4,0.5,-0.25,0.5,0.75,0.25,-98332.91545459928,-12412.248632116272
114,Fe4V4,4,0.5,-0.25,0.5,0.75,0.25,-98332.87107149971,-12412.204249016708
115,Fe3V5,5,0.625,-0.06666666666666665,0.25,0.75,0.5,-66395.60543883663,15997.366928904376
116,Fe4V4,4,0.5,-0.25,0.5,0.75,0.25,-98332.83344235003,-12412.166619867028
117,Fe3V5,5,0.625,-0.06666666666666665,0.25,0.75,0.5,-66394.91557108646,15998.05679665455
118,Fe3V5,5,0.625,-0.06666666666666665,0.25,0.75,0.5,-88693.58321808677,-6300.610850345765
119,Fe2V6,6,0.75,0.0,0.0,0.75,0.75,-89017.28532762428,-21629.02965610093
120,Fe4V4,4,0.5,-0.25,0.5,0.75,0.25,-98332.88650909964,-12412.219686616634
121,Fe3V5,5,0.625,-0.06666666666666665,0.25,0.75,0.5,-88693.63242543605,-6300.660057695044
122,Fe3V5,5,0.625,-0.06666666666666665,0.25,0.75,0.5,-66394.54892808628,15998.423439654725
123,Fe2V6,6,0.75,0.0,0.0,0.75,0.75,-89014.49305172497,-21626.237380201623
124,Fe3V5,5,0.625,-0.06666666666666665,0.25,0.75,0.5,-66395.64499768648,15997.327370054525
125,Fe2V6,6,0.75,0.0,0.0,0.75,0.75,-89015.68560632493,-21627.429934801577
126,Fe2V6,6,0.75,0.0,0.0,0.75,0.75,-89015.05362957406,-21626.79795805071
127,Fe1V7,7,0.875,-0.1428571428571428,0.25,0.75,1.0,-74035.19366596182,-33865.61582079705
128,Fe7V1,1,0.125,-0.1428571428571428,0.25,0.25,0.0,-65940.91601693699,-30929.910392429127
129,Fe6V2,2,0.25,0.0,0.0,0.25,0.25,-66089.42741742512,-4596.68285522396
130,Fe6V2,2,0.25,0.0,0.0,0.25,0.25,-66089.43706592455,-4596.692503723389
131,Fe5V3,3,0.375,-0.06666666666666665,0.25,0.25,0.5,-78773.24300211226,-64.96507769761956
132,Fe6V2,2,0.25,0.0,0.0,0.25,0.25,-66089.42741742512,-4596.68285522396
133,Fe5V3,3,0.375,-0.06666666666666665,0.25,0.25,0.5,-78772.52225916226,-64.2443347476219
134,Fe5V3,3,0.375,-0.06666666666666665,0.25,0.25,0.5,-82418.12404221144,-3709.8461177967984
135,Fe4V4,4,0.5,-0.25,0.5,0.25,0.75,-98332.92703280025,-12412.26021031724
136,Fe6V2,2,0.25,0.0,0.0,0.25,0.25,-66089.434171375,-4596.689609173845
137,Fe5V3,3,0.375,-0.06666666666666665,0.25,0.25,0.5,-82418.11921796172,-3709.841293547084
138,Fe5V3,3,0.375,-0.06666666666666665,0.25,0.25,0.5,-78772.52515371182,-64.24722929717973
139,Fe4V4,4,0.5,-0.25,0.5,0.25,0.75,-98332.92606794948,-12412.25924546647
140,Fe5V3,3,0.375,-0.06666666666666665,0.25,0.25,0.5,-78771.90089576159,-63.62297134695109
141,Fe4V4,4,0.5,-0.25,0.5,0.25,0.75,-98332.9608025496,-12412.293980066592
142,Fe4V4,4,0.5,-0.25,0.5,0.25,0.75,-98332.29409119998,-12411.62726871697
143,Fe3V5,5,0.625,-0.6000000000000001,0.75,0.25,1.0,-119692.56382458676,-37299.59145684575
144,Fe6V2,2,0.25,-0.33333333333333326,0.5,0.5,0.0,-104956.03806612504,-43463.29350392388
145,Fe5V3,3,0.375,-0.06666666666666665,0.25,0.5,0.25,-82418.11439371202,-3709.8364692973846
146,Fe5V3,3,0.375,-0.06666666666666665,0.25,0.5,0.25,-82418.12114766189,-3709.843223247255
147,Fe4V4,4,0.5,0.0,0.0,0.5,0.5,-77378.33692435011,8542.329898132899
148,Fe5V3,3,0.375,-0.06666666666666665,0.25,0.5,0.25,-82418.12211251265,-3709.84418809801
149,Fe4V4,4,0.5,0.0,0.0,0.5,0.5,-77381.59908219922,8539.06774028379
150,Fe4V4,4,0.5,0.0,0.0,0.5,0.5,-72528.17364090313,13392.493181579877
151,Fe3V5,5,0.625,-0.06666666666666665,0.25,0.5,0.75,-88693.64979273612,-6300.677424995112
152,Fe5V3,3,0.375,-0.06666666666666665,0.25,0.5,0.25,-82418.11632341218,-3709.838398997541
153,Fe4V4,4,0.5,0.0,0.0,0.5,0.5,-72528.17364090313,13392.493181579877
154,Fe4V4,4,0.5,0.0,0.0,0.5,0.5,-77378.24912299901,8542.417699483995
155,Fe3V5,5,0.625,-0.06666666666666665,0.25,0.5,0.75,-63600.28929648613,18792.683071254876
156,Fe4V4,4,0.5,0.0,0.0,0.5,0.5,-77378.12658704916,8542.540235433844
157,Fe3V5,5,0.625,-0.06666666666666665,0.25,0.5,0.75,-88693.62760118634,-6300.65523344533
158,Fe3V5,5,0.625,-0.06666666666666665,0.25,0.5,0.75,-88693.92477498624,-6300.952407245233
159,Fe2V6,6,0.75,-0.33333333333333326,0.5,0.5,1.0,-93931.58122747709,-26543.325555953736
160,Fe6V2,2,0.25,-0.33333333333333326,0.5,0.5,0.0,-97262.54897617504,-35769.80441397388
161,Fe5V3,3,0.375,-0.06666666666666665,0.25,0.5,0.25,-78771.90089576159,-63.62297134695109
162,Fe5V3,3,0.375,-0.06666666666666665,0.25,0.5,0.25,-78773.24589666181,-64.96797224717739
163,Fe4V4,4,0.5,0.0,0.0,0.5,0.5,11113.076690200962,97033.74351268397
164,Fe5V3,3,0.375,-0.06666666666666665,0.25,0.5,0.25,-78773.24203726149,-64.96411284685018
165,Fe4V4,4,0.5,0.0,0.0,0.5,0.5,-36647.96798404949,49272.69883843352
166,Fe4V4,4,0.5,0.0,0.0,0.5,0.5,-77378.34174859982,8542.325073883185
167,Fe3V5,5,0.625,-0.06666666666666665,0.25,0.5,0.75,-66396.50274933684,15996.469618404168
168,Fe5V3,3,0.375,-0.06666666666666665,0.25,0.5,0.25,-78772.13245976155,-63.85453534690896
169,Fe4V4,4,0.5,0.0,0.0,0.5,0.5,-77381.60969554941,8539.057126933592
170,Fe4V4,4,0.5,0.0,0.0,0.5,0.5,-36648.12332489932,49272.54349758368
171,Fe3V5,5,0.625,-0.06666666666666665,0.25,0.5,0.75,-66397.04885443677,15995.923513304238
172,Fe4V4,4,0.5,0.0,0.0,0.5,0.5,11112.942576050147,97033.60939853315
173,Fe3V5,5,0.625,-0.06666666666666665,0.25,0.5,0.75,-66397.11542908612,15995.856938654892
174,Fe3V5,5,0.625,-0.06666666666666665,0.25,0.5,0.75,-66397.32094213735,15995.65142560366
175,Fe2V6,6,0.75,-0.33333333333333326,0.5,0.5,1.0,-118516.65168102508,-51128.396009501725
176,Fe5V3,3,0.375,-0.6000000000000001,0.75,0.75,0.0,-100135.84308946258,-21427.56516504794
177,Fe4V4,4,0.5,-0.25,0.5,0.75,0.25,-98332.92317339992,-12412.256350916912
178,Fe4V4,4,0.5,-0.25,0.5,0.75,0.25,-98332.9077358,-12412.240913317
179,Fe3V5,5,0.625,-0.06666666666666665,0.25,0.75,0.5,-66394.19772268739,15998.774645053621
180,Fe4V4,4,0.5,-0.25,0.5,0.75,0.25,-98332.93957584922,-12412.272753366211
181,Fe3V5,5,0.625,-0.06666666666666665,0.25,0.75,0.5,-66394.43025153675,15998.542116204262
182,Fe3V5,5,0.625,-0.06666666666666665,0.25,0.75,0.5,-88693.73084013734,-6300.758472396337
183,Fe2V6,6,0.75,0.0,0.0,0.75,0.75,-89015.9904989241,-21627.734827400753
184,Fe4V4,4,0.5,-0.25,0.5,0.75,0.25,-98332.29409119998,-12411.62726871697
185,Fe3V5,5,0.625,-0.06666666666666665,0.25,0.75,0.5,-88693.69803523736,-6300.725667496357
186,Fe3V5,5,0.625,-0.06666666666666665,0.25,0.75,0.5,-66394.8239103364,15998.148457404604
187,Fe2V6,6,0.75,0.0,0.0,0.75,0.75,-89016.94859497453,-21628.692923451177
188,Fe3V5,5,0.625,-0.06666666666666665,0.25,0.75,0.5,-66395.60929823694,15997.363069504063
189,Fe2V6,6,0.75,0.0,0.0,0.75,0.75,-89019.92226267514,-21631.666591151792
190,Fe2V6,6,0.75,0.0,0.0,0.75,0.75,-89016.81641052388,-21628.56073900053
191,Fe1V7,7,0.875,-0.1428571428571428,0.25,0.75,1.0,-74035.15410711197,-33865.5762619472
192,Fe6V2,2,0.25,-0.33333333333333326,0.5,0.5,0.0,-97261.72306457526,-35768.9785023741
193,Fe5V3,3,0.375,-0.06666666666666665,0.25,0.5,0.25,-78773.24589666181,-64.96797224717739
194,Fe5V3,3,0.375,-0.06666666666666665,0.25,0.5,0.25,-78771.76195736243,-63.484032947788364
195,Fe4V4,4,0.5,0.0,0.0,0.5,0.5,-36647.56467674903,49273.102145733974
196,Fe5V3,3,0.375,-0.06666666666666665,0.25,0.5,0.25,-78771.76195736243,-63.484032947788364
197,Fe4V4,4,0.5,0.0,0.0,0.5,0.5,11112.944505750307,97033.61132823331
198,Fe4V4,4,0.5,0.0,0.0,0.5,0.5,-77378.20956414918,8542.45725833383
199,Fe3V5,5,0.625,-0.06666666666666665,0.25,0.5,0.75,-66397.89020363646,15995.082164104548
200,Fe5V3,3,0.375,-0.06666666666666665,0.25,0.5,0.25,-78773.24589666181,-64.96797224717739
201,Fe4V4,4,0.5,0.0,0.0,0.5,0.5,-77378.07255545017,8542.594267032837
202,Fe4V4,4,0.5,0.0,0.0,0.5,0.5,11113.040025900673,97033.70684838368
203,Fe3V5,5,0.625,-0.06666666666666665,0.25,0.5,0.75,-66396.024183737,15996.94818400401
204,Fe4V4,4,0.5,0.0,0.0,0.5,0.5,-36647.8637802491,49272.80304223391
205,Fe3V5,5,0.625,-0.06666666666666665,0.25,0.5,0.75,-66395.11722473738,15997.855143003631
206,Fe3V5,5,0.625,-0.06666666666666665,0.25,0.5,0.75,-66396.71501633657,15996.257351404434
207,Fe2V6,6,0.75,-0.33333333333333326,0.5,0.5,1.0,-118516.634313725,-51128.37864220164
208,Fe5V3,3,0.375,-0.6000000000000001,0.75,0.75,0.0,-100135.88071861229,-21427.60279419765
209,Fe4V4,4,0.5,-0.25,0.5,0.75,0.25,-98333.00904504948,-12412.342222566469
210,Fe4V4,4,0.5,-0.25,0.5,0.75,0.25,-98332.92896249902,-12412.262140016013
211,Fe3V5,5,0.625,-0.06666666666666665,0.25,0.75,0.5,-66394.85478553623,15998.11758220478
212,Fe4V4,4,0.5,-0.25,0.5,0.75,0.25,-98332.9038763997,-12412.237053916688
213,Fe3V5,5,0.625,-0.06666666666666665,0.25,0.75,0.5,-66394.11667528616,15998.855692454847
214,Fe3V5,5,0.625,-0.06666666666666665,0.25,0.75,0.5,-88693.62760118634,-6300.65523344533
215,Fe2V6,6,0.75,0.0,0.0,0.75,0.75,-89015.36624097524,-21627.110569451892
216,Fe4V4,4,0.5,-0.25,0.5,0.75,0.25,-98332.92124369976,-12412.254421216756
217,Fe3V5,5,0.625,-0.06666666666666665,0.25,0.75,0.5,-88693.63531998698,-6300.66295224597
218,Fe3V5,5,0.625,-0.06666666666666665,0.25,0.75,0.5,-66395.60061458692,15997.37175315409
219,Fe2V6,6,0.75,0.0,0.0,0.75,0.75,-89016.37257952418,-21628.116908000826
220,Fe3V5,5,0.625,-0.06666666666666665,0.25,0.75,0.5,-66394.44568913666,15998.52667860435
221,Fe2V6,6,0.75,0.0,0.0,0.75,0.75,-89016.21048472448,-21627.954813201126
222,Fe2V6,6,0.75,0.0,0.0,0.75,0.75,-89016.04356567506,-21627.787894151712
223,Fe1V7,7,0.875,-0.1428571428571428,0.25,0.75,1.0,-74032.02509856291,-33862.44725339814
224,Fe5V3,3,0.375,-0.6000000000000001,0.75,0.75,0.0,-100138.42502806232,-21430.147103647687
225,Fe4V4,4,0.5,-0.25,0.5,0.75,0.25,-98332.83247749928,-12412.165655016273
226,Fe4V4,4,0.5,-0.25,0.5,0.75,0.25,-88737.66456124953,-2816.9977387665276
227,Fe3V5,5,0.625,-0.06666666666666665,0.25,0.75,0.5,-66396.00778128633,15996.964586454676
228,Fe4V4,4,0.5,-0.25,0.5,0.75,0.25,-98333.07947909912,-12412.412656616114
229,Fe3V5,5,0.625,-0.06666666666666665,0.25,0.75,0.5,-66394.2980670861,15998.674300654908
230,Fe3V5,5,0.625,-0.06666666666666665,0.25,0.75,0.5,-88693.65654668736,-6300.684178946351
231,Fe2V6,6,0.75,0.0,0.0,0.75,0.75,-89019.30765322434,-21631.05198170099
232,Fe4V4,4,0.5,-0.25,0.5,0.75,0.25,-98332.93764614906,-12412.270823666055
233,Fe3V5,5,0.625,-0.06666666666666665,0.25,0.75,0.5,-88693.8852161364,-6300.912848395397
234,Fe3V5,5,0.625,-0.06666666666666665,0.25,0.75,0.5,-66394.14369108703,15998.828676653982
235,Fe2V6,6,0.75,0.0,0.0,0.75,0.75,-89018.08325857518,-21629.827587051826
236,Fe3V5,5,0.625,-0.06666666666666665,0.25,0.75,0.5,-66394.27201613736,15998.70035160365
237,Fe2V6,6,0.75,0.0,0.0,0.75,0.75,-89020.82536227445,-21632.5696907511
238,Fe2V6,6,0.75,0.0,0.0,0.75,0.75,-89019.24590282471,-21630.99023130136
239,Fe1V7,7,0.875,-0.1428571428571428,0.25,0.75,1.0,-36853.79581636227,3315.782028802503
240,Fe4V4,4,0.5,-1.0,1.0,1.0,0.0,-96951.2907783001,-11030.623955817093
241,Fe3V5,5,0.625,-0.6000000000000001,0.75,1.0,0.25,-119690.40738483728,-37297.43501709627
242,Fe3V5,5,0.625,-0.6000000000000001,0.75,1.0,0.25,-119690.41896303686,-37297.446595295856
243,Fe2V6,6,0.75,-0.33333333333333326,0.5,1.0,0.5,-83358.42174547481,-15970.166073951463
244,Fe3V5,5,0.625,-0.6000000000000001,0.75,1.0,0.25,-119690.40641998652,-37297.43405224552
245,Fe2V6,6,0.75,-0.33333333333333326,0.5,1.0,0.5,-83358.26543977423,-15970.009768250879
246,Fe2V6,6,0.75,-0.33333333333333326,0.5,1.0,0.5,-116513.63176467417,-49125.376093150815
247,Fe1V7,7,0.875,-0.1428571428571428,0.25,1.0,0.75,-36852.08031306292,3317.49753210185
248,Fe3V5,5,0.625,-0.6000000000000001,0.75,1.0,0.25,-119690.73253928608,-37297.76017154507
249,Fe2V6,6,0.75,-0.33333333333333326,0.5,1.0,0.5,-93931.58122747709,-26543.325555953736
250,Fe2V6,6,0.75,-0.33333333333333326,0.5,1.0,0.5,-83358.0425594243,-15969.786887900947
251,Fe1V7,7,0.875,-0.1428571428571428,0.25,1.0,0.75,-36853.13875351206,3316.439091652712
252,Fe2V6,6,0.75,-0.33333333333333326,0.5,1.0,0.5,-83358.34648717407,-15970.090815650721
253,Fe1V7,7,0.875,-0.1428571428571428,0.25,1.0,0.75,-36852.10829371181,3317.4695514529594
254,Fe1V7,7,0.875,-0.1428571428571428,0.25,1.0,0.75,-36853.12814016187,3316.449705002902
255,Fe0V8,8,1.0,0.0,0.0,1.0,1.0,0.0,0.0
