year,title,authors,journal,volume,issue,pages,doi,type,cited_by,open_access,openalex_id,reason
2025,A 7nm CMOS Anomaly-Detection Deep-Learning Processor with Embedded A/D Converters and Pseudo-Image Generation for Sensor Fusion,T. Oshima; Keisuke Yamamoto; Seiji Miura; Keita Yamane; Goichi Ono,,,,1-6,10.1109/iecon58223.2025.11221367,article,0,,W4415968525,研究分野が異なる（同姓同名の別人）
2023,Effect of Grain Boundary Characters on Precipitation Behavior and Local Deformation Behavior in Al–Mg–Si Alloy,Takuya Hashimoto; Ken‐ichi Ikeda; Seiji Miura,MATERIALS TRANSACTIONS,64,8,1959-1968,10.2320/matertrans.mt-m2022217,article,6,https://www.jstage.jst.go.jp/article/matertrans/64/8/64_MT-M2022217/_pdf,W4385215867,共著者ネットワークが別人（京都大の三浦精氏、日立の三浦誓士氏、北大地盤工学の三浦清一氏ほか）
2023,Microstructure and Strength of Ti-6Al-4V Samples Additively Manufactured with TiC Heterogeneous Nucleation Site Particles,Yoshimi Watanabe; Shintaro Yamada; Tadachika Chiba; Hisashi Sato; Seiji Miura; Kenshiro Abe; Tomotsugu Kato,Materials,16,17,5974-5974,10.3390/ma16175974,article,12,https://www.mdpi.com/1996-1944/16/17/5974/pdf?version=1693473625,W4386307369,共著者ネットワークが別人（京都大の三浦精氏、日立の三浦誓士氏、北大地盤工学の三浦清一氏ほか）
2021,Edge devices object detection by filter pruning,Viviana Crescitelli; Seiji Miura; Goichi Ono; Naohiro Kohmu,,,,1-7,10.1109/etfa45728.2021.9613668,article,6,,W3215436229,研究分野が異なる（同姓同名の別人）
2021,Fabrication of Textured Porous Ti3SiC2 by Slip Casting under High Magnetic Field and Microstructural Evolution through High Temperature Deformation,N. Hashimoto; Ken‐ichi Ikeda; Seiji Miura; Koji Morita; T. Suzuki; Yoshio Sakka,MATERIALS TRANSACTIONS,63,2,133-140,10.2320/matertrans.mt-m2021207,article,10,https://www.jstage.jst.go.jp/article/matertrans/63/2/63_MT-M2021207/_pdf,W4206056068,共著者ネットワークが別人（京都大の三浦精氏、日立の三浦誓士氏、北大地盤工学の三浦清一氏ほか）
2021,Fabrication of Textured Porous Ti3SiC2 by Slip Casting under High Magnetic Field and Microstructural Evolution through High Temperature Deformation,N. Hashimoto; Ken‐ichi Ikeda; Seiji Miura; Koji Morita; T. Suzuki; Yoshio Sakka,Journal of the Japan Institute of Metals and Materials,85,7,256-263,10.2320/jinstmet.j2021001,article,6,https://www.jstage.jst.go.jp/article/jinstmet/85/7/85_J2021001/_pdf,W3176791185,共著者ネットワークが別人（京都大の三浦精氏、日立の三浦誓士氏、北大地盤工学の三浦清一氏ほか）
2021,Multivariate analysis on causes of landslide in southern part of Ehime Prefecture resulting from the July 2018 heavy rain event,Seiji Miura,The Japanese Geotechnical Society,,,,,article,0,,W3182691458,研究分野が異なる（同姓同名の別人）
2020,Effect of Grain Boundary Characters on Precipitation Behavior and Local Deformation Behavior in Al-Mg-Si Alloy,Takuya Hashimoto; Ken‐ichi Ikeda; Seiji Miura,Journal of the Japan Institute of Metals and Materials,85,1,7-16,10.2320/jinstmet.jd202002,article,2,https://www.jstage.jst.go.jp/article/jinstmet/85/1/85_JD202002/_pdf,W3111618583,共著者ネットワークが別人（京都大の三浦精氏、日立の三浦誓士氏、北大地盤工学の三浦清一氏ほか）
2020,Relationship between mechanical properties and age-hardening behavior around grain boundaries of Al-Mg-Si alloy,Takuya Hashimoto; Ken‐ichi Ikeda; Seiji Miura,MATEC Web of Conferences,326,,03002-03002,10.1051/matecconf/202032603002,article,3,https://www.matec-conferences.org/articles/matecconf/pdf/2020/22/matecconf_icaa172020_03002.pdf,W3097244244,共著者ネットワークが別人（京都大の三浦精氏、日立の三浦誓士氏、北大地盤工学の三浦清一氏ほか）
2019,Long-Period Superlattices of γ' Phase in Ni-Based Superalloy,M. Yamashita; Shigeharu Ukai; S.M.S. Aghamiri; Shigenari Hayashi; Naoko Oono; Seiji Miura; Masatoshi Mitsuhara,SSRN Electronic Journal,,,,10.2139/ssrn.3394585,article,0,https://doi.org/10.2139/ssrn.3394585,W3043647448,共著者ネットワークが別人（京都大の三浦精氏、日立の三浦誓士氏、北大地盤工学の三浦清一氏ほか）
2018,Fabrication of Ni-aluminides long-fiber reinforced Ni matrix composite by a reaction at narrow holes method,Yoshimi Watanabe; Shingo Gonda; Hisashi Sato; Seiji Miura,Journal of Materials Processing Technology,259,,320-331,10.1016/j.jmatprotec.2018.02.032,article,8,https://nitech.repo.nii.ac.jp/records/6617,W2791070218,共著者ネットワークが別人（京都大の三浦精氏、日立の三浦誓士氏、北大地盤工学の三浦清一氏ほか）
2016,Report on The 9th Pacific Rim International Conference on Advanced Materials and Processing,Tadashi Furuhara; Haruyuki Inui; Tomoyuki Kakeshita; Minoru Nishida; Masahiko Ikeda; Seiji Miura; Yoshimasa Kajiwara,Materia Japan,55,12,615-618,10.2320/materia.55.615,article,0,https://www.jstage.jst.go.jp/article/materia/55/12/55_55.615/_pdf,W2564761225,共著者ネットワークが別人（京都大の三浦精氏、日立の三浦誓士氏、北大地盤工学の三浦清一氏ほか）
2015,EXPERIMENTAL EVALUATION OF ARSENIC REMOVAL EFFECT BY USING SAND FILTER,Seiji Miura; Yoshinari HIROSHIRO,Journal of Japan Society of Civil Engineers Ser B1 (Hydraulic Engineering),71,4,I_241-I_246,10.2208/jscejhe.71.i_241,article,0,https://www.jstage.jst.go.jp/article/jscejhe/71/4/71_41/_pdf,W2971762094,研究分野が異なる（同姓同名の別人）
2015,"Refinement of Thermodynamic Parameters of the Mg24Y5, W and H Phases in the Mg-Zn-Y System",Satoshi Minamoto; Toshiaki Horiuchi; Seiji Miura,MATERIALS TRANSACTIONS,56,10,1670-1674,10.2320/matertrans.mh201418,article,7,https://www.jstage.jst.go.jp/article/matertrans/56/10/56_MH201418/_pdf,W1900395572,共著者ネットワークが別人（京都大の三浦精氏、日立の三浦誓士氏、北大地盤工学の三浦清一氏ほか）
2013,"Experimental Study on Phase Equilibria in the Vicinity of X, W and H Phases in the Mg&ndash;Zn&ndash;Y Ternary System",Atsushi Hamaya; Toshiaki Horiuchi; Yuki Oohira; Satoshi Minamoto; Seiji Miura; Norihito Sakaguchi,MATERIALS TRANSACTIONS,54,5,641-646,10.2320/matertrans.mi201209,article,13,https://www.jstage.jst.go.jp/article/matertrans/54/5/54_MI201209/_pdf,W1481275949,共著者ネットワークが別人（京都大の三浦精氏、日立の三浦誓士氏、北大地盤工学の三浦清一氏ほか）
2013,"Heterogeneous Nucleation of Pure Magnesium on Al3Ti, TiC, TiB2, and AlB2 Particles",Yoshimi Watanabe; Yan Bing Gao; Jun Guo; Hisashi Sato; Seiji Miura; Hiromi Miura,Japanese Journal of Applied Physics,52,1S,01AN04-01AN04,10.7567/jjap.52.01an04,article,18,,W1995439533,共著者ネットワークが別人（京都大の三浦精氏、日立の三浦誓士氏、北大地盤工学の三浦清一氏ほか）
2012,Experimental Study on Phase Diagram in the Vicinity of X or W Phase in the Mg-Zn-Y Ternary System,Tatsuo Horiuchi; H. Ikee; Atsushi Hamaya; Satoshi Minamoto; Sukeharu Nomoto; Seiji Miura,Materials science forum,706-709,,1170-1175,10.4028/www.scientific.net/msf.706-709.1170,article,4,https://doi.org/10.4028/www.scientific.net/msf.706-709.1170,W2083379938,共著者ネットワークが別人（京都大の三浦精氏、日立の三浦誓士氏、北大地盤工学の三浦清一氏ほか）
2012,Influence of moisture content on cyclic plastic deformation characteristics of recycled crusher-run material under moving wheel loads,Aasim Inam; Tatsuya Ishikawa; Seiji Miura,,,,213-218,10.1201/b12754-28,book-chapter,0,,W631504923,研究分野が異なる（同姓同名の別人）
2012,Standard Gibbs Energies of Formation of the Ferro- and Paramagnetic Phases of AlNd3,Masao Morishita; Keiichiro Ikeda; Naoto Nishimura; Seiji Miura; Yoshihiro Yamada,The Journal of Physical Chemistry C,116,38,20489-20495,10.1021/jp301259n,article,18,,W2331031986,共著者ネットワークが別人（京都大の三浦精氏、日立の三浦誓士氏、北大地盤工学の三浦清一氏ほか）
2011,Calorimetric study of AlNd2: Heat capacity. Standard Gibbs energy of formation,Masao Morishita; Hiroaki Yamamoto; Masahiro Kodera; Keiichiro Ikeda; Seiji Miura; Yoshihiro Yamada,Thermochimica Acta,526,1-2,90-98,10.1016/j.tca.2011.08.025,article,17,,W2082063043,共著者ネットワークが別人（京都大の三浦精氏、日立の三浦誓士氏、北大地盤工学の三浦清一氏ほか）
2010,DURABILITY OF HIGH FLEXURAL STRENGTH ALUMINA CEMENT-PHENOL RESIN COMPOSITE,Dinil Pushpalal; Toshio Kawano; Takeshi Kobayashi; Seiji Miura; Naomi Maeda; Masaki Hasegawa; T Takata,,,,,10.4324/9780203477151_durability_of_high_flexural_strength_alumina,book-chapter,0,,W2477047501,共著者ネットワークが別人（京都大の三浦精氏、日立の三浦誓士氏、北大地盤工学の三浦清一氏ほか）
2010,Microstructural Characterization of Nb-Al Base ODS Alloys,Shigeharu Ukai; Akinobu Minami; Shigenari Hayashi; Norihito Sakaguchi; Seiji Miura,Materials science forum,654-656,,436-439,10.4028/www.scientific.net/msf.654-656.436,article,1,https://www.scientific.net/MSF.654-656.436.pdf,W2038673614,共著者ネットワークが別人（京都大の三浦精氏、日立の三浦誓士氏、北大地盤工学の三浦清一氏ほか）
2010,Microstructure Simulation for Solidification of Magnesium–Zinc–Yttrium Alloy by Multi-phase-field Method Coupled with CALPHAD Database,Satoshi Minamoto; Sukeharu Nomoto; Atsushi Hamaya; Toshiaki Horiuchi; Seiji Miura,ISIJ International,50,12,1914-1919,10.2355/isijinternational.50.1914,article,23,https://www.jstage.jst.go.jp/article/isijinternational/50/12/50_12_1914/_pdf,W1987347854,共著者ネットワークが別人（京都大の三浦精氏、日立の三浦誓士氏、北大地盤工学の三浦清一氏ほか）
2008,Development of SiC particle-dispersed Mg-based functionally graded materials by a centrifugal solid-particle method,Yoshimi Watanabe; Hisashi Sato; Katsuya Mori; Su‐Min Lee; Ick Soo Kim; Hiromi Miura; Seiji Miura,,,,,,article,0,,W3088911444,共著者ネットワークが別人（京都大の三浦精氏、日立の三浦誓士氏、北大地盤工学の三浦清一氏ほか）
2007,,Yoshinao Mishima; Haruyuki Inui; Masao Takeyama; Kouki Takanashi; Ryoichi Nakatani; Seiji Miura; Kyousuke Yoshimi; Hideki Hosoda; Takayoshi Nakano; Yoshisato Kimura; Hiroyuki Yasuda; Satoshi Hata,Materia Japan,46,4,278-283,10.2320/materia.46.278,article,0,https://www.jstage.jst.go.jp/article/materia1994/46/4/46_4_278/_pdf,W4246964042,タイトル情報なし（OpenAlexメタデータ不備）
2005,Functionally Graded Material Fabricated by a Centrifugal Method from ZK60A Magnesium Alloy,Yoshimi Watanabe; Ryuho Sato; Ick Soo Kim; Seiji Miura; Hiromi Miura,MATERIALS TRANSACTIONS,46,5,944-949,10.2320/matertrans.46.944,article,17,https://www.jstage.jst.go.jp/article/matertrans/46/5/46_5_944/_pdf,W2108022160,共著者ネットワークが別人（京都大の三浦精氏、日立の三浦誓士氏、北大地盤工学の三浦清一氏ほか）
2005,Orientation Dependence of Ductility of Mg Single Crystals at Elevated Temperature,Hiromi Miura; Taku Sakai; Hiroshi Nogawa; Xu Yue Yang; Yoshimi Watanabe; Seiji Miura,Materials science forum,488-489,,193-196,10.4028/www.scientific.net/msf.488-489.193,article,7,https://doi.org/10.4028/www.scientific.net/msf.488-489.193,W2048200947,共著者ネットワークが別人（京都大の三浦精氏、日立の三浦誓士氏、北大地盤工学の三浦清一氏ほか）
2004,A Dynamic SDRAM-Mode Control Scheme for Low-Power Systems,Seiji Miura; Kazushige Ayukawa,IEICE Technical Report; IEICE Tech. Rep.,104,521,7-11,,article,0,,W2624602572,研究分野が異なる（同姓同名の別人）
2004,Development of Ti particle-dispersed Mg-based functionally graded materials by a centrifugal solid-particle method,Ryuho Sato; Yoshimi Watanabe; Seiji Miura; Hiromi Miura,Journal of Japan Institute of Light Metals,54,11,522-526,10.2464/jilm.54.522,article,1,https://www.jstage.jst.go.jp/article/jilm/54/11/54_11_522/_pdf,W1983312189,共著者ネットワークが別人（京都大の三浦精氏、日立の三浦誓士氏、北大地盤工学の三浦清一氏ほか）
2004,"Interphase boundary sliding of two-phase (α/β), (β/γ) and (γ/α) CuZnSn alloy couples produced by solid-to-solid diffusion bonding",Hiroyuki Miyamoto; Tatsuya Tanaka; T. Mimaki; Ryosuke Matsubara; Nobuyuki Ashie; Seiji Miura,Materials Science and Engineering A,380,1-2,34-40,10.1016/j.msea.2004.03.048,article,9,,W2024233008,共著者ネットワークが別人（京都大の三浦精氏、日立の三浦誓士氏、北大地盤工学の三浦清一氏ほか）
2004,Preliminary results on development of a thin GSO scintillator for neutron science,Junichi H. Kaneko; Nobuhiko Susa; Shigeo Tsuchida; M. Watanabe; Seiji Miura; Takahiko Mizuno; Yasuhiro Yamauchi; Masao Hashiba; Takayuki Oku; A. Homma; F. Fujita; Takashi Ino; M. Furusaka; Teruko Sawamura; Hirohiko M. Shimizu; Y. Kiyanagi,Nuclear Instruments and Methods in Physics Research Section A Accelerators Spectrometers Detectors and Associated Equipment,529,1-3,307-309,10.1016/j.nima.2004.04.169,article,24,,W2046548678,共著者ネットワークが別人（京都大の三浦精氏、日立の三浦誓士氏、北大地盤工学の三浦清一氏ほか）
2003,Deformation behavior of structure-sand deposits subjected to cyclic loading and FE analysis,Suehisa Kawamura; Seiji Miura; Shoji Yokohama,,,,,10.1201/noe9058096043.ch102,book-chapter,0,,W2502124660,研究分野が異なる（同姓同名の別人）
2003,Microstructure modifications by tensile deformation in Ti-Ni-Fe alloy,Minoru Nishida; Kōichi Tanaka; S. Li; M. Kohshima; Seiji Miura; Makoto Asai,Journal de Physique IV (Proceedings),112,,803-806,10.1051/jp4:20031003,article,22,,W2002263894,共著者ネットワークが別人（京都大の三浦精氏、日立の三浦誓士氏、北大地盤工学の三浦清一氏ほか）
2002,Experimental Study on the Possibility of Using Permanently Recycled Concrete for Reinforced Concrete Structures.,Reiji Tanaka; Seiji Miura; Yoshiki Ohaga,Journal of the Society of Materials Science Japan,51,8,948-954,10.2472/jsms.51.948,article,8,https://www.jstage.jst.go.jp/article/jsms1963/51/8/51_8_948/_pdf,W2330358321,研究分野が異なる（同姓同名の別人）
2001,,Seiji Miura; Yoshihiro Terada; Tetsuo Mohri,Materia Japan,40,3,224-228,10.2320/materia.40.224,article,0,https://www.jstage.jst.go.jp/article/materia1994/40/3/40_3_224/_pdf,W2510286026,タイトル情報なし（OpenAlexメタデータ不備）
2001,A STUDY ON RC STRUCTURES USED THE RECYCLED AGGREGATE CONCRETE : Part 2 Experiment of RC beams used recycled aggregate concrete with many times recycled coarse aggregate,Reiji Tanaka; Seiji Miura; Yoshiki Ohaga,Journal of Structural and Construction Engineering (Transactions of AIJ),66,539,127-134,10.3130/aijs.66.127_1,article,3,https://www.jstage.jst.go.jp/article/aijs/66/539/66_KJ00004102323/_pdf,W571554579,研究分野が異なる（同姓同名の別人）
2001,A STUDY ON RC STRUCTURES USED THE RECYCLED AGGREGATE CONCRETE : Part 3 Experiment of RC beams used recycled aggregate concrete with all recycled fine and coarse aggregate,Reiji Tanaka; Seiji Miura; Yoshiki Ohaga,Journal of Structural and Construction Engineering (Transactions of AIJ),66,542,123-130,10.3130/aijs.66.123_1,article,1,,W2585803458,研究分野が異なる（同姓同名の別人）
2000,Effect of Recycled Times on Material Properties of Recycled Aggregate.,Seiji Miura; Yoshiki Ohaga; Reiji Tanaka,Journal of the Society of Materials Science Japan,49,10,1075-1078,10.2472/jsms.49.1075,article,0,https://www.jstage.jst.go.jp/article/jsms1963/49/10/49_10_1075/_pdf,W2313082851,共著者ネットワークが別人（京都大の三浦精氏、日立の三浦誓士氏、北大地盤工学の三浦清一氏ほか）
1999,Grinding induced subsurface cracks in silicon wafers,Zhijian Pei; S.R. Billingsley; Seiji Miura,International Journal of Machine Tools and Manufacture,39,7,1103-1116,10.1016/s0890-6955(98)00079-0,article,168,,W2047489894,研究分野が異なる（同姓同名の別人）
1996,Comparative analysis of the acoustic emission spectra in copper and copper- aluminum single crystals,Alexei Vinogradov; M. Nadtochiy; Satoshi Hashimoto; Seiji Miura,Revue de Métallurgie,93,2,215-224,10.1051/metal/199693020215,article,5,,W2575768239,共著者ネットワークが別人（京都大の三浦精氏、日立の三浦誓士氏、北大地盤工学の三浦清一氏ほか）
1996,Deformation mechanism in ?Cu-Al single crystals and bicrystals under scratching with pyramidal indentor,S. Kobayashi; Masanori Kuwata; Keisuke Mori; Seiji Miura,Journal of Materials Science,31,21,5797-5803,10.1007/bf01160831,article,2,,W2052817417,共著者ネットワークが別人（京都大の三浦精氏、日立の三浦誓士氏、北大地盤工学の三浦清一氏ほか）
1996,Effect of grain boundary on acoustic emission during plastic deformation of copper-aluminum bicrystals,Alexei Vinogradov; Satoshi Hashimoto; Seiji Miura,Acta Materialia,44,7,2883-2890,10.1016/1359-6454(95)00375-4,article,13,,W2031250959,共著者ネットワークが別人（京都大の三浦精氏、日立の三浦誓士氏、北大地盤工学の三浦清一氏ほか）
1996,Fatigue crack initiation and propagation in [210] oriented copper single crystals in vacuum and in air,Alexei Vinogradov; Satoshi Hashimoto; Seiji Miura,Scripta Materialia,34,5,775-779,10.1016/1359-6462(95)00571-4,article,1,,W2006727865,共著者ネットワークが別人（京都大の三浦精氏、日立の三浦誓士氏、北大地盤工学の三浦清一氏ほか）
1996,Structure changes during pseudoelastic deformation of CuAlMn single crystals,J. Dutkiewicz; Hirofumi Kato; Seiji Miura; U. Messerschmidt; Marion Bartsch,Acta Materialia,44,11,4597-4609,10.1016/1359-6454(96)00086-9,article,34,,W2010422445,共著者ネットワークが別人（京都大の三浦精氏、日立の三浦誓士氏、北大地盤工学の三浦清一氏ほか）
1995,Acoustic Emission Spectrum and Its Orientation Dependence in Copper Single Crystals,Alexei Vinogradov; M. Nadtochiy; Satoshi Hashimoto; Seiji Miura,Materials Transactions JIM,36,4,496-503,10.2320/matertrans1989.36.496,article,25,https://www.jstage.jst.go.jp/article/matertrans1989/36/4/36_4_496/_pdf,W1990038269,共著者ネットワークが別人（京都大の三浦精氏、日立の三浦誓士氏、北大地盤工学の三浦清一氏ほか）
1995,Acoustic emission analysis of the evolution of non-equilibrium dislocation-disclination structure of electrodeposited nickel under load,Alexei Vinogradov; А. А. Викарчук; Satoshi Hashimoto; Seiji Miura,Materials Science and Engineering A,197,1,59-68,10.1016/0921-5093(94)09736-4,article,0,,W2040324551,共著者ネットワークが別人（京都大の三浦精氏、日立の三浦誓士氏、北大地盤工学の三浦清一氏ほか）
1995,Correlation between Spectral Parameters of Acoustic Emission during Plastic Deformation of Cu and Cu&ndash;Al Single and Polycrystals,Alexei Vinogradov; M. Nadtochiy; Satoshi Hashimoto; Seiji Miura,Materials Transactions JIM,36,3,426-431,10.2320/matertrans1989.36.426,article,27,https://www.jstage.jst.go.jp/article/matertrans1989/36/3/36_3_426/_pdf,W1996077478,共著者ネットワークが別人（京都大の三浦精氏、日立の三浦誓士氏、北大地盤工学の三浦清一氏ほか）
1995,Crack initiation and propagation in 〈110〉 oriented copper single crystals under cyclic deformation,Alexei Vinogradov; Satoshi Hashimoto; Seiji Miura,Acta Metallurgica et Materialia,43,2,675-680,10.1016/0956-7151(94)00270-r,article,6,,W2082976107,共著者ネットワークが別人（京都大の三浦精氏、日立の三浦誓士氏、北大地盤工学の三浦清一氏ほか）
1995,Crack propagation in 〈110〉 oriented copper bicrystals with the Σ9 and random boundary,Alexei Vinogradov; Satoshi Hashimoto; Seiji Miura,Scripta Metallurgica et Materialia,32,3,427-431,10.1016/s0956-716x(99)80077-6,article,14,,W2016308750,共著者ネットワークが別人（京都大の三浦精氏、日立の三浦誓士氏、北大地盤工学の三浦清一氏ほか）
1995,Cracking along mechanical twin boundaries during fatigue deformation in a ferritic stainless steel crystal,Yoshihisa KANEKO; Satoshi Hashimoto; Seiji Miura,Philosophical Magazine Letters,72,5,297-301,10.1080/09500839508242467,article,18,,W2065350317,共著者ネットワークが別人（京都大の三浦精氏、日立の三浦誓士氏、北大地盤工学の三浦清一氏ほか）
1995,Effect of diffusional relaxation on the shape change of liquid B2O3 particles in a deforming Cu matrix,Susumu Onaka; Satoshi Hashimoto; Seiji Miura; Masaharu Kato,Acta Metallurgica et Materialia,43,4,1577-1585,10.1016/0956-7151(94)00362-l,article,10,,W2095008653,共著者ネットワークが別人（京都大の三浦精氏、日立の三浦誓士氏、北大地盤工学の三浦清一氏ほか）
1995,Effects of aging on pseudoelastic behaviour in Cu-15.0 at.%Sn alloy single crystals,Hiroyuki Kato; Noriko Hirata; Seiji Miura,Acta Metallurgica et Materialia,43,1,361-369,10.1016/0956-7151(95)90292-9,article,3,,W2024526948,共著者ネットワークが別人（京都大の三浦精氏、日立の三浦誓士氏、北大地盤工学の三浦清一氏ほか）
1995,Microstructural aspects of the f.c.c.–f.c.t. transformation during deformation in γ-Mn-Cu alloy single crystals,Hiroyuki Kato; Seiji Miura,"Philosophical magazine. A/Philosophical magazine. A. Physics of condensed matter. Structure, defects and mechanical properties",71,4,781-803,10.1080/01418619508236220,article,16,,W1981171960,共著者ネットワークが別人（京都大の三浦精氏、日立の三浦誓士氏、北大地盤工学の三浦清一氏ほか）
1995,Pseudoelastic Deformation of CuAlMn Single Crystals,J. Dutkiewicz; Marion Bartsch; Seiji Miura; U. Messerschmidt; Hiroyuki Kato,Journal de Physique IV (Proceedings),05,C2,C2-275,10.1051/jp4:1995242,article,4,http://jp4.journaldephysique.org/articles/jp4/pdf/1995/02/jp4199505C242.pdf,W1995429059,共著者ネットワークが別人（京都大の三浦精氏、日立の三浦誓士氏、北大地盤工学の三浦清一氏ほか）
1995,Thermodynamical analysis of the stress-induced martensitic transformation in Cu-15.0 at.% Sn alloy single crystals,Hiroyuki Kato; Seiji Miura,Acta Metallurgica et Materialia,43,1,351-360,10.1016/0956-7151(95)90291-0,article,14,,W2086275438,共著者ネットワークが別人（京都大の三浦精氏、日立の三浦誓士氏、北大地盤工学の三浦清一氏ほか）
1994,Deformation mechanism in ?-Cu-Al single crystals with a spherical indentor,S. Kobayashi; Takao Harada; Seiji Miura,Journal of Materials Science,29,1,26-32,10.1007/bf00356568,article,2,,W1624978582,共著者ネットワークが別人（京都大の三浦精氏、日立の三浦誓士氏、北大地盤工学の三浦清一氏ほか）
1994,PSEUDOELASTICITY AND CALORIMETRIC MEASUREMENTS IN IN-TL SHAPE MEMORY ALLOY SINGLE CRYSTALS,Seiji Miura; Hiroyuki Kato; Norihiko Nakanishi,Strength of Materials,,,315-318,,article,0,,W3162231275,共著者ネットワークが別人（京都大の三浦精氏、日立の三浦誓士氏、北大地盤工学の三浦清一氏ほか）
1994,Stress-strain behavior and shape memory effect in powder metallurgy TiNi alloys,Hiroyuki Kato; Takashi Koyari; Masaharu Tokizane; Seiji Miura,Acta Metallurgica et Materialia,42,4,1351-1358,10.1016/0956-7151(94)90152-x,article,29,,W2056646455,共著者ネットワークが別人（京都大の三浦精氏、日立の三浦誓士氏、北大地盤工学の三浦清一氏ほか）
1994,Superelasticity and shape memory effect in Cu-23at.%Al-7at.%Mn alloy single crystals,Hiroyuki Kato; J. Dutkiewicz; Seiji Miura,Acta Metallurgica et Materialia,42,4,1359-1365,10.1016/0956-7151(94)90153-8,article,26,,W1981640973,共著者ネットワークが別人（京都大の三浦精氏、日立の三浦誓士氏、北大地盤工学の三浦清一氏ほか）
1994,THE EFFECT OF A BOUNDARY NODE ON INTERGRANULAR FRACTURE OF AN alpha-CUAL ALLOY AT INTERMEDIATE TEMPERATURES,Susumu Onaka; Fumihiko Tajima; Sho Hashimoto; Seiji Miura,Strength of Materials,,,599-602,,article,0,,W3191805553,共著者ネットワークが別人（京都大の三浦精氏、日立の三浦誓士氏、北大地盤工学の三浦清一氏ほか）
1994,球状圧子によるα-Cu-Al単結晶の変形機構 II 鋼球による引かき,S. Kobayashi; Takuya Harada; Seiji Miura,Journal of Materials Science,29,1,26-32,,article,0,,W3102413161,共著者ネットワークが別人（京都大の三浦精氏、日立の三浦誓士氏、北大地盤工学の三浦清一氏ほか）
1993,Corrosion Behaviour of Symmetrical Tilt Boundaries in Cu and α Cu-Al Alloy,T. Mimaki; Masashi Yamashita; Satoshi Hashimoto; Seiji Miura,Materials science forum,126-128,,363-366,10.4028/www.scientific.net/msf.126-128.363,article,0,https://doi.org/10.4028/www.scientific.net/msf.126-128.363,W2099522584,共著者ネットワークが別人（京都大の三浦精氏、日立の三浦誓士氏、北大地盤工学の三浦清一氏ほか）
1993,Deformations in KCI single crystals by spherical and pyramidal indentor,S. Kobayashi; Toyo Okui; Seiji Miura,Journal of Materials Science,28,13,3506-3512,10.1007/bf01159830,article,1,,W1969121507,共著者ネットワークが別人（京都大の三浦精氏、日立の三浦誓士氏、北大地盤工学の三浦清一氏ほか）
1993,Microscopic deformations in KC1 single crystals by indentation and scratching with steel ball and pyramidal indenters,S. Kobayashi; Toyo Okui; Seiji Miura,Wear,162-164,,92-101,10.1016/0043-1648(93)90489-9,article,10,,W2029665613,共著者ネットワークが別人（京都大の三浦精氏、日立の三浦誓士氏、北大地盤工学の三浦清一氏ほか）
1992,INTERPHASE BOUNDARY SLIDING IN TWO-PHASE (γ/α)-FeCrNi ALLOY BICRYSTALS PRODUCED BY A SOLID-SOLID DIFFUSION METHOD,Satoshi Hashimoto; Seiji Miura; Hiroyuki Miyamoto; F. MORIWAKI; T. Mimaki,Elsevier eBooks,,,655-660,10.1016/b978-0-08-037890-9.50358-6,book-chapter,0,,W338639564,共著者ネットワークが別人（京都大の三浦精氏、日立の三浦誓士氏、北大地盤工学の三浦清一氏ほか）
1992,ON THE BEHAVIOUR OF INTERGRANULAR STRESS-CORROSION-CRACKING IN [110]-TILT COPPER BICRYSTALS,T. Mimaki; Masato Yamashita; Satoshi Hashimoto; Seiji Miura,Elsevier eBooks,,,663-668,10.1016/b978-0-08-037890-9.50224-6,book-chapter,2,,W89867422,共著者ネットワークが別人（京都大の三浦精氏、日立の三浦誓士氏、北大地盤工学の三浦清一氏ほか）
1991,Bicrystal Study on Intergranular Stress-Corrosion-Cracking,Masato Yamashita; Satoshi Hashimoto; T. Mimaki; Seiji Miura,Materials Transactions JIM,32,10,885-897,10.2320/matertrans1989.32.885,article,8,https://www.jstage.jst.go.jp/article/matertrans1989/32/10/32_10_885/_pdf,W2028363895,共著者ネットワークが別人（京都大の三浦精氏、日立の三浦誓士氏、北大地盤工学の三浦清一氏ほか）
1991,Deformation mechanism in ?Cu-Al single crystals with a spherical indentor,S. Kobayashi; Takao Harada; Seiji Miura,Journal of Materials Science,26,14,3945-3950,10.1007/bf01184996,article,3,,W4251841541,共著者ネットワークが別人（京都大の三浦精氏、日立の三浦誓士氏、北大地盤工学の三浦清一氏ほか）
1991,Intergranular corrosion of copper and α-Cu-Al alloy bicrystals,Masato Yamashita; T. Mimaki; Satoshi Hashimoto; Seiji Miura,"Philosophical magazine. A/Philosophical magazine. A. Physics of condensed matter. Structure, defects and mechanical properties",63,4,695-705,10.1080/01418619108213908,article,38,,W1991548426,共著者ネットワークが別人（京都大の三浦精氏、日立の三浦誓士氏、北大地盤工学の三浦清一氏ほか）
1991,Self-Diffusion of Cu and Sn in Single Crystal Cu3Sn Ordered Alloys,Masashi Arita; Hideo Nakajima; M. Koiwa; Seiji Miura,Materials Transactions JIM,32,1,32-36,10.2320/matertrans1989.32.32,article,7,https://www.jstage.jst.go.jp/article/matertrans1989/32/1/32_1_32/_pdf,W2014489857,共著者ネットワークが別人（京都大の三浦精氏、日立の三浦誓士氏、北大地盤工学の三浦清一氏ほか）
1991,Stress corrosion cracking of [110] and [100] tilt boundaries of α-Cu-Al alloy,Masato Yamashita; T. Mimaki; Satoshi Hashimoto; Seiji Miura,"Philosophical magazine. A/Philosophical magazine. A. Physics of condensed matter. Structure, defects and mechanical properties",63,4,707-726,10.1080/01418619108213909,article,34,,W2058058683,共著者ネットワークが別人（京都大の三浦精氏、日立の三浦誓士氏、北大地盤工学の三浦清一氏ほか）
1990,EFFECT OF INTERFACIAL STRUCTURE AND ENERGY ON CORROSION AND STRESS-CORROSION-CRACKING IN α Cu-Al ALLOY BICRYSTALS,Masato Yamashita; T. Mimaki; Satoshi Hashimoto; Seiji Miura,Le Journal de Physique Colloques,51,C1,C1-715,10.1051/jphyscol:19901114,article,1,https://hal.science/jpa-00230022,W2016466669,共著者ネットワークが別人（京都大の三浦精氏、日立の三浦誓士氏、北大地盤工学の三浦清一氏ほか）
1990,EFFECTS OF A BOUNDARY NODE ON GRAIN-BOUNDARY SLIDING AND INTERGRANULAR FRACTURE IN Cu-9at.%Al TRICRYSTALS,Seiji Miura; Tatsuya Okada; Susumu Onaka; Satoshi Hashimoto,Le Journal de Physique Colloques,51,C1,C1-587,10.1051/jphyscol:1990192,article,0,https://hal.science/jpa-00230361,W2081969318,共著者ネットワークが別人（京都大の三浦精氏、日立の三浦誓士氏、北大地盤工学の三浦清一氏ほか）
1990,FORMATION OF THE (γ/α) - INTERPHASE BOUNDARIES IN FeCrNi ALLOYS BY A DIFFUSION BONDING METHOD,Shinichi Hashimoto; Susumu Katō; T. Mimaki; Seiji Miura,Le Journal de Physique Colloques,51,C1,C1-831,10.1051/jphyscol:19901130,article,1,https://hal.science/jpa-00230040,W1992933695,共著者ネットワークが別人（京都大の三浦精氏、日立の三浦誓士氏、北大地盤工学の三浦清一氏ほか）
1990,Shape memory characteristics in powder metallurgy TiNi alloys,Hiroki Kato; Takashi Koyari; Seiji Miura; Kazuo Isonishi; Masaharu Tokizane,Scripta Metallurgica et Materialia,24,12,2335-2340,10.1016/0956-716x(90)90089-y,article,11,,W2046064456,共著者ネットワークが別人（京都大の三浦精氏、日立の三浦誓士氏、北大地盤工学の三浦清一氏ほか）
1990,Sliding and migration of a ?19 [0001] symmetrical tilt boundary in a zinc bicrystal,Hideo Ando; J. Sugita; Susumu Onaka; Seiji Miura,Journal of Materials Science Letters,9,3,314-315,10.1007/bf00725835,article,7,,W2052229598,共著者ネットワークが別人（京都大の三浦精氏、日立の三浦誓士氏、北大地盤工学の三浦清一氏ほか）
1990,"Stress corrosion cracking of copper bicrystals with 〈110〉-Tilt ∑3, ∑9, and ∑11 coincident site lattice boundaries",T. Mimaki; Yoshiyuki Nakazawa; Satoshi Hashimoto; Seiji Miura,Metallurgical Transactions A,21,9,2355-2361,10.1007/bf02646982,article,8,,W1998685296,共著者ネットワークが別人（京都大の三浦精氏、日立の三浦誓士氏、北大地盤工学の三浦清一氏ほか）
1990,Stress-corrosion-cracking of (100)-twist boundaries in Cu-9at.%Al alloy,Masato Yamashita; Masato Yoshioka; T. Mimaki; Satoshi Hashimoto; Seiji Miura,Acta Metallurgica et Materialia,38,9,1619-1623,10.1016/0956-7151(90)90003-y,article,10,,W2048487772,共著者ネットワークが別人（京都大の三浦精氏、日立の三浦誓士氏、北大地盤工学の三浦清一氏ほか）
1989,Stress corrosion cracking and grain boundaries in copper based alloys.,Takuro Mimaki; Masato Yamashita; Satoshi Hashimoto; Seiji Miura,Bulletin of the Japan Institute of Metals,28,11,881-889,10.2320/materia1962.28.881,article,0,https://www.jstage.jst.go.jp/article/materia1962/28/11/28_11_881/_pdf,W2269103563,共著者ネットワークが別人（京都大の三浦精氏、日立の三浦誓士氏、北大地盤工学の三浦清一氏ほか）
1989,"Unstable phenomenon in flow through a pipe system with a cross pipe. (3rd Report, Investigation of flow stabilizing structure of a pipe for the unstable discharge phenomenon).",Arahiko OHKI; Seiji Miura; Yasuhiro Masuhara; Wataru Sagawa; Yuichiro Yoshimoto,TRANSACTIONS OF THE JAPAN SOCIETY OF MECHANICAL ENGINEERS Series B,55,518,3040-3043,10.1299/kikaib.55.3040,article,3,https://www.jstage.jst.go.jp/article/kikaib1979/55/518/55_518_3040/_pdf,W373394428,研究分野が異なる（同姓同名の別人）
1988,EFFECT OF GRAIN-BOUNDARY STRUCTURE ON STRESS CORROSION CRACKING IN αCu-Al ALLOY BICRYSTALS,T. Mimaki; Masato Yamashita; Satoshi Hashimoto; Seiji Miura,Le Journal de Physique Colloques,49,C5,C5-693,10.1051/jphyscol:1988591,article,2,https://hal.science/jpa-00228088,W2145121051,共著者ネットワークが別人（京都大の三浦精氏、日立の三浦誓士氏、北大地盤工学の三浦清一氏ほか）
1988,EFFECT OF THE TRIPLE JUNCTION ON GRAIN-BOUNDARY SLIDING IN ALUMINUM TRICRYSTALS,Seiji Miura; Satoshi Hashimoto; Tatsuya Fujii,Le Journal de Physique Colloques,49,C5,C5-599,10.1051/jphyscol:1988575,article,5,https://hal.science/jpa-00228072,W2016171459,共著者ネットワークが別人（京都大の三浦精氏、日立の三浦誓士氏、北大地盤工学の三浦清一氏ほか）
1987,Grain-boundary sliding and triple-point fold in aluminum tricrystals,Satoshi Hashimoto; Tatsuya Fujii; Seiji Miura,Scripta Metallurgica,21,2,169-174,10.1016/0036-9748(87)90429-7,article,23,,W2092636943,共著者ネットワークが別人（京都大の三浦精氏、日立の三浦誓士氏、北大地盤工学の三浦清一氏ほか）
1986,Dynamic Strain Aging and the Bauschinger Effect During Cyclic Deformation in Polycrystalline Silver and Copper Base Solid Solutional Alloys,"HASHIMOTO, Satoshi; Seiji Miura",Institutional Repositories DataBase (IRDB),48,1,30-59,,article,0,http://hdl.handle.net/2433/281311,W2473725395,共著者ネットワークが別人（京都大の三浦精氏、日立の三浦誓士氏、北大地盤工学の三浦清一氏ほか）
1986,Variations of organochlorine residues with age and sex in Antarctic minke whale,Shinsuke Tanabe; Seiji Miura; Ryo Tatsukawa,Institutional Repositories DataBase (IRDB),44,44,174-181,,article,38,https://nipr.repo.nii.ac.jp/record/2046/files/KJ00000012599.pdf,W1481884965,研究分野が異なる（同姓同名の別人）
1985,On the aging effect during deformation of Au-47.5 at %Cd martensite,Seiji Miura; Satoshi Hashimoto; Norihiko Nakanishi,Scripta Metallurgica,19,3,353-355,10.1016/0036-9748(85)90329-1,article,2,,W2089952999,共著者ネットワークが別人（京都大の三浦精氏、日立の三浦誓士氏、北大地盤工学の三浦清一氏ほか）
1983,Sample preparation method and its effect on static and cyclic deformation — strength properties of sand,Seiji Miura; Shosuke Toki,International Journal of Rock Mechanics and Mining Sciences & Geomechanics Abstracts,20,1,A6-A6,10.1016/0148-9062(83)91658-3,article,14,,W326574861,共著者ネットワークが別人（京都大の三浦精氏、日立の三浦誓士氏、北大地盤工学の三浦清一氏ほか）
1981,"Radical Force Fluctuations on Pump-Turbine Runner : 1st Report, Experiments on General Characteristics of Radial Force Fluctuations and Effects of Tolerances in Manufacturing",Yuzo Yamaguchi; Seiji Miura,TRANSACTIONS OF THE JAPAN SOCIETY OF MECHANICAL ENGINEERS Series B,47,413,86-94,10.1299/kikaib.47.86,article,0,https://www.jstage.jst.go.jp/article/kikaib1979/47/413/47_413_86/_pdf,W58482644,研究分野が異なる（同姓同名の別人）
1980,Effect of orientation on work softening in aluminum single crystals,Seiji Miura; Kazuo Hamashima,Journal of Materials Science,15,10,2550-2558,10.1007/bf00550759,article,16,,W2064124562,共著者ネットワークが別人（京都大の三浦精氏、日立の三浦誓士氏、北大地盤工学の三浦清一氏ほか）
1980,Plastic deformation of aluminium bicrystals having ∑7 and ∑21 coincidence tilt boundaries,Seiji Miura; Kazuo Hamashima; K.T. Aust,Acta Metallurgica,28,11,1591-1602,10.1016/0001-6160(80)90061-9,article,37,,W2092408776,共著者ネットワークが別人（京都大の三浦精氏、日立の三浦誓士氏、北大地盤工学の三浦清一氏ほか）
1979,Pseudoelastic behaviour associated with thermoelastic martensitic transformation in an Au52.5xAgxCd47.5pseudobinary alloy,Seiji Miura; F.L. Horn; Norihiko Nakanishi,"Philosophical magazine. A/Philosophical magazine. A. Physics of condensed matter. Structure, defects and mechanical properties",40,5,611-624,10.1080/01418617908234862,article,12,,W2022961179,共著者ネットワークが別人（京都大の三浦精氏、日立の三浦誓士氏、北大地盤工学の三浦清一氏ほか）
1978,Effect of cooling rates on stress-strain behavior in Au-47.5 at.%Cd alloy,Seiji Miura; Fuminobu Hori; Norihiko Nakanishi,Scripta Metallurgica,12,3,265-269,10.1016/0036-9748(78)90110-2,article,4,,W1998634298,共著者ネットワークが別人（京都大の三浦精氏、日立の三浦誓士氏、北大地盤工学の三浦清一氏ほか）
1978,Effect of grain boundaries on anneal hardening in Cu-Al alloy,Seiji Miura; Tetsuya Tajima,Metal Science,12,4,183-191,10.1179/msc.1978.12.4.183,article,10,,W2005953498,共著者ネットワークが別人（京都大の三浦精氏、日立の三浦誓士氏、北大地盤工学の三浦清一氏ほか）
1978,Plastic deformation of aluminum bicrystals 〈100〉 oriented,Seiji Miura; Yoshitaka Saeki,Acta Metallurgica,26,1,93-101,10.1016/0001-6160(78)90204-3,article,49,,W2009404740,三浦誠司教授の研究活動開始（1987年頃）以前
1978,Temperature dependence of the elastic constants above the martensitic transition temperature in Cu-15.0 at% Sn alloy,Norihiko Nakanishi; M. Takano; Makoto Hashimoto; Hiroshi Morimoto; Seiji Miura,Scripta Metallurgica,12,3,271-275,10.1016/0036-9748(78)90111-4,article,10,,W2043914853,共著者ネットワークが別人（京都大の三浦精氏、日立の三浦誓士氏、北大地盤工学の三浦清一氏ほか）
1976,Decrease in dislocation density during reverse deformation in silver single crystals by etch-pit method,Satoshi Hashimoto; Seiji Miura; Teruaki Yagi,Scripta Metallurgica,10,9,823-827,10.1016/0036-9748(76)90303-3,article,6,,W2015215268,共著者ネットワークが別人（京都大の三浦精氏、日立の三浦誓士氏、北大地盤工学の三浦清一氏ほか）
1976,Dislocation etch pits in gold,Satoshi Hashimoto; Seiji Miura; Takahiro Kubo,Journal of Materials Science,11,8,1501-1508,10.1007/bf00540884,article,8,,W1984262621,共著者ネットワークが別人（京都大の三浦精氏、日立の三浦誓士氏、北大地盤工学の三浦清一氏ほか）
1976,Pseudoelastic behavior and its strain rate dependence in thermoelastic In-Tl martensite,Seiji Miura; Masato Ito; Norihiko Nakanishi,Scripta Metallurgica,10,1,87-92,10.1016/0036-9748(76)90334-3,article,22,,W2009242026,共著者ネットワークが別人（京都大の三浦精氏、日立の三浦誓士氏、北大地盤工学の三浦清一氏ほか）
1976,Study of superelasticity associated with the thermoelastic martensitic transformation in Au—Cd alloys,Seiji Miura; T. Mori; N. Nakanashi; Yūichiro Murakami; Sukeji Kachi,Philosophical magazine,34,3,337-349,10.1080/14786437608222027,article,23,,W2059049293,共著者ネットワークが別人（京都大の三浦精氏、日立の三浦誓士氏、北大地盤工学の三浦清一氏ほか）
1975,On two stage yielding in AuCdCu thermoelastic martensite,Seiji Miura; Masato Ito; Norihiko Nakanishi,Scripta Metallurgica,9,3,247-250,10.1016/0036-9748(75)90201-x,article,6,,W170709418,共著者ネットワークが別人（京都大の三浦精氏、日立の三浦誓士氏、北大地盤工学の三浦清一氏ほか）
1975,Pseudoelastic and shape memory phenomena related to stress-induced martensite in Cu-15.0 at .% Sn alloy,Seiji Miura; Shunsuke Maeda; Norihiko Nakanishi,Scripta Metallurgica,9,6,675-680,10.1016/0036-9748(75)90485-8,article,12,,W2069912210,共著者ネットワークが別人（京都大の三浦精氏、日立の三浦誓士氏、北大地盤工学の三浦清一氏ほか）
1975,Superelasticity and Shape Memory Effect in Cu-Sn Alloys,Seiji Miura; Yasuyuki MORITA; Norihiko Nakanishi,,,,389-405,10.1007/978-1-4684-2211-5_18,book-chapter,19,,W130050097,共著者ネットワークが別人（京都大の三浦精氏、日立の三浦誓士氏、北大地盤工学の三浦清一氏ほか）
1974,Pseudoelasticity in Au-Cu-Zn thermoelastic martensite,Seiji Miura; Shunsuke Maeda; Norihiko Nakanishi,Philosophical magazine,30,3,565-581,10.1080/14786439808206582,article,70,,W4249877929,共著者ネットワークが別人（京都大の三浦精氏、日立の三浦誓士氏、北大地盤工学の三浦清一氏ほか）
1974,Superelasticity in thermoelastic Au--Cd alloy,Seiji Miura; T. Mori; Norihiko Nakanishi,OSTI OAI (U.S. Department of Energy Office of Scientific and Technical Information),,,,,article,0,,W2269058088,共著者ネットワークが別人（京都大の三浦精氏、日立の三浦誓士氏、北大地盤工学の三浦清一氏ほか）
1973,Ferroelastic and superelastic behavior in Ag-Cd alloys,Seiji Miura; T. Mori; Norihiko Nakanishi,Scripta Metallurgica,7,7,697-700,10.1016/0036-9748(73)90115-4,article,11,,W2095333456,共著者ネットワークが別人（京都大の三浦精氏、日立の三浦誓士氏、北大地盤工学の三浦清一氏ほか）
1973,Pseudoelasticity in Au-Cd thermoelastic martensite,Norihiko Nakanishi; T. Mori; Seiji Miura; Yūichiro Murakami; Sukeji Kachi,Philosophical magazine,28,2,277-292,10.1080/14786437308217452,article,147,,W2007548655,共著者ネットワークが別人（京都大の三浦精氏、日立の三浦誓士氏、北大地盤工学の三浦清一氏ほか）
1973,Variation of effective and internal stresses during cyclic straining in α-zirconium,Seiji Miura; Kazunori Umeda,Scripta Metallurgica,7,4,337-344,10.1016/0036-9748(73)90052-5,article,10,,W2072659483,共著者ネットワークが別人（京都大の三浦精氏、日立の三浦誓士氏、北大地盤工学の三浦清一氏ほか）
1972,Mechanical behaviour of molybdenum and tantalum under high pressures at elevated temperatures.,Mamoru Nishihara; Seiji Miura; Tôru Hirano,OSTI OAI (U.S. Department of Energy Office of Scientific and Technical Information),,,,,article,0,,W142452917,共著者ネットワークが別人（京都大の三浦精氏、日立の三浦誓士氏、北大地盤工学の三浦清一氏ほか）
1972,Portevin-Le chatelier effect and vacancies induced by cyclic stressing in α-brass,Seiji Miura; Satoshi Hashimoto,Scripta Metallurgica,6,8,667-671,10.1016/0036-9748(72)90123-8,article,1,,W2073675153,共著者ネットワークが別人（京都大の三浦精氏、日立の三浦誓士氏、北大地盤工学の三浦清一氏ほか）
1972,Portevin-Le chatelier effect in α -brass during cyclic straining,Seiji Miura; Satoshi Hashimoto,Scripta Metallurgica,6,8,673-676,10.1016/0036-9748(72)90124-x,article,1,,W1981671920,共著者ネットワークが別人（京都大の三浦精氏、日立の三浦誓士氏、北大地盤工学の三浦清一氏ほか）
1971,17.プロパルスリンの生体内における消長 : 殺虫剤に関する研究 第8報,Michio NAKANISHI; Yasuyuki KATO; Tetsuya Furuta; Seiji Miura,Institutional Repositories DataBase (IRDB),36,3,116-121,,article,0,http://hdl.handle.net/2433/158687,W7144650890,研究分野が異なる（同姓同名の別人）
1971,Ferroelasticity and memory effect in the β-phase alloys,Norihiko Nakanishi; Yūichiro Murakami; Sukeji Kachi; T. Mori; Seiji Miura,Physics Letters A,37,1,61-62,10.1016/0375-9601(71)90332-x,article,26,,W2092705915,共著者ネットワークが別人（京都大の三浦精氏、日立の三浦誓士氏、北大地盤工学の三浦清一氏ほか）
