Al_frac,C_frac,Co_frac,Cr_frac,Cu_frac,Fe_frac,Hf_frac,Mn_frac,Mo_frac,Nb_frac,Ni_frac,Si_frac,Ta_frac,Ti_frac,V_frac,Zr_frac,mean_atomic_radius_pm,std_atomic_radius_pm,atomic_size_mismatch_pct,mean_atomic_mass_gmol,std_atomic_mass_gmol,mean_electronegativity,std_electronegativity,VEC_avg,mixing_entropy_J_per_molK,mixing_entropy_over_R,n_elements,temperature_C,processing_ANNEAL,processing_CAST,processing_OTHER,processing_WROUGHT,phase_BCC,phase_FCC,phase_other,source_MPEA_dataset,test_type_T,year,yield_strength_MPa,ys_log10
0.0,0.0,0.25,0.25,0.0,0.25,0.0,0.0,0.0,0.0,0.25,0.0,0.0,0.0,0.0,0.0,125.75,1.47902,1.176159,56.366923,2.800658,1.82,0.096695,8.25,11.526293,1.386294,4,25.0,0.0,0.0,0.0,1.0,0.0,1.0,0.0,1.0,1.0,2014,274.0,2.437750562820388
0.0,0.0,0.25,0.25,0.0,0.0,0.0,0.25,0.0,0.0,0.25,0.0,0.0,0.0,0.0,0.0,126.0,1.581139,1.254872,56.140174,2.869603,1.75,0.150499,8.0,11.526293,1.386294,4,25.0,0.0,0.0,0.0,1.0,0.0,1.0,0.0,1.0,1.0,2014,282.0,2.450249108319361
0.0,0.0,0.3333333333333333,0.3333333333333333,0.0,0.0,0.0,0.0,0.0,0.0,0.3333333333333333,0.0,0.0,0.0,0.0,0.0,125.666667,1.699673,1.352525,56.540898,3.215148,1.816667,0.111455,8.333333,9.134371,1.098612,3,25.0,0.0,0.0,0.0,1.0,0.0,1.0,0.0,1.0,1.0,2014,300.0,2.4771212547196626
0.0,0.0,0.25,0.0,0.0,0.25,0.0,0.25,0.0,0.0,0.25,0.0,0.0,0.0,0.0,0.0,125.5,1.118034,0.890864,57.102398,1.742754,1.7925,0.142894,8.5,11.526293,1.386294,4,25.0,0.0,0.0,0.0,1.0,0.0,1.0,0.0,1.0,1.0,2014,170.0,2.230448921378274
0.0,0.0,0.3333333333333333,0.0,0.0,0.3333333333333333,0.0,0.0,0.0,0.0,0.3333333333333333,0.0,0.0,0.0,0.0,0.0,125.0,0.816497,0.653197,57.823865,1.402689,1.873333,0.032998,9.0,9.134371,1.098612,3,25.0,0.0,0.0,0.0,1.0,0.0,1.0,0.0,1.0,1.0,2014,211.0,2.3242824552976926
0.0,0.0,0.3333333333333333,0.0,0.0,0.0,0.0,0.3333333333333333,0.0,0.0,0.3333333333333333,0.0,0.0,0.0,0.0,0.0,125.333333,1.247219,0.995122,57.521531,1.829454,1.78,0.163095,8.666667,9.134371,1.098612,3,25.0,0.0,0.0,0.0,1.0,0.0,1.0,0.0,1.0,1.0,2014,231.0,2.3636119798921444
0.0,0.0,0.0,0.0,0.0,0.3333333333333333,0.0,0.3333333333333333,0.0,0.0,0.3333333333333333,0.0,0.0,0.0,0.0,0.0,125.666667,1.247219,0.992482,56.492133,1.599967,1.763333,0.154344,8.333333,9.134371,1.098612,3,25.0,0.0,0.0,0.0,1.0,0.0,1.0,0.0,1.0,1.0,2014,221.0,2.3443922736851106
0.0,0.0,0.24372410431391667,0.24372410431391667,0.0,0.24372410431391667,0.0,0.0,0.0,0.025103582744333414,0.24372410431391667,0.0,0.0,0.0,0.0,0.0,126.258348,3.488296,2.762824,57.284195,6.349958,1.814477,0.101488,8.168413,12.212112,1.46878,5,25.0,0.0,1.0,0.0,0.0,0.0,0.0,1.0,1.0,1.0,2015,318.0,2.5024271199844326
0.0,0.0,0.24067388688327315,0.24067388688327315,0.0,0.24067388688327315,0.0,0.0,0.0,0.03730445246690734,0.24067388688327315,0.0,0.0,0.0,0.0,0.0,126.505415,4.102731,3.243127,57.730008,7.449793,1.811793,0.103631,8.128761,12.420645,1.49386,5,25.0,0.0,1.0,0.0,0.0,0.0,0.0,1.0,1.0,1.0,2015,322.0,2.507855871695831
0.0,0.0,0.2377555872563005,0.2377555872563005,0.0,0.2377555872563005,0.0,0.0,0.0,0.0489776509747979,0.2377555872563005,0.0,0.0,0.0,0.0,0.0,126.741797,4.602238,3.631192,58.15654,8.345561,1.809225,0.105577,8.090823,12.587189,1.513891,5,25.0,0.0,1.0,0.0,0.0,0.0,0.0,1.0,1.0,1.0,2015,403.0,2.6053050461411096
0.0,0.0,0.23207240659085634,0.23207240659085634,0.0,0.23207240659085634,0.0,0.0,0.0,0.0717103736365746,0.23207240659085634,0.0,0.0,0.0,0.0,0.0,127.202135,5.415503,4.257399,58.987181,9.80603,1.804224,0.109094,8.016941,12.845209,1.544924,5,25.0,0.0,1.0,0.0,0.0,0.0,0.0,1.0,1.0,1.0,2015,479.0,2.680335513414563
0.0,0.0,0.22665457842248413,0.22665457842248413,0.0,0.22665457842248413,0.0,0.0,0.0,0.09338168631006347,0.22665457842248413,0.0,0.0,0.0,0.0,0.0,127.640979,6.058032,4.74615,59.779039,10.96109,1.799456,0.112136,7.94651,13.029866,1.567133,5,25.0,0.0,1.0,0.0,0.0,0.0,0.0,1.0,1.0,1.0,2015,638.0,2.8048206787211623
0.0,0.0,0.25,0.25,0.0,0.25,0.0,0.0,0.0,0.0,0.25,0.0,0.0,0.0,0.0,0.0,125.75,1.47902,1.176159,56.366923,2.800658,1.82,0.096695,8.25,11.526293,1.386294,4,25.0,0.0,1.0,0.0,0.0,0.0,1.0,0.0,1.0,1.0,2015,148.0,2.1702617153949575
0.038461538461538464,0.0,0.1923076923076923,0.1923076923076923,0.0,0.1923076923076923,0.0,0.1923076923076923,0.0,0.0,0.1923076923076923,0.0,0.0,0.0,0.0,0.0,126.653846,3.551189,2.803854,54.961922,6.137091,1.76,0.138952,7.807692,14.222388,1.71056,6,25.0,0.0,1.0,0.0,0.0,0.0,1.0,0.0,1.0,1.0,2014,220.0,2.342422680822206
0.07063197026022305,0.0,0.1858736059479554,0.1858736059479554,0.0,0.1858736059479554,0.0,0.1858736059479554,0.0,0.0,0.1858736059479554,0.0,0.0,0.0,0.0,0.0,127.200743,4.563945,3.587986,54.025774,7.856284,1.754981,0.139246,7.64684,14.55888,1.751031,6,25.0,0.0,1.0,0.0,0.0,0.0,1.0,0.0,1.0,1.0,2014,244.0,2.3873898263387296
0.07918968692449356,0.0,0.1841620626151013,0.1841620626151013,0.0,0.1841620626151013,0.0,0.1841620626151013,0.0,0.0,0.1841620626151013,0.0,0.0,0.0,0.0,0.0,127.346225,4.786974,3.759023,53.776748,8.235629,1.753646,0.139293,7.604052,14.623251,1.758773,6,25.0,0.0,1.0,0.0,0.0,0.0,0.0,1.0,1.0,1.0,2014,285.0,2.45484486000851
0.08925318761384335,0.0,0.18214936247723132,0.18214936247723132,0.0,0.18214936247723132,0.0,0.18214936247723132,0.0,0.0,0.18214936247723132,0.0,0.0,0.0,0.0,0.0,127.517304,5.031248,3.945541,53.483903,8.651324,1.752077,0.139332,7.553734,14.688305,1.766597,6,25.0,0.0,1.0,0.0,0.0,0.0,0.0,1.0,1.0,1.0,2014,331.0,2.519827993775719
0.10071942446043165,0.0,0.17985611510791366,0.17985611510791366,0.0,0.17985611510791366,0.0,0.17985611510791366,0.0,0.0,0.17985611510791366,0.0,0.0,0.0,0.0,0.0,127.71223,5.289115,4.141432,53.15024,9.090361,1.750288,0.139356,7.496403,14.749833,1.773997,6,25.0,0.0,1.0,0.0,0.0,0.0,0.0,1.0,1.0,1.0,2014,526.0,2.7209857441537393
0.11032028469750889,0.0,0.17793594306049823,0.17793594306049823,0.0,0.17793594306049823,0.0,0.17793594306049823,0.0,0.0,0.17793594306049823,0.0,0.0,0.0,0.0,0.0,127.875445,5.490412,4.293563,52.870858,9.43321,1.74879,0.139358,7.448399,14.792,1.779069,6,25.0,0.0,1.0,0.0,0.0,0.0,0.0,1.0,1.0,1.0,2014,833.0,2.9206450014067875
0.0,0.0,0.2,0.2,0.0,0.2,0.0,0.2,0.0,0.0,0.2,0.0,0.0,0.0,0.0,0.0,126.0,1.414214,1.122392,56.081139,2.569366,1.766,0.138362,8.0,13.381611,1.609438,5,25.0,0.0,1.0,0.0,0.0,0.0,1.0,0.0,1.0,1.0,2014,208.0,2.3180633349627615
0.0,0.0,0.0,0.0,0.0,0.0,0.12490622655663917,0.0,0.0,0.12490622655663917,0.0,0.0,0.12490622655663917,0.37509377344336087,0.0,0.2501875468867217,151.5015,6.344643,4.187842,97.278336,51.240199,1.459981,0.111689,4.249812,12.421324,1.493942,5,25.0,0.0,1.0,0.0,0.0,1.0,0.0,0.0,1.0,1.0,2016,903.0,2.9556877503135057
0.0,0.0,0.0,0.0,0.0,0.0,0.25,0.0,0.0,0.25,0.0,0.0,0.0,0.25,0.0,0.25,153.0,6.519202,4.260917,102.621842,47.377134,1.4425,0.129687,4.25,11.526293,1.386294,4,25.0,0.0,1.0,0.0,0.0,1.0,0.0,0.0,1.0,1.0,2014,879.0,2.9439888750737717
0.0,0.0,0.0,0.0,0.0,0.0,0.2753673897830651,0.0,0.0,0.049685094471658496,0.0,0.0,0.049685094471658496,0.34989503149055284,0.0,0.2753673897830651,153.784815,6.344734,4.125722,104.62534,54.546234,1.417078,0.114689,4.09937,11.440712,1.376001,5,25.0,0.0,0.0,0.0,1.0,1.0,0.0,0.0,1.0,1.0,2016,540.0,2.7323937598229686
0.0,0.0,0.0,0.0,0.0,0.0,0.2,0.0,0.0,0.2,0.0,0.0,0.2,0.2,0.0,0.2,151.6,6.468385,4.266744,118.28705,52.699802,1.454,0.118254,4.4,13.381611,1.609438,5,25.0,0.0,0.0,1.0,0.0,1.0,0.0,0.0,1.0,1.0,2018,1900.0,3.278753600952829
0.0,0.0,0.0,0.0,0.0,0.0,0.2,0.0,0.0,0.2,0.0,0.0,0.2,0.2,0.0,0.2,151.6,6.468385,4.266744,118.28705,52.699802,1.454,0.118254,4.4,13.381611,1.609438,5,25.0,0.0,0.0,1.0,0.0,0.0,0.0,1.0,1.0,1.0,2018,1520.0,3.1818435879447726
0.0,0.0,0.0,0.0,0.0,0.0,0.2,0.0,0.0,0.2,0.0,0.0,0.2,0.2,0.0,0.2,151.6,6.468385,4.266744,118.28705,52.699802,1.454,0.118254,4.4,13.381611,1.609438,5,25.0,0.0,0.0,1.0,0.0,0.0,0.0,1.0,1.0,1.0,2018,795.0,2.9003671286564705
0.0,0.0,0.0,0.0,0.0,0.0,0.2,0.0,0.0,0.2,0.0,0.0,0.2,0.2,0.0,0.2,151.6,6.468385,4.266744,118.28705,52.699802,1.454,0.118254,4.4,13.381611,1.609438,5,25.0,0.0,0.0,0.0,1.0,1.0,0.0,0.0,1.0,1.0,2018,830.0,2.9190780923760737
0.0,0.0,0.0,0.0,0.0,0.0,0.2,0.0,0.0,0.2,0.0,0.0,0.2,0.2,0.0,0.2,151.6,6.468385,4.266744,118.28705,52.699802,1.454,0.118254,4.4,13.381611,1.609438,5,25.0,0.0,0.0,0.0,1.0,1.0,0.0,0.0,1.0,1.0,2015,1202.0,3.079904467666721
0.0,0.0,0.0,0.0,0.0,0.0,0.2,0.0,0.0,0.2,0.0,0.0,0.2,0.2,0.0,0.2,151.6,6.468385,4.266744,118.28705,52.699802,1.454,0.118254,4.4,13.381611,1.609438,5,25.0,0.0,0.0,0.0,1.0,0.0,0.0,1.0,1.0,1.0,2015,1303.0,3.1149444157125847
0.0,0.0,0.0,0.0,0.0,0.0,0.2,0.0,0.0,0.2,0.0,0.0,0.2,0.2,0.0,0.2,151.6,6.468385,4.266744,118.28705,52.699802,1.454,0.118254,4.4,13.381611,1.609438,5,25.0,0.0,0.0,0.0,1.0,1.0,0.0,0.0,1.0,1.0,2015,1145.0,3.0588054866759067
0.0,0.0,0.0,0.0,0.0,0.0,0.2,0.0,0.0,0.2,0.0,0.0,0.2,0.2,0.0,0.2,151.6,6.468385,4.266744,118.28705,52.699802,1.454,0.118254,4.4,13.381611,1.609438,5,25.0,0.0,0.0,0.0,1.0,1.0,0.0,0.0,1.0,1.0,2016,958.0,2.9813655090785445
0.0,0.0,0.0,0.0,0.0,0.0,0.2,0.0,0.0,0.2,0.0,0.0,0.2,0.2,0.0,0.2,151.6,6.468385,4.266744,118.28705,52.699802,1.454,0.118254,4.4,13.381611,1.609438,5,25.0,0.0,0.0,0.0,1.0,1.0,0.0,0.0,1.0,1.0,2016,944.0,2.974971994298069
0.0,0.0,0.0,0.0,0.0,0.0,0.2,0.0,0.0,0.2,0.0,0.0,0.2,0.2,0.0,0.2,151.6,6.468385,4.266744,118.28705,52.699802,1.454,0.118254,4.4,13.381611,1.609438,5,25.0,0.0,0.0,0.0,1.0,1.0,0.0,0.0,1.0,1.0,2016,940.0,2.9731278535996988
0.0,0.0,0.0,0.0,0.0,0.0,0.2,0.0,0.0,0.2,0.0,0.0,0.2,0.2,0.0,0.2,151.6,6.468385,4.266744,118.28705,52.699802,1.454,0.118254,4.4,13.381611,1.609438,5,25.0,0.0,0.0,0.0,1.0,1.0,0.0,0.0,1.0,1.0,2018,940.0,2.9731278535996988
0.0,0.0,0.0,0.0,0.0,0.0,0.2,0.0,0.0,0.2,0.0,0.0,0.2,0.2,0.0,0.2,151.6,6.468385,4.266744,118.28705,52.699802,1.454,0.118254,4.4,13.381611,1.609438,5,25.0,0.0,1.0,0.0,0.0,1.0,0.0,0.0,1.0,1.0,2016,828.0,2.9180303367848803
0.0,0.0,0.0,0.0,0.0,0.0,0.2,0.0,0.0,0.2,0.0,0.0,0.2,0.2,0.0,0.2,151.6,6.468385,4.266744,118.28705,52.699802,1.454,0.118254,4.4,13.381611,1.609438,5,25.0,0.0,1.0,0.0,0.0,1.0,0.0,0.0,1.0,1.0,2016,827.0,2.9175055095525466
0.0,0.0,0.0,0.0,0.0,0.0,0.2,0.0,0.0,0.2,0.0,0.0,0.2,0.2,0.0,0.2,151.6,6.468385,4.266744,118.28705,52.699802,1.454,0.118254,4.4,13.381611,1.609438,5,25.0,0.0,1.0,0.0,0.0,1.0,0.0,0.0,1.0,1.0,2016,820.0,2.9138138523837167
0.0,0.0,0.0,0.0,0.0,0.0,0.2,0.0,0.0,0.2,0.0,0.0,0.2,0.2,0.0,0.2,151.6,6.468385,4.266744,118.28705,52.699802,1.454,0.118254,4.4,13.381611,1.609438,5,25.0,0.0,1.0,0.0,0.0,1.0,0.0,0.0,1.0,1.0,2016,803.0,2.904715545278681
0.0,0.0,0.0,0.0,0.0,0.0,0.29411764705882354,0.0,0.0,0.0,0.0,0.0,0.11764705882352942,0.29411764705882354,0.0,0.29411764705882354,154.235294,6.310863,4.091711,114.694162,56.470839,1.402941,0.106371,4.117647,11.071325,1.331574,4,25.0,0.0,1.0,0.0,0.0,0.0,0.0,1.0,1.0,1.0,2017,400.0,2.6020599913279625
0.0,0.0,0.0,0.0,0.0,0.0,0.2857142857142857,0.0,0.0,0.0,0.0,0.0,0.14285714285714285,0.2857142857142857,0.0,0.2857142857142857,154.0,6.369571,4.136085,116.587126,56.742181,1.405714,0.10608,4.142857,11.239357,1.351784,4,25.0,0.0,1.0,0.0,0.0,0.0,0.0,1.0,1.0,1.0,2017,700.0,2.845098040014257
0.0,0.0,0.0,0.0,0.0,0.0,0.2777777777777778,0.0,0.0,0.0,0.0,0.0,0.16666666666666666,0.2777777777777778,0.0,0.2777777777777778,153.777778,6.416607,4.172649,118.374924,56.939508,1.408333,0.105738,4.166667,11.35815,1.366071,4,25.0,0.0,1.0,0.0,0.0,0.0,0.0,1.0,1.0,1.0,2017,800.0,2.9030899869919438
0.0,0.0,0.0,0.0,0.0,0.0,0.25,0.0,0.0,0.0,0.0,0.0,0.25,0.25,0.0,0.25,153.0,6.519202,4.260917,124.63222,57.186367,1.4175,0.104013,4.25,11.526293,1.386294,4,25.0,0.0,1.0,0.0,0.0,1.0,0.0,0.0,1.0,1.0,2017,1500.0,3.1760912590556813
0.06976744186046512,0.0,0.23255813953488372,0.23255813953488372,0.0,0.23255813953488372,0.0,0.0,0.0,0.0,0.23255813953488372,0.0,0.0,0.0,0.0,0.0,126.953488,4.620246,3.639322,54.316778,7.958502,1.805349,0.107516,7.883721,12.825999,1.542613,5,25.0,0.0,0.0,0.0,1.0,0.0,0.0,1.0,1.0,1.0,2019,900.0,2.9542425094393248
0.0,0.0,0.2,0.2,0.0,0.2,0.0,0.2,0.0,0.0,0.2,0.0,0.0,0.0,0.0,0.0,126.0,1.414214,1.122392,56.081139,2.569366,1.766,0.138362,8.0,13.381611,1.609438,5,25.0,0.0,0.0,0.0,1.0,0.0,1.0,0.0,1.0,1.0,2013,370.0,2.568201724066995
0.0,0.0,0.1,0.1,0.0,0.5,0.0,0.3,0.0,0.0,0.0,0.0,0.0,0.0,0.0,0.0,126.4,0.8,0.632911,55.496829,1.600209,1.734,0.132076,7.6,9.713641,1.168282,4,25.0,1.0,0.0,0.0,0.0,0.0,0.0,1.0,1.0,1.0,2017,250.0,2.3979400086720375
0.0,0.0,0.1,0.1,0.0,0.5,0.0,0.3,0.0,0.0,0.0,0.0,0.0,0.0,0.0,0.0,126.4,0.8,0.632911,55.496829,1.600209,1.734,0.132076,7.6,9.713641,1.168282,4,25.0,0.0,0.0,0.0,1.0,0.0,0.0,1.0,1.0,1.0,2017,330.0,2.5185139398778875
0.0,0.0,0.1,0.1,0.0,0.5,0.0,0.3,0.0,0.0,0.0,0.0,0.0,0.0,0.0,0.0,126.4,0.8,0.632911,55.496829,1.600209,1.734,0.132076,7.6,9.713641,1.168282,4,25.0,0.0,0.0,0.0,1.0,0.0,0.0,1.0,1.0,1.0,2017,280.0,2.4471580313422194
0.0,0.0,0.1,0.1,0.0,0.5,0.0,0.3,0.0,0.0,0.0,0.0,0.0,0.0,0.0,0.0,126.4,0.8,0.632911,55.496829,1.600209,1.734,0.132076,7.6,9.713641,1.168282,4,25.0,0.0,0.0,0.0,1.0,0.0,0.0,1.0,1.0,1.0,2017,350.0,2.5440680443502757
0.0,0.0,0.1,0.1,0.0,0.5,0.0,0.3,0.0,0.0,0.0,0.0,0.0,0.0,0.0,0.0,126.4,0.8,0.632911,55.496829,1.600209,1.734,0.132076,7.6,9.713641,1.168282,4,25.0,0.0,0.0,0.0,1.0,0.0,0.0,1.0,1.0,1.0,2017,298.0,2.4742162640762553
0.0,0.0,0.1,0.1,0.0,0.5,0.0,0.3,0.0,0.0,0.0,0.0,0.0,0.0,0.0,0.0,126.4,0.8,0.632911,55.496829,1.600209,1.734,0.132076,7.6,9.713641,1.168282,4,25.0,0.0,0.0,0.0,1.0,0.0,0.0,1.0,1.0,1.0,2017,400.0,2.6020599913279625
0.07063197026022304,0.0,0.23234200743494424,0.23234200743494424,0.0,0.23234200743494424,0.0,0.0,0.0,0.0,0.23234200743494424,0.0,0.0,0.0,0.0,0.0,126.968401,4.643912,3.657533,54.291373,7.998293,1.805167,0.107631,7.879182,12.834606,1.543648,5,25.0,0.0,0.0,0.0,0.0,0.0,0.0,1.0,1.0,1.0,2017,860.0,2.934498451243568
0.07063197026022304,0.0,0.23234200743494424,0.23234200743494424,0.0,0.23234200743494424,0.0,0.0,0.0,0.0,0.23234200743494424,0.0,0.0,0.0,0.0,0.0,126.968401,4.643912,3.657533,54.291373,7.998293,1.805167,0.107631,7.879182,12.834606,1.543648,5,25.0,0.0,0.0,0.0,0.0,0.0,0.0,1.0,1.0,1.0,2017,690.0,2.838849090737255
0.07063197026022304,0.0,0.23234200743494424,0.23234200743494424,0.0,0.23234200743494424,0.0,0.0,0.0,0.0,0.23234200743494424,0.0,0.0,0.0,0.0,0.0,126.968401,4.643912,3.657533,54.291373,7.998293,1.805167,0.107631,7.879182,12.834606,1.543648,5,25.0,0.0,0.0,0.0,0.0,0.0,0.0,1.0,1.0,1.0,2017,550.0,2.7403626894942437
0.07063197026022304,0.0,0.23234200743494424,0.23234200743494424,0.0,0.23234200743494424,0.0,0.0,0.0,0.0,0.23234200743494424,0.0,0.0,0.0,0.0,0.0,126.968401,4.643912,3.657533,54.291373,7.998293,1.805167,0.107631,7.879182,12.834606,1.543648,5,25.0,0.0,0.0,0.0,0.0,0.0,1.0,0.0,1.0,1.0,2017,260.0,2.4149733479708178
0.07063197026022304,0.0,0.23234200743494424,0.23234200743494424,0.0,0.23234200743494424,0.0,0.0,0.0,0.0,0.23234200743494424,0.0,0.0,0.0,0.0,0.0,126.968401,4.643912,3.657533,54.291373,7.998293,1.805167,0.107631,7.879182,12.834606,1.543648,5,25.0,0.0,0.0,0.0,1.0,0.0,1.0,0.0,1.0,1.0,2017,159.0,2.2013971243204513
0.07063197026022304,0.0,0.23234200743494424,0.23234200743494424,0.0,0.23234200743494424,0.0,0.0,0.0,0.0,0.23234200743494424,0.0,0.0,0.0,0.0,0.0,126.968401,4.643912,3.657533,54.291373,7.998293,1.805167,0.107631,7.879182,12.834606,1.543648,5,25.0,0.0,0.0,0.0,1.0,0.0,0.0,1.0,1.0,1.0,2017,215.0,2.3324384599156054
0.07063197026022304,0.0,0.23234200743494424,0.23234200743494424,0.0,0.23234200743494424,0.0,0.0,0.0,0.0,0.23234200743494424,0.0,0.0,0.0,0.0,0.0,126.968401,4.643912,3.657533,54.291373,7.998293,1.805167,0.107631,7.879182,12.834606,1.543648,5,25.0,0.0,0.0,0.0,1.0,0.0,0.0,1.0,1.0,1.0,2017,285.0,2.45484486000851
0.07063197026022304,0.0,0.23234200743494424,0.23234200743494424,0.0,0.23234200743494424,0.0,0.0,0.0,0.0,0.23234200743494424,0.0,0.0,0.0,0.0,0.0,126.968401,4.643912,3.657533,54.291373,7.998293,1.805167,0.107631,7.879182,12.834606,1.543648,5,25.0,0.0,0.0,0.0,1.0,0.0,1.0,0.0,1.0,1.0,2017,263.0,2.419955748489758
0.07063197026022304,0.0,0.23234200743494424,0.23234200743494424,0.0,0.23234200743494424,0.0,0.0,0.0,0.0,0.23234200743494424,0.0,0.0,0.0,0.0,0.0,126.968401,4.643912,3.657533,54.291373,7.998293,1.805167,0.107631,7.879182,12.834606,1.543648,5,25.0,0.0,0.0,0.0,1.0,0.0,0.0,1.0,1.0,1.0,2017,490.0,2.690196080028514
0.07063197026022304,0.0,0.23234200743494424,0.23234200743494424,0.0,0.23234200743494424,0.0,0.0,0.0,0.0,0.23234200743494424,0.0,0.0,0.0,0.0,0.0,126.968401,4.643912,3.657533,54.291373,7.998293,1.805167,0.107631,7.879182,12.834606,1.543648,5,25.0,0.0,1.0,0.0,0.0,0.0,0.0,1.0,1.0,1.0,2009,175.0,2.2430380486862944
0.07063197026022304,0.0,0.23234200743494424,0.23234200743494424,0.0,0.23234200743494424,0.0,0.0,0.0,0.0,0.23234200743494424,0.0,0.0,0.0,0.0,0.0,126.968401,4.643912,3.657533,54.291373,7.998293,1.805167,0.107631,7.879182,12.834606,1.543648,5,25.0,1.0,0.0,0.0,0.0,0.0,0.0,1.0,1.0,1.0,2009,305.0,2.484299839346786
0.07063197026022304,0.0,0.23234200743494424,0.23234200743494424,0.0,0.23234200743494424,0.0,0.0,0.0,0.0,0.23234200743494424,0.0,0.0,0.0,0.0,0.0,126.968401,4.643912,3.657533,54.291373,7.998293,1.805167,0.107631,7.879182,12.834606,1.543648,5,25.0,1.0,0.0,0.0,0.0,0.0,0.0,1.0,1.0,1.0,2009,280.0,2.4471580313422194
0.2,0.0,0.2,0.2,0.0,0.2,0.0,0.0,0.0,0.0,0.2,0.0,0.0,0.0,0.0,0.0,129.2,7.025667,5.437823,50.489839,12.01813,1.778,0.120565,7.2,13.381611,1.609438,5,25.0,1.0,0.0,0.0,0.0,0.0,0.0,1.0,1.0,1.0,2017,900.0,2.9542425094393248
0.16996699669966997,0.0,0.0,0.16996699669966997,0.0,0.33003300330033003,0.0,0.0,0.0,0.0,0.33003300330033003,0.0,0.0,0.0,0.0,0.0,128.569307,6.672265,5.189625,51.225038,11.200505,1.790116,0.116876,7.470297,11.092648,1.334139,4,25.0,0.0,1.0,0.0,0.0,0.0,0.0,1.0,1.0,1.0,2016,796.0,2.900913067737669
0.16787122207621552,0.0,0.16787122207621552,0.16787122207621552,0.0,0.16787122207621552,0.0,0.0,0.0,0.0,0.328515111695138,0.0,0.0,0.0,0.0,0.0,128.364652,6.713913,5.230344,51.807691,11.415214,1.799205,0.120625,7.649803,13.003801,1.563998,5,25.0,0.0,0.0,0.0,0.0,0.0,0.0,1.0,1.0,1.0,2017,545.0,2.7363965022766426
0.16258741258741258,0.0,0.16258741258741258,0.16258741258741258,0.0,0.16258741258741258,0.0,0.0,0.0,0.0,0.34965034965034963,0.0,0.0,0.0,0.0,0.0,128.227273,6.651207,5.187046,52.024421,11.298275,1.802692,0.120277,7.723776,12.877489,1.548806,5,25.0,0.0,0.0,0.0,0.0,0.0,0.0,1.0,1.0,1.0,2017,545.0,2.7363965022766426
0.1608416547788873,0.0,0.1608416547788873,0.1608416547788873,0.0,0.1608416547788873,0.0,0.0,0.0,0.0,0.35663338088445073,0.0,0.0,0.0,0.0,0.0,128.181883,6.629734,5.17213,52.096028,11.258455,1.803845,0.12014,7.748217,12.832143,1.543352,5,25.0,0.0,0.0,0.0,0.0,0.0,0.0,1.0,1.0,1.0,2017,545.0,2.7363965022766426
0.11889081455805893,0.0,0.17816291161178507,0.17816291161178507,0.0,0.34662045060658575,0.0,0.0,0.0,0.0,0.17816291161178507,0.0,0.0,0.0,0.0,0.0,127.842981,5.706692,4.463829,52.785345,9.770905,1.796718,0.106682,7.583709,12.824729,1.54246,5,25.0,0.0,1.0,0.0,0.0,0.0,0.0,1.0,1.0,1.0,2016,866.0,2.937517892017347
0.0,0.0,0.3500175008750438,0.15015750787539378,0.0,0.19985999299965,0.0,0.0,0.10010500525026252,0.0,0.19985999299965,0.0,0.0,0.0,0.0,0.0,126.851943,4.235803,3.339171,60.931973,11.929659,1.870998,0.125357,8.249212,12.689096,1.526147,5,25.0,0.0,1.0,0.0,0.0,0.0,1.0,0.0,1.0,1.0,2017,350.0,2.5440680443502757
0.0,0.0,0.3500175008750438,0.15015750787539378,0.0,0.19985999299965,0.0,0.0,0.10010500525026252,0.0,0.19985999299965,0.0,0.0,0.0,0.0,0.0,126.851943,4.235803,3.339171,60.931973,11.929659,1.870998,0.125357,8.249212,12.689096,1.526147,5,25.0,0.0,0.0,0.0,1.0,0.0,0.0,1.0,1.0,1.0,2017,1311.0,3.117602691690084
0.0,0.0,0.3500175008750438,0.15015750787539378,0.0,0.19985999299965,0.0,0.0,0.10010500525026252,0.0,0.19985999299965,0.0,0.0,0.0,0.0,0.0,126.851943,4.235803,3.339171,60.931973,11.929659,1.870998,0.125357,8.249212,12.689096,1.526147,5,25.0,0.0,0.0,0.0,1.0,0.0,0.0,1.0,1.0,1.0,2017,1212.0,3.0835026198302673
0.0,0.0,0.3500175008750438,0.15015750787539378,0.0,0.19985999299965,0.0,0.0,0.10010500525026252,0.0,0.19985999299965,0.0,0.0,0.0,0.0,0.0,126.851943,4.235803,3.339171,60.931973,11.929659,1.870998,0.125357,8.249212,12.689096,1.526147,5,25.0,0.0,0.0,0.0,1.0,0.0,0.0,1.0,1.0,1.0,2017,1028.0,3.011993114659257
0.0,0.0,0.3500175008750438,0.15015750787539378,0.0,0.19985999299965,0.0,0.0,0.10010500525026252,0.0,0.19985999299965,0.0,0.0,0.0,0.0,0.0,126.851943,4.235803,3.339171,60.931973,11.929659,1.870998,0.125357,8.249212,12.689096,1.526147,5,25.0,0.0,0.0,0.0,1.0,0.0,0.0,1.0,1.0,1.0,2017,879.0,2.9439888750737717
0.0,0.0,0.3500175008750438,0.15015750787539378,0.0,0.19985999299965,0.0,0.0,0.10010500525026252,0.0,0.19985999299965,0.0,0.0,0.0,0.0,0.0,126.851943,4.235803,3.339171,60.931973,11.929659,1.870998,0.125357,8.249212,12.689096,1.526147,5,25.0,0.0,0.0,0.0,1.0,0.0,0.0,1.0,1.0,1.0,2017,799.0,2.902546779313991
0.0,0.0,0.3500175008750438,0.15015750787539378,0.0,0.19985999299965,0.0,0.0,0.10010500525026252,0.0,0.19985999299965,0.0,0.0,0.0,0.0,0.0,126.851943,4.235803,3.339171,60.931973,11.929659,1.870998,0.125357,8.249212,12.689096,1.526147,5,25.0,0.0,0.0,0.0,1.0,0.0,1.0,0.0,1.0,1.0,2017,350.0,2.5440680443502757
0.0,0.0,0.25,0.25,0.0,0.25,0.0,0.0,0.0,0.0,0.25,0.0,0.0,0.0,0.0,0.0,125.75,1.47902,1.176159,56.366923,2.800658,1.82,0.096695,8.25,11.526293,1.386294,4,25.0,0.0,1.0,0.0,0.0,0.0,1.0,0.0,1.0,1.0,2016,155.0,2.1903316981702914
0.0,0.0,0.24491795248591722,0.24491795248591722,0.0,0.24491795248591722,0.0,0.0,0.02032819005633113,0.0,0.24491795248591722,0.0,0.0,0.0,0.0,0.0,126.019349,2.374732,1.884418,57.171576,6.235975,1.826912,0.107061,8.204262,12.117723,1.457427,5,25.0,0.0,1.0,0.0,0.0,0.0,0.0,1.0,1.0,1.0,2016,198.8,2.2984163800612945
0.0,0.0,0.23764258555133078,0.23764258555133078,0.0,0.23764258555133078,0.0,0.0,0.0494296577946768,0.0,0.23764258555133078,0.0,0.0,0.0,0.0,0.0,126.404943,3.213785,2.542452,58.323501,9.004174,1.836806,0.119664,8.138783,12.593108,1.514603,5,25.0,0.0,1.0,0.0,0.0,0.0,0.0,1.0,1.0,1.0,2016,254.7,2.406028944963615
0.0,0.0,0.23234200743494424,0.23234200743494424,0.0,0.23234200743494424,0.0,0.0,0.07063197026022304,0.0,0.23234200743494424,0.0,0.0,0.0,0.0,0.0,126.685874,3.682045,2.906437,59.162754,10.494788,1.844015,0.127585,8.091078,12.834606,1.543648,5,25.0,0.0,1.0,0.0,0.0,0.0,0.0,1.0,1.0,1.0,2016,305.3,2.4847268042986617
0.0,0.0,0.23234200743494424,0.23234200743494424,0.0,0.23234200743494424,0.0,0.0,0.07063197026022304,0.0,0.23234200743494424,0.0,0.0,0.0,0.0,0.0,126.685874,3.682045,2.906437,59.162754,10.494788,1.844015,0.127585,8.091078,12.834606,1.543648,5,25.0,0.0,0.0,0.0,1.0,0.0,0.0,1.0,1.0,1.0,2016,815.5,2.9114239653762946
0.0,0.0,0.23234200743494424,0.23234200743494424,0.0,0.23234200743494424,0.0,0.0,0.07063197026022304,0.0,0.23234200743494424,0.0,0.0,0.0,0.0,0.0,126.685874,3.682045,2.906437,59.162754,10.494788,1.844015,0.127585,8.091078,12.834606,1.543648,5,25.0,0.0,0.0,0.0,1.0,0.0,0.0,1.0,1.0,1.0,2016,646.7,2.8107028609471167
0.0,0.0,0.23234200743494424,0.23234200743494424,0.0,0.23234200743494424,0.0,0.0,0.07063197026022304,0.0,0.23234200743494424,0.0,0.0,0.0,0.0,0.0,126.685874,3.682045,2.906437,59.162754,10.494788,1.844015,0.127585,8.091078,12.834606,1.543648,5,25.0,0.0,0.0,0.0,1.0,0.0,0.0,1.0,1.0,1.0,2016,683.7,2.834865579900038
0.0,0.0,0.2,0.2,0.0,0.2,0.0,0.2,0.0,0.0,0.2,0.0,0.0,0.0,0.0,0.0,126.0,1.414214,1.122392,56.081139,2.569366,1.766,0.138362,8.0,13.381611,1.609438,5,25.0,0.0,0.0,0.0,1.0,0.0,1.0,0.0,1.0,1.0,2017,243.0,2.385606273598312
0.0,0.003984063745019921,0.19920318725099603,0.19920318725099603,0.0,0.19920318725099603,0.0,0.19920318725099603,0.0,0.0,0.19920318725099603,0.0,0.0,0.0,0.0,0.0,125.776892,3.79951,3.020833,55.905561,3.779189,1.769124,0.146652,7.984064,13.54439,1.629016,6,25.0,0.0,0.0,0.0,1.0,0.0,0.0,1.0,1.0,1.0,2017,446.0,2.649334858712142
0.0,0.0,0.2,0.2,0.0,0.2,0.0,0.2,0.0,0.0,0.2,0.0,0.0,0.0,0.0,0.0,126.0,1.414214,1.122392,56.081139,2.569366,1.766,0.138362,8.0,13.381611,1.609438,5,25.0,0.0,0.0,0.0,1.0,0.0,1.0,0.0,1.0,1.0,2017,249.0,2.3961993470957363
0.0,0.003984063745019921,0.19920318725099603,0.19920318725099603,0.0,0.19920318725099603,0.0,0.19920318725099603,0.0,0.0,0.19920318725099603,0.0,0.0,0.0,0.0,0.0,125.776892,3.79951,3.020833,55.905561,3.779189,1.769124,0.146652,7.984064,13.54439,1.629016,6,25.0,0.0,0.0,0.0,1.0,0.0,0.0,1.0,1.0,1.0,2017,581.0,2.7641761323903307
0.0,0.0,0.25,0.25,0.0,0.25,0.0,0.0,0.0,0.0,0.25,0.0,0.0,0.0,0.0,0.0,125.75,1.47902,1.176159,56.366923,2.800658,1.82,0.096695,8.25,11.526293,1.386294,4,25.0,1.0,0.0,0.0,0.0,0.0,1.0,0.0,1.0,1.0,2016,190.0,2.278753600952829
0.03929411764705883,0.0,0.23529411764705882,0.23529411764705882,0.0,0.23529411764705882,0.0,0.0,0.0,0.0,0.23529411764705882,0.0,0.0,0.019529411764705882,0.0,0.0,126.842824,4.623393,3.644978,55.046251,6.401538,1.80628,0.108976,7.960706,13.019227,1.565853,6,25.0,1.0,0.0,0.0,0.0,0.0,1.0,0.0,1.0,1.0,2016,210.0,2.322219294733919
0.03929411764705883,0.0,0.23529411764705882,0.23529411764705882,0.0,0.23529411764705882,0.0,0.0,0.0,0.0,0.23529411764705882,0.0,0.0,0.019529411764705882,0.0,0.0,126.842824,4.623393,3.644978,55.046251,6.401538,1.80628,0.108976,7.960706,13.019227,1.565853,6,25.0,0.0,0.0,0.0,1.0,0.0,0.0,1.0,1.0,1.0,2016,645.0,2.8095597146352675
0.03929411764705883,0.0,0.23529411764705882,0.23529411764705882,0.0,0.23529411764705882,0.0,0.0,0.0,0.0,0.23529411764705882,0.0,0.0,0.019529411764705882,0.0,0.0,126.842824,4.623393,3.644978,55.046251,6.401538,1.80628,0.108976,7.960706,13.019227,1.565853,6,25.0,0.0,0.0,0.0,1.0,0.0,0.0,1.0,1.0,1.0,2016,1005.0,3.002166061756508
0.10007199424046077,0.0,0.24982001439884807,0.07991360691144708,0.0,0.15010799136069114,0.0,0.0,0.0,0.0,0.3599712023038157,0.0,0.0,0.060115190784737225,0.0,0.0,128.153708,7.266533,5.67017,53.966228,9.494922,1.818254,0.122471,8.069114,13.305259,1.600255,6,25.0,1.0,0.0,0.0,0.0,0.0,0.0,1.0,1.0,1.0,2015,568.0,2.754348335711019
0.10007199424046077,0.0,0.24982001439884807,0.07991360691144708,0.0,0.15010799136069114,0.0,0.0,0.0,0.0,0.3599712023038157,0.0,0.0,0.060115190784737225,0.0,0.0,128.153708,7.266533,5.67017,53.966228,9.494922,1.818254,0.122471,8.069114,13.305259,1.600255,6,25.0,1.0,0.0,0.0,0.0,0.0,0.0,1.0,1.0,1.0,2015,596.0,2.7752462597402365
0.16787122207621552,0.0,0.16787122207621552,0.16787122207621552,0.0,0.16787122207621552,0.0,0.0,0.0,0.0,0.328515111695138,0.0,0.0,0.0,0.0,0.0,128.364652,6.713913,5.230344,51.807691,11.415214,1.799205,0.120625,7.649803,13.003801,1.563998,5,25.0,0.0,1.0,0.0,0.0,0.0,0.0,1.0,1.0,1.0,2017,545.0,2.7363965022766426
0.16258741258741258,0.0,0.16258741258741258,0.16258741258741258,0.0,0.16258741258741258,0.0,0.0,0.0,0.0,0.34965034965034963,0.0,0.0,0.0,0.0,0.0,128.227273,6.651207,5.187046,52.024421,11.298275,1.802692,0.120277,7.723776,12.877489,1.548806,5,25.0,0.0,1.0,0.0,0.0,0.0,0.0,1.0,1.0,1.0,2017,545.0,2.7363965022766426
0.1608416547788873,0.0,0.1608416547788873,0.1608416547788873,0.0,0.1608416547788873,0.0,0.0,0.0,0.0,0.35663338088445073,0.0,0.0,0.0,0.0,0.0,128.181883,6.629734,5.17213,52.096028,11.258455,1.803845,0.12014,7.748217,12.832143,1.543352,5,25.0,0.0,1.0,0.0,0.0,0.0,0.0,1.0,1.0,1.0,2017,545.0,2.7363965022766426
0.03915881073241479,0.0,0.18636693255982598,0.18636693255982598,0.03915881073241479,0.18636693255982598,0.0,0.0,0.0,0.0,0.36258158085569253,0.0,0.0,0.0,0.0,0.0,126.205221,3.716662,2.944935,55.907309,6.513194,1.830769,0.101287,8.460479,12.978135,1.560911,6,25.0,0.0,0.0,0.0,1.0,0.0,1.0,0.0,1.0,1.0,2017,719.0,2.8567288903828825
0.03915881073241479,0.0,0.18636693255982598,0.18636693255982598,0.03915881073241479,0.18636693255982598,0.0,0.0,0.0,0.0,0.36258158085569253,0.0,0.0,0.0,0.0,0.0,126.205221,3.716662,2.944935,55.907309,6.513194,1.830769,0.101287,8.460479,12.978135,1.560911,6,25.0,0.0,0.0,0.0,1.0,0.0,0.0,1.0,1.0,1.0,2017,460.0,2.6627578316815743
0.07989435457246616,0.0,0.17002310993727304,0.17002310993727304,0.07989435457246616,0.17002310993727304,0.0,0.0,0.0,0.0,0.3301419610432486,0.0,0.0,0.0,0.0,0.0,127.027732,4.95212,3.898456,54.965274,8.794496,1.824024,0.108048,8.330472,13.913585,1.67342,6,25.0,0.0,1.0,0.0,0.0,0.0,0.0,1.0,1.0,1.0,2013,357.0,2.552668216112193
0.07989435457246616,0.0,0.17002310993727304,0.17002310993727304,0.07989435457246616,0.17002310993727304,0.0,0.0,0.0,0.0,0.3301419610432486,0.0,0.0,0.0,0.0,0.0,127.027732,4.95212,3.898456,54.965274,8.794496,1.824024,0.108048,8.330472,13.913585,1.67342,6,25.0,1.0,0.0,0.0,0.0,0.0,0.0,1.0,1.0,1.0,2013,365.0,2.5622928644564746
0.07989435457246616,0.0,0.17002310993727304,0.17002310993727304,0.07989435457246616,0.17002310993727304,0.0,0.0,0.0,0.0,0.3301419610432486,0.0,0.0,0.0,0.0,0.0,127.027732,4.95212,3.898456,54.965274,8.794496,1.824024,0.108048,8.330472,13.913585,1.67342,6,25.0,1.0,0.0,0.0,0.0,0.0,0.0,1.0,1.0,1.0,2013,215.0,2.3324384599156054
0.09090909090909091,0.0,0.18181818181818182,0.18181818181818182,0.18181818181818182,0.18181818181818182,0.0,0.0,0.0,0.0,0.18181818181818182,0.0,0.0,0.0,0.0,0.0,127.727273,5.064868,3.965377,55.000808,9.576495,1.815455,0.109326,8.272727,14.697987,1.767761,6,25.0,0.0,0.0,0.0,1.0,0.0,0.0,1.0,1.0,1.0,2015,1284.0,3.1085650237328344
0.09090909090909091,0.0,0.18181818181818182,0.18181818181818182,0.18181818181818182,0.18181818181818182,0.0,0.0,0.0,0.0,0.18181818181818182,0.0,0.0,0.0,0.0,0.0,127.727273,5.064868,3.965377,55.000808,9.576495,1.815455,0.109326,8.272727,14.697987,1.767761,6,25.0,0.0,0.0,0.0,1.0,0.0,1.0,0.0,1.0,1.0,2010,1290.0,3.110589710299249
0.09090909090909091,0.0,0.18181818181818182,0.18181818181818182,0.18181818181818182,0.18181818181818182,0.0,0.0,0.0,0.0,0.18181818181818182,0.0,0.0,0.0,0.0,0.0,127.727273,5.064868,3.965377,55.000808,9.576495,1.815455,0.109326,8.272727,14.697987,1.767761,6,25.0,0.0,0.0,0.0,1.0,0.0,0.0,1.0,1.0,1.0,2010,650.0,2.8129133566428557
0.16666666666666666,0.0,0.16666666666666666,0.16666666666666666,0.16666666666666666,0.16666666666666666,0.0,0.0,0.0,0.0,0.16666666666666666,0.0,0.0,0.0,0.0,0.0,129.0,6.429101,4.983799,52.665866,12.001597,1.798333,0.119082,7.833333,14.897517,1.791759,6,25.0,0.0,1.0,0.0,0.0,0.0,0.0,1.0,1.0,1.0,2012,790.0,2.8976270912904414
0.16666666666666666,0.0,0.16666666666666666,0.16666666666666666,0.16666666666666666,0.16666666666666666,0.0,0.0,0.0,0.0,0.16666666666666666,0.0,0.0,0.0,0.0,0.0,129.0,6.429101,4.983799,52.665866,12.001597,1.798333,0.119082,7.833333,14.897517,1.791759,6,25.0,0.0,0.0,0.0,1.0,0.0,0.0,1.0,1.0,1.0,2012,1040.0,3.0170333392987803
0.0,0.0,0.23809523809523808,0.23809523809523808,0.0,0.23809523809523808,0.0,0.0,0.0,0.0,0.23809523809523808,0.0,0.0,0.047619047619047616,0.0,0.0,126.761905,4.749985,3.747171,55.962165,3.278225,1.806667,0.111626,8.047619,12.569176,1.511724,5,25.0,0.0,0.0,0.0,1.0,0.0,1.0,0.0,1.0,1.0,2019,700.0,2.845098040014257
0.02439024390243903,0.0,0.24390243902439027,0.24390243902439027,0.0,0.24390243902439027,0.0,0.0,0.0,0.0,0.24390243902439027,0.0,0.0,0.0,0.0,0.0,126.170732,3.035581,2.405931,55.650206,5.310343,1.814878,0.100853,8.121951,12.198544,1.467148,5,25.0,0.0,0.0,0.0,1.0,0.0,1.0,0.0,1.0,1.0,2019,1198.0,3.0784568180532927
0.02439024390243903,0.0,0.24390243902439027,0.24390243902439027,0.0,0.24390243902439027,0.0,0.0,0.0,0.0,0.24390243902439027,0.0,0.0,0.0,0.0,0.0,126.170732,3.035581,2.405931,55.650206,5.310343,1.814878,0.100853,8.121951,12.198544,1.467148,5,25.0,0.0,0.0,0.0,1.0,0.0,1.0,0.0,1.0,1.0,2019,1403.0,3.1470576710283598
0.02439024390243903,0.0,0.24390243902439027,0.24390243902439027,0.0,0.24390243902439027,0.0,0.0,0.0,0.0,0.24390243902439027,0.0,0.0,0.0,0.0,0.0,126.170732,3.035581,2.405931,55.650206,5.310343,1.814878,0.100853,8.121951,12.198544,1.467148,5,25.0,0.0,0.0,0.0,1.0,0.0,1.0,0.0,1.0,1.0,2019,711.0,2.851869600729766
0.02439024390243903,0.0,0.24390243902439027,0.24390243902439027,0.0,0.24390243902439027,0.0,0.0,0.0,0.0,0.24390243902439027,0.0,0.0,0.0,0.0,0.0,126.170732,3.035581,2.405931,55.650206,5.310343,1.814878,0.100853,8.121951,12.198544,1.467148,5,25.0,0.0,0.0,0.0,1.0,0.0,1.0,0.0,1.0,1.0,2019,356.0,2.5514499979728753
0.0,0.0,0.2,0.2,0.0,0.2,0.0,0.2,0.0,0.0,0.2,0.0,0.0,0.0,0.0,0.0,126.0,1.414214,1.122392,56.081139,2.569366,1.766,0.138362,8.0,13.381611,1.609438,5,25.0,0.0,0.0,0.0,1.0,0.0,1.0,0.0,1.0,1.0,2019,1120.0,3.0492180226701815
0.2,0.0,0.0,0.2,0.0,0.2,0.0,0.0,0.0,0.0,0.4,0.0,0.0,0.0,0.0,0.0,129.0,7.155418,5.546835,50.44188,11.984773,1.784,0.126111,7.4,11.076353,1.332179,4,25.0,0.0,1.0,0.0,0.0,0.0,0.0,1.0,1.0,1.0,2019,774.0,2.8887409606828927
0.18017639647207057,0.0,0.0,0.1999160016799664,0.0,0.1999160016799664,0.0,0.0,0.0,0.0,0.4199916001679967,0.0,0.0,0.0,0.0,0.0,128.622848,6.904439,5.367973,51.071326,11.562284,1.789975,0.124836,7.539269,10.948599,1.316814,4,25.0,0.0,1.0,0.0,0.0,0.0,0.0,1.0,1.0,1.0,2019,610.0,2.785329835010767
0.16007036059806506,0.0,0.0,0.20008795074758137,0.0,0.20008795074758137,0.0,0.0,0.0,0.0,0.4397537379067722,0.0,0.0,0.0,0.0,0.0,128.241865,6.617684,5.160315,51.707285,11.079991,1.79595,0.123227,7.67898,10.795743,1.298429,4,25.0,0.0,1.0,0.0,0.0,0.0,0.0,1.0,1.0,1.0,2019,479.0,2.680335513414563
0.13983440662373506,0.0,0.0,0.2000919963201472,0.0,0.2000919963201472,0.0,0.0,0.0,0.0,0.45998160073597055,0.0,0.0,0.0,0.0,0.0,127.857406,6.29305,4.921929,52.348967,10.53424,1.802019,0.121291,7.820607,10.610837,1.27619,4,25.0,0.0,1.0,0.0,0.0,0.0,0.0,1.0,1.0,1.0,2019,461.0,2.663700925389648
0.1199616122840691,0.0,0.0,0.20009596928982723,0.0,0.20009596928982723,0.0,0.0,0.0,0.0,0.4798464491362764,0.0,0.0,0.0,0.0,0.0,127.479846,5.932852,4.653953,52.979133,9.928969,1.80798,0.119059,7.959693,10.398289,1.250627,4,25.0,0.0,1.0,0.0,0.0,0.0,1.0,0.0,1.0,1.0,2019,441.0,2.6444385894678386
0.0,0.0,0.3333333333333333,0.3333333333333333,0.0,0.0,0.0,0.0,0.0,0.0,0.3333333333333333,0.0,0.0,0.0,0.0,0.0,125.666667,1.699673,1.352525,56.540898,3.215148,1.816667,0.111455,8.333333,9.134371,1.098612,3,25.0,0.0,0.0,0.0,1.0,0.0,1.0,0.0,1.0,1.0,2019,1100.0,3.041392685158225
0.0,0.0,0.3333333333333333,0.3333333333333333,0.0,0.0,0.0,0.0,0.0,0.0,0.3333333333333333,0.0,0.0,0.0,0.0,0.0,125.666667,1.699673,1.352525,56.540898,3.215148,1.816667,0.111455,8.333333,9.134371,1.098612,3,25.0,0.0,0.0,0.0,1.0,0.0,1.0,0.0,1.0,1.0,2019,597.0,2.775974331129369
0.0,0.0,0.3333333333333333,0.3333333333333333,0.0,0.0,0.0,0.0,0.0,0.0,0.3333333333333333,0.0,0.0,0.0,0.0,0.0,125.666667,1.699673,1.352525,56.540898,3.215148,1.816667,0.111455,8.333333,9.134371,1.098612,3,25.0,0.0,0.0,0.0,1.0,0.0,1.0,0.0,1.0,1.0,2019,346.0,2.5390760987927767
0.16391184573002754,0.0,0.16391184573002754,0.16391184573002754,0.0,0.16391184573002754,0.0,0.0,0.0,0.0,0.34435261707988984,0.0,0.0,0.0,0.0,0.0,128.261708,6.667246,5.198158,51.970096,11.32809,1.801818,0.120374,7.705234,12.910703,1.552801,5,25.0,0.0,0.0,0.0,1.0,0.0,0.0,1.0,1.0,1.0,2019,1263.0,3.101403350555331
0.16391184573002754,0.0,0.16391184573002754,0.16391184573002754,0.0,0.16391184573002754,0.0,0.0,0.0,0.0,0.34435261707988984,0.0,0.0,0.0,0.0,0.0,128.261708,6.667246,5.198158,51.970096,11.32809,1.801818,0.120374,7.705234,12.910703,1.552801,5,25.0,0.0,0.0,0.0,1.0,0.0,0.0,1.0,1.0,1.0,2019,1154.0,3.0622058088197126
0.16391184573002754,0.0,0.16391184573002754,0.16391184573002754,0.0,0.16391184573002754,0.0,0.0,0.0,0.0,0.34435261707988984,0.0,0.0,0.0,0.0,0.0,128.261708,6.667246,5.198158,51.970096,11.32809,1.801818,0.120374,7.705234,12.910703,1.552801,5,25.0,0.0,0.0,0.0,1.0,0.0,0.0,1.0,1.0,1.0,2019,1490.0,3.173186268412274
0.0,0.0,0.2,0.2,0.0,0.2,0.0,0.2,0.0,0.0,0.2,0.0,0.0,0.0,0.0,0.0,126.0,1.414214,1.122392,56.081139,2.569366,1.766,0.138362,8.0,13.381611,1.609438,5,25.0,0.0,0.0,0.0,1.0,0.0,1.0,0.0,1.0,1.0,2019,300.0,2.4771212547196626
0.0,0.0,0.2,0.2,0.0,0.2,0.0,0.2,0.0,0.0,0.2,0.0,0.0,0.0,0.0,0.0,126.0,1.414214,1.122392,56.081139,2.569366,1.766,0.138362,8.0,13.381611,1.609438,5,25.0,0.0,0.0,0.0,1.0,0.0,1.0,0.0,1.0,1.0,2019,800.0,2.9030899869919438
0.0,0.0,0.25,0.25,0.0,0.25,0.0,0.0,0.0,0.0,0.25,0.0,0.0,0.0,0.0,0.0,125.75,1.47902,1.176159,56.366923,2.800658,1.82,0.096695,8.25,11.526293,1.386294,4,20.0,0.0,0.0,0.0,1.0,0.0,1.0,0.0,1.0,1.0,2018,446.0,2.649334858712142
0.06976744186046512,0.0,0.23255813953488372,0.23255813953488372,0.0,0.23255813953488372,0.0,0.0,0.0,0.0,0.23255813953488372,0.0,0.0,0.0,0.0,0.0,126.953488,4.620246,3.639322,54.316778,7.958502,1.805349,0.107516,7.883721,12.825999,1.542613,5,25.0,0.0,0.0,0.0,1.0,0.0,0.0,1.0,1.0,1.0,2019,143.0,2.155336037465062
0.06976744186046512,0.0,0.23255813953488372,0.23255813953488372,0.0,0.23255813953488372,0.0,0.0,0.0,0.0,0.23255813953488372,0.0,0.0,0.0,0.0,0.0,126.953488,4.620246,3.639322,54.316778,7.958502,1.805349,0.107516,7.883721,12.825999,1.542613,5,25.0,0.0,0.0,0.0,1.0,0.0,0.0,1.0,1.0,1.0,2019,471.0,2.673020907128896
0.06976744186046512,0.0,0.23255813953488372,0.23255813953488372,0.0,0.23255813953488372,0.0,0.0,0.0,0.0,0.23255813953488372,0.0,0.0,0.0,0.0,0.0,126.953488,4.620246,3.639322,54.316778,7.958502,1.805349,0.107516,7.883721,12.825999,1.542613,5,25.0,0.0,0.0,0.0,1.0,0.0,0.0,1.0,1.0,1.0,2019,841.0,2.924795995797912
0.06976744186046512,0.0,0.23255813953488372,0.23255813953488372,0.0,0.23255813953488372,0.0,0.0,0.0,0.0,0.23255813953488372,0.0,0.0,0.0,0.0,0.0,126.953488,4.620246,3.639322,54.316778,7.958502,1.805349,0.107516,7.883721,12.825999,1.542613,5,25.0,0.0,0.0,0.0,1.0,0.0,0.0,1.0,1.0,1.0,2019,161.0,2.2068258760318495
0.06976744186046512,0.0,0.23255813953488372,0.23255813953488372,0.0,0.23255813953488372,0.0,0.0,0.0,0.0,0.23255813953488372,0.0,0.0,0.0,0.0,0.0,126.953488,4.620246,3.639322,54.316778,7.958502,1.805349,0.107516,7.883721,12.825999,1.542613,5,25.0,0.0,0.0,0.0,1.0,0.0,0.0,1.0,1.0,1.0,2019,187.0,2.271841606536499
0.0,0.0,0.2,0.2,0.0,0.2,0.0,0.2,0.0,0.0,0.2,0.0,0.0,0.0,0.0,0.0,126.0,1.414214,1.122392,56.081139,2.569366,1.766,0.138362,8.0,13.381611,1.609438,5,25.0,0.0,0.0,0.0,1.0,0.0,1.0,0.0,1.0,1.0,2019,378.7,2.578295305120826
0.0,0.09090909090909091,0.18181818181818182,0.18181818181818182,0.0,0.18181818181818182,0.0,0.18181818181818182,0.0,0.0,0.18181818181818182,0.0,0.0,0.0,0.0,0.0,120.909091,16.155239,13.361476,52.074763,12.903953,1.837273,0.261154,7.636364,14.697987,1.767761,6,25.0,0.0,0.0,0.0,1.0,0.0,1.0,0.0,1.0,1.0,2019,520.9,2.716754357432697
0.0,0.16666666666666666,0.16666666666666666,0.16666666666666666,0.0,0.16666666666666666,0.0,0.16666666666666666,0.0,0.0,0.16666666666666666,0.0,0.0,0.0,0.0,0.0,116.666667,20.909859,17.922737,48.736116,16.590605,1.896667,0.318312,7.333333,14.897517,1.791759,6,25.0,0.0,0.0,0.0,1.0,0.0,1.0,0.0,1.0,1.0,2019,643.8,2.8087509723495945
0.0,0.0,0.3401360544217687,0.19999999999999998,0.0,0.05986394557823129,0.0,0.0,0.05986394557823129,0.0,0.3401360544217687,0.0,0.0,0.0,0.0,0.0,126.157823,3.548631,2.81285,59.495313,9.587876,1.859973,0.120117,8.50068,11.578846,1.392615,5,25.0,0.0,0.0,0.0,1.0,0.0,1.0,0.0,1.0,1.0,2019,1100.0,3.041392685158225
0.0,0.0,0.3401360544217687,0.19999999999999998,0.0,0.05986394557823129,0.0,0.0,0.05986394557823129,0.0,0.3401360544217687,0.0,0.0,0.0,0.0,0.0,126.157823,3.548631,2.81285,59.495313,9.587876,1.859973,0.120117,8.50068,11.578846,1.392615,5,25.0,0.0,0.0,0.0,1.0,0.0,1.0,0.0,1.0,1.0,2019,950.0,2.9777236052888476
0.0,0.0,0.3401360544217687,0.19999999999999998,0.0,0.05986394557823129,0.0,0.0,0.05986394557823129,0.0,0.3401360544217687,0.0,0.0,0.0,0.0,0.0,126.157823,3.548631,2.81285,59.495313,9.587876,1.859973,0.120117,8.50068,11.578846,1.392615,5,25.0,0.0,0.0,0.0,1.0,0.0,1.0,0.0,1.0,1.0,2019,649.0,2.812244696800369
0.0,0.0,0.3401360544217687,0.19999999999999998,0.0,0.05986394557823129,0.0,0.0,0.05986394557823129,0.0,0.3401360544217687,0.0,0.0,0.0,0.0,0.0,126.157823,3.548631,2.81285,59.495313,9.587876,1.859973,0.120117,8.50068,11.578846,1.392615,5,25.0,0.0,0.0,0.0,1.0,0.0,1.0,0.0,1.0,1.0,2019,439.0,2.6424645202421213
0.0,0.0,0.3401360544217687,0.19999999999999998,0.0,0.05986394557823129,0.0,0.0,0.05986394557823129,0.0,0.3401360544217687,0.0,0.0,0.0,0.0,0.0,126.157823,3.548631,2.81285,59.495313,9.587876,1.859973,0.120117,8.50068,11.578846,1.392615,5,25.0,0.0,0.0,0.0,1.0,0.0,1.0,0.0,1.0,1.0,2019,309.0,2.4899584794248346
0.0,0.0,0.2,0.2,0.0,0.2,0.0,0.2,0.0,0.0,0.2,0.0,0.0,0.0,0.0,0.0,126.0,1.414214,1.122392,56.081139,2.569366,1.766,0.138362,8.0,13.381611,1.609438,5,25.0,0.0,0.0,0.0,1.0,0.0,1.0,0.0,1.0,1.0,2019,386.2,2.5868122694433757
0.0,0.0,0.0,0.2,0.2,0.2,0.0,0.2,0.0,0.0,0.2,0.0,0.0,0.0,0.0,0.0,126.6,1.496663,1.182198,57.0037,3.907494,1.77,0.141845,8.4,13.381611,1.609438,5,25.0,0.0,1.0,0.0,0.0,0.0,0.0,1.0,1.0,1.0,2019,628.0,2.797959643737196
0.0,0.0,0.0,0.2,0.2,0.2,0.0,0.2,0.0,0.0,0.2,0.0,0.0,0.0,0.0,0.0,126.6,1.496663,1.182198,57.0037,3.907494,1.77,0.141845,8.4,13.381611,1.609438,5,25.0,1.0,0.0,0.0,0.0,0.0,0.0,1.0,1.0,1.0,2019,545.0,2.7363965022766426
0.0,0.0,0.0,0.2,0.2,0.2,0.0,0.2,0.0,0.0,0.2,0.0,0.0,0.0,0.0,0.0,126.6,1.496663,1.182198,57.0037,3.907494,1.77,0.141845,8.4,13.381611,1.609438,5,25.0,1.0,0.0,0.0,0.0,0.0,0.0,1.0,1.0,1.0,2019,534.0,2.727541257028556
0.0,0.0,0.0,0.2,0.2,0.2,0.0,0.2,0.0,0.0,0.2,0.0,0.0,0.0,0.0,0.0,126.6,1.496663,1.182198,57.0037,3.907494,1.77,0.141845,8.4,13.381611,1.609438,5,25.0,1.0,0.0,0.0,0.0,0.0,0.0,1.0,1.0,1.0,2019,525.0,2.720159303405957
0.0,0.0,0.0,0.2,0.2,0.2,0.0,0.2,0.0,0.0,0.2,0.0,0.0,0.0,0.0,0.0,126.6,1.496663,1.182198,57.0037,3.907494,1.77,0.141845,8.4,13.381611,1.609438,5,25.0,1.0,0.0,0.0,0.0,0.0,0.0,1.0,1.0,1.0,2019,517.0,2.7134905430939424
0.0,0.0,0.0,0.2,0.2,0.2,0.0,0.2,0.0,0.0,0.2,0.0,0.0,0.0,0.0,0.0,126.6,1.496663,1.182198,57.0037,3.907494,1.77,0.141845,8.4,13.381611,1.609438,5,25.0,1.0,0.0,0.0,0.0,0.0,0.0,1.0,1.0,1.0,2019,502.0,2.7007037171450192
0.0,0.0,0.3333333333333333,0.0,0.0,0.0,0.0,0.0,0.0,0.0,0.3333333333333333,0.0,0.0,0.0,0.3333333333333333,0.0,127.666667,4.496913,3.522386,56.189365,3.712092,1.806667,0.125521,8.0,9.134371,1.098612,3,25.0,0.0,0.0,0.0,1.0,0.0,0.0,1.0,1.0,1.0,2018,991.0,2.9960736544852753
0.0,0.0,0.3333333333333333,0.0,0.0,0.0,0.0,0.0,0.0,0.0,0.3333333333333333,0.0,0.0,0.0,0.3333333333333333,0.0,127.666667,4.496913,3.522386,56.189365,3.712092,1.806667,0.125521,8.0,9.134371,1.098612,3,25.0,0.0,0.0,0.0,1.0,0.0,0.0,1.0,1.0,1.0,2018,767.0,2.8847953639489807
0.0,0.0,0.3333333333333333,0.0,0.0,0.0,0.0,0.0,0.0,0.0,0.3333333333333333,0.0,0.0,0.0,0.3333333333333333,0.0,127.666667,4.496913,3.522386,56.189365,3.712092,1.806667,0.125521,8.0,9.134371,1.098612,3,25.0,0.0,0.0,0.0,1.0,0.0,0.0,1.0,1.0,1.0,2018,602.0,2.7795964912578244
0.0,0.0,0.3333333333333333,0.0,0.0,0.0,0.0,0.0,0.0,0.0,0.3333333333333333,0.0,0.0,0.0,0.3333333333333333,0.0,127.666667,4.496913,3.522386,56.189365,3.712092,1.806667,0.125521,8.0,9.134371,1.098612,3,25.0,0.0,0.0,0.0,1.0,0.0,0.0,1.0,1.0,1.0,2018,517.0,2.7134905430939424
0.0,0.0,0.3333333333333333,0.0,0.0,0.0,0.0,0.0,0.0,0.0,0.3333333333333333,0.0,0.0,0.0,0.3333333333333333,0.0,127.666667,4.496913,3.522386,56.189365,3.712092,1.806667,0.125521,8.0,9.134371,1.098612,3,25.0,0.0,0.0,0.0,1.0,0.0,0.0,1.0,1.0,1.0,2018,461.0,2.663700925389648
0.06976744186046512,0.0,0.23255813953488372,0.23255813953488372,0.0,0.23255813953488372,0.0,0.0,0.0,0.0,0.23255813953488372,0.0,0.0,0.0,0.0,0.0,126.953488,4.620246,3.639322,54.316778,7.958502,1.805349,0.107516,7.883721,12.825999,1.542613,5,25.0,0.0,0.0,0.0,1.0,0.0,0.0,1.0,1.0,1.0,2019,840.0,2.9242792860618816
0.06976744186046512,0.0,0.23255813953488372,0.23255813953488372,0.0,0.23255813953488372,0.0,0.0,0.0,0.0,0.23255813953488372,0.0,0.0,0.0,0.0,0.0,126.953488,4.620246,3.639322,54.316778,7.958502,1.805349,0.107516,7.883721,12.825999,1.542613,5,25.0,0.0,0.0,0.0,1.0,0.0,1.0,0.0,1.0,1.0,2019,159.0,2.2013971243204513
0.0,0.0,0.16666666666666666,0.16666666666666666,0.0,0.3333333333333333,0.0,0.0,0.0,0.0,0.3333333333333333,0.0,0.0,0.0,0.0,0.0,125.5,1.384437,1.103137,56.667682,2.467012,1.836667,0.08557,8.5,11.05542,1.329661,4,25.0,0.0,0.0,0.0,1.0,0.0,1.0,0.0,1.0,1.0,2018,214.0,2.330413773349191
0.0,0.0,0.25,0.17857142857142858,0.0,0.2857142857142857,0.0,0.0,0.0,0.0,0.2857142857142857,0.0,0.0,0.0,0.0,0.0,125.535714,1.375348,1.095583,56.743573,2.557396,1.835,0.087117,8.464286,11.391438,1.370075,4,25.0,0.0,0.0,0.0,1.0,0.0,1.0,0.0,1.0,1.0,2018,241.0,2.3820170425748683
0.0,0.0,0.3460207612456747,0.19238754325259516,0.0,0.23079584775086506,0.0,0.0,0.0,0.0,0.23079584775086506,0.0,0.0,0.0,0.0,0.0,125.577163,1.363805,1.086029,56.830498,2.655437,1.833059,0.088841,8.422837,11.316932,1.361114,4,25.0,0.0,0.0,0.0,1.0,0.0,1.0,0.0,1.0,1.0,2018,299.0,2.4756711883244296
0.0,0.0,0.45808520384791573,0.20842876775080169,0.0,0.16674301420064133,0.0,0.0,0.0,0.0,0.16674301420064133,0.0,0.0,0.0,0.0,0.0,125.625286,1.348467,1.073404,56.932385,2.761674,1.830811,0.090749,8.374714,10.657897,1.28185,4,25.0,0.0,0.0,0.0,1.0,0.0,0.0,1.0,1.0,1.0,2018,392.0,2.593286067020457
0.0,0.0,0.5906674542232723,0.22740696987595982,0.0,0.09096278795038393,0.0,0.0,0.0,0.0,0.09096278795038393,0.0,0.0,0.0,0.0,0.0,125.682221,1.327841,1.056507,57.052927,2.877656,1.828151,0.092884,8.317779,9.012143,1.083912,4,25.0,0.0,0.0,0.0,1.0,0.0,0.0,1.0,1.0,1.0,2018,482.0,2.6830470382388496
0.0,0.0,0.20606060606060606,0.19895506792058515,0.0,0.19498432601880877,0.0,0.1910135841170324,0.0,0.0,0.2089864158829676,0.0,0.0,0.0,0.0,0.0,125.96489,1.423941,1.130427,56.137625,2.584494,1.769716,0.137636,8.03511,13.376947,1.608877,5,25.0,0.0,0.0,0.0,1.0,1.0,0.0,0.0,1.0,1.0,2019,1290.0,3.110589710299249
0.0,0.0,0.20606060606060606,0.19895506792058515,0.0,0.19498432601880877,0.0,0.1910135841170324,0.0,0.0,0.2089864158829676,0.0,0.0,0.0,0.0,0.0,125.96489,1.423941,1.130427,56.137625,2.584494,1.769716,0.137636,8.03511,13.376947,1.608877,5,25.0,0.0,0.0,0.0,1.0,0.0,0.0,1.0,1.0,1.0,2019,1135.0,3.0549958615291417
0.0,0.0,0.20606060606060606,0.19895506792058515,0.0,0.19498432601880877,0.0,0.1910135841170324,0.0,0.0,0.2089864158829676,0.0,0.0,0.0,0.0,0.0,125.96489,1.423941,1.130427,56.137625,2.584494,1.769716,0.137636,8.03511,13.376947,1.608877,5,25.0,0.0,0.0,0.0,1.0,0.0,0.0,1.0,1.0,1.0,2019,585.0,2.7671558660821804
0.0,0.0,0.20606060606060606,0.19895506792058515,0.0,0.19498432601880877,0.0,0.1910135841170324,0.0,0.0,0.2089864158829676,0.0,0.0,0.0,0.0,0.0,125.96489,1.423941,1.130427,56.137625,2.584494,1.769716,0.137636,8.03511,13.376947,1.608877,5,25.0,0.0,0.0,0.0,1.0,0.0,0.0,1.0,1.0,1.0,2019,425.0,2.6283889300503116
0.0,0.0,0.20606060606060606,0.19895506792058515,0.0,0.19498432601880877,0.0,0.1910135841170324,0.0,0.0,0.2089864158829676,0.0,0.0,0.0,0.0,0.0,125.96489,1.423941,1.130427,56.137625,2.584494,1.769716,0.137636,8.03511,13.376947,1.608877,5,25.0,0.0,0.0,0.0,1.0,0.0,1.0,0.0,1.0,1.0,2019,270.0,2.4313637641589874
0.0,0.0,0.20606060606060606,0.19895506792058515,0.0,0.19498432601880877,0.0,0.1910135841170324,0.0,0.0,0.2089864158829676,0.0,0.0,0.0,0.0,0.0,125.96489,1.423941,1.130427,56.137625,2.584494,1.769716,0.137636,8.03511,13.376947,1.608877,5,25.0,0.0,0.0,0.0,1.0,0.0,0.0,1.0,1.0,1.0,2019,1120.0,3.0492180226701815
0.0,0.0,0.2,0.2,0.0,0.2,0.0,0.2,0.0,0.0,0.2,0.0,0.0,0.0,0.0,0.0,126.0,1.414214,1.122392,56.081139,2.569366,1.766,0.138362,8.0,13.381611,1.609438,5,25.0,0.0,0.0,0.0,1.0,0.0,1.0,0.0,1.0,1.0,2019,293.1,2.4670158184384356
0.0,0.0,0.0,0.0,0.0,0.0,0.2,0.0,0.0,0.2,0.0,0.0,0.2,0.2,0.0,0.2,151.6,6.468385,4.266744,118.28705,52.699802,1.454,0.118254,4.4,13.381611,1.609438,5,25.0,0.0,0.0,0.0,1.0,1.0,0.0,0.0,1.0,1.0,2019,985.0,2.9934362304976116
0.0,0.0,0.0,0.0,0.0,0.0,0.2,0.0,0.0,0.2,0.0,0.0,0.2,0.2,0.0,0.2,151.6,6.468385,4.266744,118.28705,52.699802,1.454,0.118254,4.4,13.381611,1.609438,5,25.0,0.0,0.0,0.0,1.0,1.0,0.0,0.0,1.0,1.0,2019,972.0,2.9876662649262746
0.0,0.0,0.0,0.0,0.0,0.0,0.2,0.0,0.0,0.2,0.0,0.0,0.2,0.2,0.0,0.2,151.6,6.468385,4.266744,118.28705,52.699802,1.454,0.118254,4.4,13.381611,1.609438,5,25.0,0.0,0.0,0.0,1.0,1.0,0.0,0.0,1.0,1.0,2019,967.0,2.9854264740830017
0.0,0.0,0.3333333333333333,0.0,0.0,0.3333333333333333,0.0,0.0,0.0,0.0,0.3333333333333333,0.0,0.0,0.0,0.0,0.0,125.0,0.816497,0.653197,57.823865,1.402689,1.873333,0.032998,9.0,9.134371,1.098612,3,25.0,0.0,0.0,0.0,1.0,0.0,1.0,0.0,1.0,1.0,2019,276.0,2.4409090820652177
0.0,0.0,0.3333333333333333,0.0,0.0,0.3333333333333333,0.0,0.0,0.0,0.0,0.3333333333333333,0.0,0.0,0.0,0.0,0.0,125.0,0.816497,0.653197,57.823865,1.402689,1.873333,0.032998,9.0,9.134371,1.098612,3,25.0,0.0,0.0,0.0,1.0,0.0,1.0,0.0,1.0,1.0,2019,217.0,2.3364597338485296
0.0,0.0,0.3333333333333333,0.0,0.0,0.3333333333333333,0.0,0.0,0.0,0.0,0.3333333333333333,0.0,0.0,0.0,0.0,0.0,125.0,0.816497,0.653197,57.823865,1.402689,1.873333,0.032998,9.0,9.134371,1.098612,3,25.0,0.0,0.0,0.0,1.0,0.0,1.0,0.0,1.0,1.0,2019,201.0,2.303196057420489
0.0,0.0,0.3333333333333333,0.3333333333333333,0.0,0.0,0.0,0.0,0.0,0.0,0.3333333333333333,0.0,0.0,0.0,0.0,0.0,125.666667,1.699673,1.352525,56.540898,3.215148,1.816667,0.111455,8.333333,9.134371,1.098612,3,24.0,1.0,0.0,0.0,0.0,0.0,0.0,1.0,1.0,1.0,2019,400.0,2.6020599913279625
0.0,0.0,0.0,0.0,0.0,0.3333333333333333,0.0,0.3333333333333333,0.0,0.0,0.3333333333333333,0.0,0.0,0.0,0.0,0.0,125.666667,1.247219,0.992482,56.492133,1.599967,1.763333,0.154344,8.333333,9.134371,1.098612,3,25.0,0.0,0.0,0.0,1.0,0.0,1.0,0.0,1.0,1.0,2019,529.0,2.7234556720351857
0.0,0.0,0.0,0.0,0.0,0.3333333333333333,0.0,0.3333333333333333,0.0,0.0,0.3333333333333333,0.0,0.0,0.0,0.0,0.0,125.666667,1.247219,0.992482,56.492133,1.599967,1.763333,0.154344,8.333333,9.134371,1.098612,3,25.0,0.0,0.0,0.0,1.0,0.0,1.0,0.0,1.0,1.0,2019,522.0,2.717670503002262
0.0,0.0,0.0,0.0,0.0,0.3333333333333333,0.0,0.3333333333333333,0.0,0.0,0.3333333333333333,0.0,0.0,0.0,0.0,0.0,125.666667,1.247219,0.992482,56.492133,1.599967,1.763333,0.154344,8.333333,9.134371,1.098612,3,25.0,0.0,0.0,0.0,1.0,0.0,1.0,0.0,1.0,1.0,2019,460.0,2.6627578316815743
0.0,0.0,0.0,0.0,0.0,0.3333333333333333,0.0,0.3333333333333333,0.0,0.0,0.3333333333333333,0.0,0.0,0.0,0.0,0.0,125.666667,1.247219,0.992482,56.492133,1.599967,1.763333,0.154344,8.333333,9.134371,1.098612,3,25.0,0.0,0.0,0.0,1.0,0.0,1.0,0.0,1.0,1.0,2019,407.0,2.60959440922522
0.0,0.0,0.0,0.0,0.0,0.3333333333333333,0.0,0.3333333333333333,0.0,0.0,0.3333333333333333,0.0,0.0,0.0,0.0,0.0,125.666667,1.247219,0.992482,56.492133,1.599967,1.763333,0.154344,8.333333,9.134371,1.098612,3,25.0,0.0,0.0,0.0,1.0,0.0,1.0,0.0,1.0,1.0,2019,372.0,2.5705429398818973
0.0,0.0,0.0,0.0,0.0,0.3333333333333333,0.0,0.3333333333333333,0.0,0.0,0.3333333333333333,0.0,0.0,0.0,0.0,0.0,125.666667,1.247219,0.992482,56.492133,1.599967,1.763333,0.154344,8.333333,9.134371,1.098612,3,25.0,0.0,0.0,0.0,1.0,0.0,1.0,0.0,1.0,1.0,2019,322.0,2.507855871695831
0.0,0.0,0.3333333333333333,0.0,0.0,0.0,0.0,0.3333333333333333,0.0,0.0,0.3333333333333333,0.0,0.0,0.0,0.0,0.0,125.333333,1.247219,0.995122,57.521531,1.829454,1.78,0.163095,8.666667,9.134371,1.098612,3,25.0,0.0,0.0,0.0,1.0,0.0,1.0,0.0,1.0,1.0,2019,333.0,2.5224442335063197
0.0,0.0,0.3333333333333333,0.0,0.0,0.0,0.0,0.3333333333333333,0.0,0.0,0.3333333333333333,0.0,0.0,0.0,0.0,0.0,125.333333,1.247219,0.995122,57.521531,1.829454,1.78,0.163095,8.666667,9.134371,1.098612,3,25.0,0.0,0.0,0.0,1.0,0.0,1.0,0.0,1.0,1.0,2019,601.0,2.7788744720027396
0.0,0.0,0.3333333333333333,0.0,0.0,0.0,0.0,0.3333333333333333,0.0,0.0,0.3333333333333333,0.0,0.0,0.0,0.0,0.0,125.333333,1.247219,0.995122,57.521531,1.829454,1.78,0.163095,8.666667,9.134371,1.098612,3,25.0,0.0,0.0,0.0,1.0,0.0,1.0,0.0,1.0,1.0,2019,321.0,2.506505032404872
0.0,0.0,0.3333333333333333,0.0,0.0,0.0,0.0,0.3333333333333333,0.0,0.0,0.3333333333333333,0.0,0.0,0.0,0.0,0.0,125.333333,1.247219,0.995122,57.521531,1.829454,1.78,0.163095,8.666667,9.134371,1.098612,3,25.0,0.0,0.0,0.0,1.0,0.0,1.0,0.0,1.0,1.0,2019,267.0,2.4265112613645754
0.0,0.0,0.4444444444444444,0.1111111111111111,0.0,0.0,0.0,0.0,0.0,0.0,0.4444444444444444,0.0,0.0,0.0,0.0,0.0,124.888889,1.196703,0.958214,58.055831,2.145418,1.868889,0.075195,9.111111,8.023148,0.964963,3,25.0,0.0,0.0,0.0,1.0,0.0,1.0,0.0,1.0,1.0,2019,745.0,2.8721562727482928
0.0,0.0,0.4444444444444444,0.1111111111111111,0.0,0.0,0.0,0.0,0.0,0.0,0.4444444444444444,0.0,0.0,0.0,0.0,0.0,124.888889,1.196703,0.958214,58.055831,2.145418,1.868889,0.075195,9.111111,8.023148,0.964963,3,25.0,0.0,0.0,0.0,1.0,0.0,1.0,0.0,1.0,1.0,2019,623.0,2.7944880466591697
0.0,0.0,0.4444444444444444,0.1111111111111111,0.0,0.0,0.0,0.0,0.0,0.0,0.4444444444444444,0.0,0.0,0.0,0.0,0.0,124.888889,1.196703,0.958214,58.055831,2.145418,1.868889,0.075195,9.111111,8.023148,0.964963,3,25.0,0.0,0.0,0.0,1.0,0.0,1.0,0.0,1.0,1.0,2019,387.0,2.5877109650189114
0.0,0.0,0.4444444444444444,0.1111111111111111,0.0,0.0,0.0,0.0,0.0,0.0,0.4444444444444444,0.0,0.0,0.0,0.0,0.0,124.888889,1.196703,0.958214,58.055831,2.145418,1.868889,0.075195,9.111111,8.023148,0.964963,3,25.0,0.0,0.0,0.0,1.0,0.0,1.0,0.0,1.0,1.0,2019,330.0,2.5185139398778875
0.0,0.0,0.25,0.25,0.0,0.25,0.0,0.0,0.0,0.0,0.25,0.0,0.0,0.0,0.0,0.0,125.75,1.47902,1.176159,56.366923,2.800658,1.82,0.096695,8.25,11.526293,1.386294,4,25.0,0.0,0.0,0.0,1.0,0.0,1.0,0.0,1.0,1.0,2019,631.0,2.8000293592441343
0.0,0.0,0.25,0.25,0.0,0.25,0.0,0.0,0.0,0.0,0.25,0.0,0.0,0.0,0.0,0.0,125.75,1.47902,1.176159,56.366923,2.800658,1.82,0.096695,8.25,11.526293,1.386294,4,25.0,0.0,0.0,0.0,1.0,0.0,1.0,0.0,1.0,1.0,2019,494.0,2.693726948923647
0.0,0.0,0.25,0.25,0.0,0.25,0.0,0.0,0.0,0.0,0.25,0.0,0.0,0.0,0.0,0.0,125.75,1.47902,1.176159,56.366923,2.800658,1.82,0.096695,8.25,11.526293,1.386294,4,25.0,0.0,0.0,0.0,1.0,0.0,1.0,0.0,1.0,1.0,2019,448.0,2.651278013998144
0.0,0.0,0.25,0.25,0.0,0.25,0.0,0.0,0.0,0.0,0.25,0.0,0.0,0.0,0.0,0.0,125.75,1.47902,1.176159,56.366923,2.800658,1.82,0.096695,8.25,11.526293,1.386294,4,25.0,0.0,0.0,0.0,1.0,0.0,1.0,0.0,1.0,1.0,2019,273.0,2.436162647040756
0.0,0.0,0.25,0.25,0.0,0.25,0.0,0.0,0.0,0.0,0.25,0.0,0.0,0.0,0.0,0.0,125.75,1.47902,1.176159,56.366923,2.800658,1.82,0.096695,8.25,11.526293,1.386294,4,25.0,0.0,0.0,0.0,1.0,0.0,1.0,0.0,1.0,1.0,2019,172.0,2.2355284469075487
0.0,0.0,0.1111111111111111,0.4444444444444444,0.0,0.0,0.0,0.0,0.0,0.0,0.4444444444444444,0.0,0.0,0.0,0.0,0.0,125.888889,1.911628,1.518504,55.743466,3.352508,1.795556,0.121574,8.111111,8.023148,0.964963,3,25.0,0.0,0.0,0.0,1.0,0.0,1.0,0.0,1.0,1.0,2019,518.0,2.714329759745233
0.0,0.0,0.1111111111111111,0.4444444444444444,0.0,0.0,0.0,0.0,0.0,0.0,0.4444444444444444,0.0,0.0,0.0,0.0,0.0,125.888889,1.911628,1.518504,55.743466,3.352508,1.795556,0.121574,8.111111,8.023148,0.964963,3,25.0,0.0,0.0,0.0,1.0,0.0,1.0,0.0,1.0,1.0,2019,462.0,2.6646419755561257
0.0,0.0,0.1111111111111111,0.4444444444444444,0.0,0.0,0.0,0.0,0.0,0.0,0.4444444444444444,0.0,0.0,0.0,0.0,0.0,125.888889,1.911628,1.518504,55.743466,3.352508,1.795556,0.121574,8.111111,8.023148,0.964963,3,25.0,0.0,0.0,0.0,1.0,0.0,1.0,0.0,1.0,1.0,2019,395.0,2.59659709562646
0.0,0.0,0.1111111111111111,0.4444444444444444,0.0,0.0,0.0,0.0,0.0,0.0,0.4444444444444444,0.0,0.0,0.0,0.0,0.0,125.888889,1.911628,1.518504,55.743466,3.352508,1.795556,0.121574,8.111111,8.023148,0.964963,3,25.0,0.0,0.0,0.0,1.0,0.0,1.0,0.0,1.0,1.0,2019,356.0,2.5514499979728753
0.0,0.0,0.2,0.2,0.0,0.2,0.0,0.2,0.0,0.0,0.2,0.0,0.0,0.0,0.0,0.0,126.0,1.414214,1.122392,56.081139,2.569366,1.766,0.138362,8.0,13.381611,1.609438,5,25.0,0.0,1.0,0.0,0.0,0.0,1.0,0.0,1.0,1.0,2019,210.0,2.322219294733919
0.0,0.0,0.2,0.2,0.0,0.2,0.0,0.2,0.0,0.0,0.2,0.0,0.0,0.0,0.0,0.0,126.0,1.414214,1.122392,56.081139,2.569366,1.766,0.138362,8.0,13.381611,1.609438,5,25.0,0.0,0.0,0.0,1.0,0.0,1.0,0.0,1.0,1.0,2019,1150.0,3.060697840353612
0.0,0.0,0.2,0.2,0.0,0.2,0.0,0.2,0.0,0.0,0.2,0.0,0.0,0.0,0.0,0.0,126.0,1.414214,1.122392,56.081139,2.569366,1.766,0.138362,8.0,13.381611,1.609438,5,25.0,0.0,0.0,0.0,1.0,0.0,1.0,0.0,1.0,1.0,2019,1300.0,3.113943352306837
0.0,0.0,0.2,0.2,0.0,0.2,0.0,0.2,0.0,0.0,0.2,0.0,0.0,0.0,0.0,0.0,126.0,1.414214,1.122392,56.081139,2.569366,1.766,0.138362,8.0,13.381611,1.609438,5,25.0,0.0,0.0,0.0,1.0,0.0,1.0,0.0,1.0,1.0,2019,1050.0,3.0211892990699383
0.0,0.0,0.2,0.2,0.0,0.2,0.0,0.2,0.0,0.0,0.2,0.0,0.0,0.0,0.0,0.0,126.0,1.414214,1.122392,56.081139,2.569366,1.766,0.138362,8.0,13.381611,1.609438,5,25.0,0.0,0.0,0.0,1.0,0.0,1.0,0.0,1.0,1.0,2019,560.0,2.7481880270062002
0.0,0.0,0.2,0.2,0.0,0.2,0.0,0.2,0.0,0.0,0.2,0.0,0.0,0.0,0.0,0.0,126.0,1.414214,1.122392,56.081139,2.569366,1.766,0.138362,8.0,13.381611,1.609438,5,25.0,0.0,0.0,0.0,1.0,0.0,1.0,0.0,1.0,1.0,2019,520.0,2.716003343634799
0.0,0.0,0.2,0.2,0.0,0.2,0.0,0.2,0.0,0.0,0.2,0.0,0.0,0.0,0.0,0.0,126.0,1.414214,1.122392,56.081139,2.569366,1.766,0.138362,8.0,13.381611,1.609438,5,25.0,0.0,0.0,0.0,1.0,0.0,1.0,0.0,1.0,1.0,2019,320.0,2.505149978319906
0.0,0.0,0.2,0.2,0.0,0.2,0.0,0.2,0.0,0.0,0.2,0.0,0.0,0.0,0.0,0.0,126.0,1.414214,1.122392,56.081139,2.569366,1.766,0.138362,8.0,13.381611,1.609438,5,25.0,0.0,0.0,0.0,1.0,0.0,1.0,0.0,1.0,1.0,2019,280.0,2.4471580313422194
0.0,0.0,0.2127659574468085,0.0,0.0,0.2127659574468085,0.0,0.0,0.0425531914893617,0.0,0.425531914893617,0.0,0.0,0.0,0.10638297872340426,0.0,126.340426,3.974796,3.1461,58.899094,8.19482,1.867447,0.103646,8.659574,11.597279,1.394832,5,20.0,0.0,1.0,0.0,0.0,0.0,1.0,0.0,1.0,1.0,2019,252.0,2.401400540781544
0.0,0.0,0.17491749174917492,0.12486248624862487,0.0,0.5500550055005501,0.0,0.0,0.05005500550055005,0.0,0.1001100110011001,0.0,0.0,0.0,0.0,0.0,126.525303,3.042723,2.404833,58.197205,8.905407,1.842046,0.099962,8.025303,10.591181,1.273826,5,25.0,0.0,0.0,0.0,1.0,0.0,0.0,1.0,1.0,1.0,2019,443.0,2.6464037262230695
0.0,0.0,0.17996697853604846,0.12493120528343424,0.0,0.5503577325261421,0.0,0.0,0.07484865162355532,0.0,0.06989543203082003,0.0,0.0,0.0,0.0,0.0,126.903137,3.576736,2.818477,59.120821,10.667266,1.848052,0.111054,7.920198,10.618951,1.277166,5,25.0,0.0,0.0,0.0,1.0,0.0,0.0,1.0,1.0,1.0,2019,711.0,2.851869600729766
0.0,0.0,0.17491749174917492,0.12486248624862487,0.0,0.5500550055005501,0.0,0.0,0.05005500550055005,0.0,0.1001100110011001,0.0,0.0,0.0,0.0,0.0,126.525303,3.042723,2.404833,58.197205,8.905407,1.842046,0.099962,8.025303,10.591181,1.273826,5,25.0,0.0,0.0,0.0,1.0,0.0,0.0,1.0,1.0,1.0,2019,301.0,2.478566495593843
0.0,0.0,0.17996697853604846,0.12493120528343424,0.0,0.5503577325261421,0.0,0.0,0.07484865162355532,0.0,0.06989543203082003,0.0,0.0,0.0,0.0,0.0,126.903137,3.576736,2.818477,59.120821,10.667266,1.848052,0.111054,7.920198,10.618951,1.277166,5,25.0,0.0,0.0,0.0,1.0,0.0,0.0,1.0,1.0,1.0,2019,684.0,2.835056101720116
0.0,0.0,0.17491749174917492,0.12486248624862487,0.0,0.5500550055005501,0.0,0.0,0.05005500550055005,0.0,0.1001100110011001,0.0,0.0,0.0,0.0,0.0,126.525303,3.042723,2.404833,58.197205,8.905407,1.842046,0.099962,8.025303,10.591181,1.273826,5,25.0,0.0,0.0,0.0,1.0,0.0,0.0,1.0,1.0,1.0,2019,261.0,2.416640507338281
0.0,0.0,0.17996697853604846,0.12493120528343424,0.0,0.5503577325261421,0.0,0.0,0.07484865162355532,0.0,0.06989543203082003,0.0,0.0,0.0,0.0,0.0,126.903137,3.576736,2.818477,59.120821,10.667266,1.848052,0.111054,7.920198,10.618951,1.277166,5,25.0,0.0,0.0,0.0,1.0,0.0,0.0,1.0,1.0,1.0,2019,506.0,2.7041505168397992
0.0,0.0,0.17491749174917492,0.12486248624862487,0.0,0.5500550055005501,0.0,0.0,0.05005500550055005,0.0,0.1001100110011001,0.0,0.0,0.0,0.0,0.0,126.525303,3.042723,2.404833,58.197205,8.905407,1.842046,0.099962,8.025303,10.591181,1.273826,5,25.0,0.0,0.0,0.0,1.0,0.0,0.0,1.0,1.0,1.0,2019,231.0,2.3636119798921444
0.0,0.0,0.17996697853604846,0.12493120528343424,0.0,0.5503577325261421,0.0,0.0,0.07484865162355532,0.0,0.06989543203082003,0.0,0.0,0.0,0.0,0.0,126.903137,3.576736,2.818477,59.120821,10.667266,1.848052,0.111054,7.920198,10.618951,1.277166,5,25.0,0.0,0.0,0.0,1.0,0.0,0.0,1.0,1.0,1.0,2019,296.0,2.4712917110589387
0.0,0.0,0.0,0.2,0.2,0.2,0.0,0.2,0.0,0.0,0.2,0.0,0.0,0.0,0.0,0.0,126.6,1.496663,1.182198,57.0037,3.907494,1.77,0.141845,8.4,13.381611,1.609438,5,25.0,0.0,1.0,0.0,0.0,0.0,0.0,1.0,1.0,1.0,2019,615.0,2.788875115775417
0.10007199424046077,0.0,0.24982001439884807,0.07991360691144708,0.0,0.15010799136069114,0.0,0.0,0.0,0.0,0.3599712023038157,0.0,0.0,0.060115190784737225,0.0,0.0,128.153708,7.266533,5.67017,53.966228,9.494922,1.818254,0.122471,8.069114,13.305259,1.600255,6,23.0,1.0,0.0,0.0,0.0,0.0,1.0,0.0,1.0,1.0,2019,520.0,2.716003343634799
0.10007199424046077,0.0,0.24982001439884807,0.07991360691144708,0.0,0.15010799136069114,0.0,0.0,0.0,0.0,0.3599712023038157,0.0,0.0,0.060115190784737225,0.0,0.0,128.153708,7.266533,5.67017,53.966228,9.494922,1.818254,0.122471,8.069114,13.305259,1.600255,6,23.0,1.0,0.0,0.0,0.0,0.0,1.0,0.0,1.0,1.0,2019,627.0,2.7972675408307164
0.0,0.0,0.1000699790062981,0.15010496850944716,0.0,0.34989503149055284,0.0,0.05003498950314905,0.0,0.0,0.2498250524842547,0.0,0.0,0.0,0.1000699790062981,0.0,126.551085,2.801894,2.214042,55.751823,2.764695,1.795448,0.113661,7.949265,13.37927,1.609156,6,25.0,0.0,0.0,0.0,1.0,0.0,1.0,0.0,1.0,1.0,2019,401.0,2.603144372620182
0.0,0.0,0.1000699790062981,0.15010496850944716,0.0,0.34989503149055284,0.0,0.05003498950314905,0.0,0.0,0.2498250524842547,0.0,0.0,0.0,0.1000699790062981,0.0,126.551085,2.801894,2.214042,55.751823,2.764695,1.795448,0.113661,7.949265,13.37927,1.609156,6,25.0,0.0,0.0,0.0,1.0,0.0,1.0,0.0,1.0,1.0,2019,350.0,2.5440680443502757
0.0,0.0,0.1000699790062981,0.15010496850944716,0.0,0.34989503149055284,0.0,0.05003498950314905,0.0,0.0,0.2498250524842547,0.0,0.0,0.0,0.1000699790062981,0.0,126.551085,2.801894,2.214042,55.751823,2.764695,1.795448,0.113661,7.949265,13.37927,1.609156,6,25.0,0.0,0.0,0.0,1.0,0.0,1.0,0.0,1.0,1.0,2019,312.0,2.494154594018443
0.0,0.0,0.1000699790062981,0.15010496850944716,0.0,0.34989503149055284,0.0,0.05003498950314905,0.0,0.0,0.2498250524842547,0.0,0.0,0.0,0.1000699790062981,0.0,126.551085,2.801894,2.214042,55.751823,2.764695,1.795448,0.113661,7.949265,13.37927,1.609156,6,25.0,0.0,0.0,0.0,1.0,0.0,1.0,0.0,1.0,1.0,2019,240.0,2.380211241711606
0.0,0.0,0.1000699790062981,0.15010496850944716,0.0,0.34989503149055284,0.0,0.05003498950314905,0.0,0.0,0.2498250524842547,0.0,0.0,0.0,0.1000699790062981,0.0,126.551085,2.801894,2.214042,55.751823,2.764695,1.795448,0.113661,7.949265,13.37927,1.609156,6,25.0,0.0,0.0,0.0,1.0,0.0,1.0,0.0,1.0,1.0,2019,210.0,2.322219294733919
0.0625,0.0,0.0,0.20833333333333334,0.10416666666666667,0.20833333333333334,0.0,0.0,0.0,0.0,0.4166666666666667,0.0,0.0,0.0,0.0,0.0,126.854167,4.499952,3.547343,55.228198,8.020778,1.821458,0.110227,8.416667,11.866864,1.427256,5,25.0,0.0,0.0,0.0,1.0,0.0,1.0,0.0,1.0,1.0,2019,62.0,1.792391689498254
0.0625,0.0,0.0,0.20833333333333334,0.10416666666666667,0.20833333333333334,0.0,0.0,0.0,0.0,0.4166666666666667,0.0,0.0,0.0,0.0,0.0,126.854167,4.499952,3.547343,55.228198,8.020778,1.821458,0.110227,8.416667,11.866864,1.427256,5,25.0,0.0,0.0,0.0,1.0,0.0,0.0,1.0,1.0,1.0,2019,350.0,2.5440680443502757
0.0625,0.0,0.0,0.20833333333333334,0.10416666666666667,0.20833333333333334,0.0,0.0,0.0,0.0,0.4166666666666667,0.0,0.0,0.0,0.0,0.0,126.854167,4.499952,3.547343,55.228198,8.020778,1.821458,0.110227,8.416667,11.866864,1.427256,5,25.0,0.0,0.0,0.0,1.0,0.0,0.0,1.0,1.0,1.0,2019,535.0,2.7283537820212285
0.0625,0.0,0.0,0.20833333333333334,0.10416666666666667,0.20833333333333334,0.0,0.0,0.0,0.0,0.4166666666666667,0.0,0.0,0.0,0.0,0.0,126.854167,4.499952,3.547343,55.228198,8.020778,1.821458,0.110227,8.416667,11.866864,1.427256,5,25.0,0.0,0.0,0.0,1.0,0.0,0.0,1.0,1.0,1.0,2019,255.0,2.406540180433955
0.0,0.0,0.23255813953488372,0.23255813953488372,0.0,0.23255813953488372,0.0,0.0,0.0,0.0,0.23255813953488372,0.0,0.0,0.06976744186046512,0.0,0.0,127.232558,5.598327,4.400074,55.773906,3.461992,1.800465,0.117413,7.953488,12.825999,1.542613,5,25.0,0.0,0.0,0.0,1.0,0.0,1.0,0.0,1.0,1.0,2019,540.0,2.7323937598229686
0.0,0.0,0.11614928496686433,0.2326473665852808,0.0,0.2326473665852808,0.0,0.0,0.0,0.0,0.3487966515521451,0.0,0.0,0.06975933031042902,0.0,0.0,127.116498,5.653249,4.447297,55.745228,3.437179,1.803931,0.120139,8.069411,12.319431,1.481687,5,25.0,0.0,0.0,0.0,1.0,0.0,1.0,0.0,1.0,1.0,2019,586.0,2.767897616018091
0.0,0.0,0.0,0.23255813953488372,0.0,0.23255813953488372,0.0,0.0,0.0,0.0,0.46511627906976744,0.0,0.0,0.06976744186046512,0.0,0.0,127.0,5.705974,4.492893,55.71814,3.412226,1.807442,0.122704,8.186047,10.145466,1.220219,4,25.0,0.0,0.0,0.0,1.0,0.0,1.0,0.0,1.0,1.0,2019,672.0,2.8273692730538253
0.0,0.0,0.0,0.2,0.2,0.2,0.0,0.2,0.0,0.0,0.2,0.0,0.0,0.0,0.0,0.0,126.6,1.496663,1.182198,57.0037,3.907494,1.77,0.141845,8.4,13.381611,1.609438,5,25.0,0.0,0.0,0.0,1.0,0.0,0.0,1.0,1.0,1.0,2019,1190.0,3.0755469613925306
0.0,0.0,0.0,0.2,0.2,0.2,0.0,0.2,0.0,0.0,0.2,0.0,0.0,0.0,0.0,0.0,126.6,1.496663,1.182198,57.0037,3.907494,1.77,0.141845,8.4,13.381611,1.609438,5,25.0,0.0,0.0,0.0,1.0,0.0,0.0,1.0,1.0,1.0,2019,1170.0,3.0681858617461617
0.0,0.0,0.0,0.2,0.2,0.2,0.0,0.2,0.0,0.0,0.2,0.0,0.0,0.0,0.0,0.0,126.6,1.496663,1.182198,57.0037,3.907494,1.77,0.141845,8.4,13.381611,1.609438,5,25.0,0.0,0.0,0.0,1.0,0.0,0.0,1.0,1.0,1.0,2019,1030.0,3.012837224705172
0.0,0.0,0.0,0.2,0.2,0.2,0.0,0.2,0.0,0.0,0.2,0.0,0.0,0.0,0.0,0.0,126.6,1.496663,1.182198,57.0037,3.907494,1.77,0.141845,8.4,13.381611,1.609438,5,25.0,0.0,0.0,0.0,1.0,0.0,0.0,1.0,1.0,1.0,2019,970.0,2.9867717342662448
0.0,0.0,0.0,0.2,0.2,0.2,0.0,0.2,0.0,0.0,0.2,0.0,0.0,0.0,0.0,0.0,126.6,1.496663,1.182198,57.0037,3.907494,1.77,0.141845,8.4,13.381611,1.609438,5,25.0,0.0,0.0,0.0,1.0,0.0,0.0,1.0,1.0,1.0,2019,850.0,2.929418925714293
0.0,0.0,0.0,0.2,0.2,0.2,0.0,0.2,0.0,0.0,0.2,0.0,0.0,0.0,0.0,0.0,126.6,1.496663,1.182198,57.0037,3.907494,1.77,0.141845,8.4,13.381611,1.609438,5,25.0,0.0,0.0,0.0,1.0,0.0,0.0,1.0,1.0,1.0,2019,470.0,2.6720978579357175
0.0,0.0,0.18866428854538247,0.18866428854538247,0.0,0.18866428854538247,0.0,0.0,0.0,0.037653586999603646,0.3963535473642489,0.0,0.0,0.0,0.0,0.0,126.149029,4.191415,3.32259,58.225949,7.338931,1.830408,0.102237,8.491082,11.924921,1.434238,5,25.0,0.0,1.0,0.0,0.0,0.0,0.0,1.0,1.0,1.0,2019,170.0,2.230448921378274
0.0,0.0,0.18181818181818182,0.18181818181818182,0.0,0.18181818181818182,0.0,0.0,0.0,0.07257448433919023,0.38197097020626436,0.0,0.0,0.0,0.0,0.0,126.869366,5.541748,4.368074,59.484406,9.693585,1.822047,0.109223,8.3644,12.370662,1.487849,5,25.0,0.0,1.0,0.0,0.0,0.0,0.0,1.0,1.0,1.0,2019,640.0,2.806179973983887
0.0,0.0,0.18866428854538247,0.18866428854538247,0.0,0.18866428854538247,0.0,0.0,0.0,0.037653586999603646,0.3963535473642489,0.0,0.0,0.0,0.0,0.0,126.149029,4.191415,3.32259,58.225949,7.338931,1.830408,0.102237,8.491082,11.924921,1.434238,5,25.0,1.0,0.0,0.0,0.0,0.0,0.0,1.0,1.0,1.0,2019,560.0,2.7481880270062002
0.0,0.0,0.1,0.1,0.0,0.4,0.0,0.4,0.0,0.0,0.0,0.0,0.0,0.0,0.0,0.0,126.5,0.806226,0.637333,55.406129,1.603605,1.706,0.13829,7.5,9.923724,1.19355,4,25.0,0.0,1.0,0.0,0.0,0.0,1.0,0.0,1.0,1.0,2019,213.0,2.3283796034387376
0.0,0.0,0.1,0.1,0.0,0.4,0.0,0.4,0.0,0.0,0.0,0.0,0.0,0.0,0.0,0.0,126.5,0.806226,0.637333,55.406129,1.603605,1.706,0.13829,7.5,9.923724,1.19355,4,25.0,0.0,1.0,0.0,0.0,0.0,1.0,0.0,1.0,1.0,2019,393.0,2.5943925503754266
0.0,0.0,0.1,0.1,0.0,0.4,0.0,0.4,0.0,0.0,0.0,0.0,0.0,0.0,0.0,0.0,126.5,0.806226,0.637333,55.406129,1.603605,1.706,0.13829,7.5,9.923724,1.19355,4,25.0,0.0,0.0,0.0,1.0,0.0,1.0,0.0,1.0,1.0,2019,792.0,2.8987251815894934
0.0,0.0,0.1,0.1,0.0,0.4,0.0,0.4,0.0,0.0,0.0,0.0,0.0,0.0,0.0,0.0,126.5,0.806226,0.637333,55.406129,1.603605,1.706,0.13829,7.5,9.923724,1.19355,4,25.0,0.0,0.0,0.0,1.0,0.0,1.0,0.0,1.0,1.0,2019,559.0,2.747411807886423
0.0,0.0,0.1,0.1,0.0,0.4,0.0,0.4,0.0,0.0,0.0,0.0,0.0,0.0,0.0,0.0,126.5,0.806226,0.637333,55.406129,1.603605,1.706,0.13829,7.5,9.923724,1.19355,4,25.0,0.0,0.0,0.0,1.0,0.0,1.0,0.0,1.0,1.0,2019,512.0,2.709269960975831
0.0,0.0,0.1,0.1,0.0,0.4,0.0,0.4,0.0,0.0,0.0,0.0,0.0,0.0,0.0,0.0,126.5,0.806226,0.637333,55.406129,1.603605,1.706,0.13829,7.5,9.923724,1.19355,4,25.0,0.0,0.0,0.0,1.0,0.0,1.0,0.0,1.0,1.0,2019,476.0,2.677606952720493
0.0,0.0,0.2,0.2,0.0,0.2,0.0,0.2,0.0,0.0,0.2,0.0,0.0,0.0,0.0,0.0,126.0,1.414214,1.122392,56.081139,2.569366,1.766,0.138362,8.0,13.381611,1.609438,5,25.0,0.0,0.0,0.0,1.0,0.0,1.0,0.0,1.0,1.0,2019,353.0,2.5477747053878224
0.0,0.008067689885871705,0.19677292404565133,0.19677292404565133,0.0,0.19677292404565133,0.0,0.19677292404565133,0.0,0.008067689885871705,0.19677292404565133,0.0,0.0,0.0,0.0,0.0,125.709563,5.514592,4.386772,56.022689,5.753361,1.770986,0.154892,7.943526,13.945385,1.677244,7,25.0,0.0,0.0,0.0,1.0,0.0,0.0,1.0,1.0,1.0,2019,732.0,2.864511081058392
0.0,0.0,0.2,0.2,0.0,0.2,0.0,0.2,0.0,0.0,0.2,0.0,0.0,0.0,0.0,0.0,126.0,1.414214,1.122392,56.081139,2.569366,1.766,0.138362,8.0,13.381611,1.609438,5,25.0,0.0,0.0,0.0,1.0,0.0,1.0,0.0,1.0,1.0,2019,1199.26,3.078913348506884
0.0,0.0,0.2,0.2,0.0,0.2,0.0,0.2,0.0,0.0,0.2,0.0,0.0,0.0,0.0,0.0,126.0,1.414214,1.122392,56.081139,2.569366,1.766,0.138362,8.0,13.381611,1.609438,5,25.0,0.0,0.0,0.0,1.0,0.0,1.0,0.0,1.0,1.0,2019,1269.23,3.103540328698213
0.0,0.0,0.2,0.2,0.0,0.2,0.0,0.2,0.0,0.0,0.2,0.0,0.0,0.0,0.0,0.0,126.0,1.414214,1.122392,56.081139,2.569366,1.766,0.138362,8.0,13.381611,1.609438,5,25.0,0.0,0.0,0.0,1.0,0.0,1.0,0.0,1.0,1.0,2019,1371.21,3.1371039718260474
0.0,0.0,0.2,0.2,0.0,0.2,0.0,0.2,0.0,0.0,0.2,0.0,0.0,0.0,0.0,0.0,126.0,1.414214,1.122392,56.081139,2.569366,1.766,0.138362,8.0,13.381611,1.609438,5,25.0,0.0,0.0,0.0,1.0,0.0,1.0,0.0,1.0,1.0,2019,1362.74,3.1344130037903573
0.0,0.0,0.2,0.2,0.0,0.2,0.0,0.2,0.0,0.0,0.2,0.0,0.0,0.0,0.0,0.0,126.0,1.414214,1.122392,56.081139,2.569366,1.766,0.138362,8.0,13.381611,1.609438,5,25.0,0.0,0.0,0.0,1.0,0.0,1.0,0.0,1.0,1.0,2019,1241.81,3.094055152794014
0.0,0.0,0.2,0.2,0.0,0.2,0.0,0.2,0.0,0.0,0.2,0.0,0.0,0.0,0.0,0.0,126.0,1.414214,1.122392,56.081139,2.569366,1.766,0.138362,8.0,13.381611,1.609438,5,25.0,0.0,0.0,0.0,1.0,0.0,1.0,0.0,1.0,1.0,2019,930.3,2.968623020956989
0.0,0.0,0.2,0.2,0.0,0.2,0.0,0.2,0.0,0.0,0.2,0.0,0.0,0.0,0.0,0.0,126.0,1.414214,1.122392,56.081139,2.569366,1.766,0.138362,8.0,13.381611,1.609438,5,25.0,0.0,0.0,0.0,1.0,0.0,1.0,0.0,1.0,1.0,2019,729.21,2.8628526157084466
0.0,0.0,0.2,0.2,0.0,0.2,0.0,0.2,0.0,0.0,0.2,0.0,0.0,0.0,0.0,0.0,126.0,1.414214,1.122392,56.081139,2.569366,1.766,0.138362,8.0,13.381611,1.609438,5,25.0,0.0,0.0,0.0,1.0,0.0,1.0,0.0,1.0,1.0,2019,494.82,2.6944472449467747
0.0,0.0,0.2,0.2,0.0,0.2,0.0,0.2,0.0,0.0,0.2,0.0,0.0,0.0,0.0,0.0,126.0,1.414214,1.122392,56.081139,2.569366,1.766,0.138362,8.0,13.381611,1.609438,5,25.0,0.0,0.0,0.0,1.0,0.0,1.0,0.0,1.0,1.0,2019,366.88,2.5645240373858638
0.0,0.0,0.2,0.2,0.0,0.2,0.0,0.2,0.0,0.0,0.2,0.0,0.0,0.0,0.0,0.0,126.0,1.414214,1.122392,56.081139,2.569366,1.766,0.138362,8.0,13.381611,1.609438,5,25.0,0.0,0.0,0.0,1.0,0.0,1.0,0.0,1.0,1.0,2019,290.65,2.463370327292407
0.0,0.0,0.2,0.2,0.0,0.2,0.0,0.2,0.0,0.0,0.2,0.0,0.0,0.0,0.0,0.0,126.0,1.414214,1.122392,56.081139,2.569366,1.766,0.138362,8.0,13.381611,1.609438,5,25.0,0.0,0.0,0.0,1.0,0.0,1.0,0.0,1.0,1.0,2019,258.76,2.412897142468451
0.05005250262513125,0.0,0.0,0.12005600280014,0.0,0.35001750087504374,0.0,0.280014000700035,0.0,0.0,0.19985999299964996,0.0,0.0,0.0,0.0,0.0,126.971299,3.883482,3.058551,54.253535,6.541901,1.736164,0.142545,7.629331,12.056476,1.450061,5,25.0,0.0,1.0,0.0,0.0,0.0,1.0,0.0,1.0,1.0,2019,280.0,2.4471580313422194
0.1001050052502625,0.0,0.0,0.12005600280014,0.0,0.35001750087504374,0.0,0.22996149807490374,0.0,0.0,0.19985999299964996,0.0,0.0,0.0,0.0,0.0,127.772139,5.224892,4.089226,52.854242,8.834152,1.739167,0.139184,7.429121,12.572613,1.512138,5,25.0,0.0,0.0,0.0,1.0,0.0,1.0,0.0,1.0,1.0,2019,320.0,2.505149978319906
0.05005250262513125,0.0,0.0,0.12005600280014,0.0,0.35001750087504374,0.0,0.280014000700035,0.0,0.0,0.19985999299964996,0.0,0.0,0.0,0.0,0.0,126.971299,3.883482,3.058551,54.253535,6.541901,1.736164,0.142545,7.629331,12.056476,1.450061,5,25.0,0.0,1.0,0.0,0.0,0.0,1.0,0.0,1.0,1.0,2019,1253.0,3.09795107099415
0.1001050052502625,0.0,0.0,0.12005600280014,0.0,0.35001750087504374,0.0,0.22996149807490374,0.0,0.0,0.19985999299964996,0.0,0.0,0.0,0.0,0.0,127.772139,5.224892,4.089226,52.854242,8.834152,1.739167,0.139184,7.429121,12.572613,1.512138,5,25.0,0.0,0.0,0.0,1.0,0.0,1.0,0.0,1.0,1.0,2019,1400.0,3.146128035678238
0.0,0.0,0.24096385542168672,0.24096385542168672,0.0,0.24096385542168672,0.0,0.0,0.03614457831325301,0.0,0.24096385542168672,0.0,0.0,0.0,0.0,0.0,126.228916,2.867875,2.271963,57.797637,7.883228,1.832289,0.11419,8.168675,12.402509,1.491679,5,25.0,0.0,1.0,0.0,0.0,0.0,1.0,0.0,1.0,1.0,2019,489.0,2.6893088591236203
0.0,0.0,0.24096385542168672,0.24096385542168672,0.0,0.24096385542168672,0.0,0.0,0.03614457831325301,0.0,0.24096385542168672,0.0,0.0,0.0,0.0,0.0,126.228916,2.867875,2.271963,57.797637,7.883228,1.832289,0.11419,8.168675,12.402509,1.491679,5,25.0,0.0,0.0,0.0,1.0,0.0,0.0,1.0,1.0,1.0,2019,873.0,2.9410142437055695
0.0,0.0,0.24096385542168672,0.24096385542168672,0.0,0.24096385542168672,0.0,0.0,0.03614457831325301,0.0,0.24096385542168672,0.0,0.0,0.0,0.0,0.0,126.228916,2.867875,2.271963,57.797637,7.883228,1.832289,0.11419,8.168675,12.402509,1.491679,5,25.0,0.0,0.0,0.0,1.0,0.0,0.0,1.0,1.0,1.0,2019,952.0,2.9786369483844743
0.0,0.0,0.24096385542168672,0.24096385542168672,0.0,0.24096385542168672,0.0,0.0,0.03614457831325301,0.0,0.24096385542168672,0.0,0.0,0.0,0.0,0.0,126.228916,2.867875,2.271963,57.797637,7.883228,1.832289,0.11419,8.168675,12.402509,1.491679,5,25.0,0.0,0.0,0.0,1.0,0.0,1.0,0.0,1.0,1.0,2019,1136.0,3.055378331375
0.0,0.0,0.24096385542168672,0.24096385542168672,0.0,0.24096385542168672,0.0,0.0,0.03614457831325301,0.0,0.24096385542168672,0.0,0.0,0.0,0.0,0.0,126.228916,2.867875,2.271963,57.797637,7.883228,1.832289,0.11419,8.168675,12.402509,1.491679,5,25.0,0.0,0.0,0.0,1.0,0.0,1.0,0.0,1.0,1.0,2019,1301.0,3.1142772965615864
0.0,0.0,0.24096385542168672,0.24096385542168672,0.0,0.24096385542168672,0.0,0.0,0.03614457831325301,0.0,0.24096385542168672,0.0,0.0,0.0,0.0,0.0,126.228916,2.867875,2.271963,57.797637,7.883228,1.832289,0.11419,8.168675,12.402509,1.491679,5,25.0,0.0,0.0,0.0,1.0,0.0,0.0,1.0,1.0,1.0,2019,1311.0,3.117602691690084
0.0,0.0,0.24096385542168672,0.24096385542168672,0.0,0.24096385542168672,0.0,0.0,0.03614457831325301,0.0,0.24096385542168672,0.0,0.0,0.0,0.0,0.0,126.228916,2.867875,2.271963,57.797637,7.883228,1.832289,0.11419,8.168675,12.402509,1.491679,5,25.0,0.0,0.0,0.0,1.0,0.0,0.0,1.0,1.0,1.0,2019,1273.0,3.1048284036536553
0.0,0.0,0.048737727910238435,0.15638148667601684,0.347124824684432,0.0,0.0,0.0,0.0,0.0,0.3506311360448808,0.097124824684432,0.0,0.0,0.0,0.0,124.80014,4.886585,3.915528,56.369376,10.039112,1.865,0.088528,9.090112,11.628885,1.398633,5,25.0,0.0,0.0,0.0,1.0,0.0,0.0,1.0,1.0,1.0,2019,777.0,2.890421018800914
0.0,0.0,0.29411764705882354,0.05882352941176471,0.0,0.29411764705882354,0.0,0.0,0.0,0.0,0.29411764705882354,0.05882352941176471,0.0,0.0,0.0,0.0,124.352941,3.496909,2.812084,55.73171,7.168005,1.862353,0.059659,8.529412,11.749342,1.413121,5,25.0,0.0,1.0,0.0,0.0,0.0,1.0,0.0,1.0,1.0,2019,225.0,2.3521825181113627
0.0,0.0,0.29411764705882354,0.05882352941176471,0.0,0.29411764705882354,0.0,0.0,0.0,0.0,0.29411764705882354,0.05882352941176471,0.0,0.0,0.0,0.0,124.352941,3.496909,2.812084,55.73171,7.168005,1.862353,0.059659,8.529412,11.749342,1.413121,5,25.0,0.0,0.0,0.0,1.0,0.0,1.0,0.0,1.0,1.0,2019,705.0,2.848189116991399
0.0,0.0,0.29411764705882354,0.05882352941176471,0.0,0.29411764705882354,0.0,0.0,0.0,0.0,0.29411764705882354,0.05882352941176471,0.0,0.0,0.0,0.0,124.352941,3.496909,2.812084,55.73171,7.168005,1.862353,0.059659,8.529412,11.749342,1.413121,5,25.0,0.0,0.0,0.0,1.0,0.0,1.0,0.0,1.0,1.0,2019,320.0,2.505149978319906
0.0,0.0,0.23809523809523808,0.23809523809523808,0.0,0.23809523809523808,0.0,0.0,0.047619047619047616,0.0,0.23809523809523808,0.0,0.0,0.0,0.0,0.0,126.380952,3.16944,2.507846,58.251832,8.86159,1.83619,0.118943,8.142857,12.569176,1.511724,5,25.0,0.0,1.0,0.0,0.0,0.0,1.0,0.0,1.0,1.0,2019,400.0,2.6020599913279625
0.07512116316639741,0.0,0.0,0.060177705977382874,0.0,0.4038772213247173,0.0,0.34773828756058156,0.0,0.0,0.11308562197092085,0.0,0.0,0.0,0.0,0.0,127.518982,4.521449,3.545707,53.451837,7.67798,1.714923,0.141841,7.382472,11.171001,1.343563,5,25.0,0.0,1.0,0.0,0.0,0.0,0.0,1.0,1.0,1.0,2019,159.0,2.2013971243204513
0.07512116316639741,0.0,0.0,0.060177705977382874,0.0,0.4038772213247173,0.0,0.34773828756058156,0.0,0.0,0.11308562197092085,0.0,0.0,0.0,0.0,0.0,127.518982,4.521449,3.545707,53.451837,7.67798,1.714923,0.141841,7.382472,11.171001,1.343563,5,25.0,1.0,0.0,0.0,0.0,0.0,0.0,1.0,1.0,1.0,2019,409.0,2.611723308007342
0.07512116316639741,0.0,0.0,0.060177705977382874,0.0,0.4038772213247173,0.0,0.34773828756058156,0.0,0.0,0.11308562197092085,0.0,0.0,0.0,0.0,0.0,127.518982,4.521449,3.545707,53.451837,7.67798,1.714923,0.141841,7.382472,11.171001,1.343563,5,25.0,0.0,1.0,0.0,0.0,0.0,0.0,1.0,1.0,1.0,2019,355.0,2.550228353055094
0.07512116316639741,0.0,0.0,0.060177705977382874,0.0,0.4038772213247173,0.0,0.34773828756058156,0.0,0.0,0.11308562197092085,0.0,0.0,0.0,0.0,0.0,127.518982,4.521449,3.545707,53.451837,7.67798,1.714923,0.141841,7.382472,11.171001,1.343563,5,25.0,1.0,0.0,0.0,0.0,0.0,0.0,1.0,1.0,1.0,2019,954.0,2.979548374704095
0.0,0.0,0.0,0.0,0.0,0.0,0.2,0.0,0.0,0.2,0.0,0.0,0.2,0.2,0.0,0.2,151.6,6.468385,4.266744,118.28705,52.699802,1.454,0.118254,4.4,13.381611,1.609438,5,25.0,0.0,1.0,0.0,0.0,1.0,0.0,0.0,1.0,1.0,2019,1155.0,3.062581984228163
0.0,0.0,0.0,0.0,0.0,0.0,0.0,0.0,0.0,0.25,0.0,0.0,0.25,0.25,0.0,0.25,149.75,5.931905,3.961206,103.236312,48.362826,1.4925,0.100343,4.5,11.526293,1.386294,4,25.0,0.0,1.0,0.0,0.0,1.0,0.0,0.0,1.0,1.0,2019,1144.0,3.058426024457005
0.0,0.0,0.0,0.0,0.0,0.0,0.0,0.0,0.0,0.3333333333333333,0.0,0.0,0.3333333333333333,0.3333333333333333,0.0,0.0,146.333333,0.471405,0.322144,107.240417,55.267403,1.546667,0.041096,4.666667,9.134371,1.098612,3,25.0,0.0,1.0,0.0,0.0,1.0,0.0,0.0,1.0,1.0,2019,620.0,2.792391689498254
0.0,0.0,0.0,0.0,0.0,0.0,0.0,0.0,0.0,0.3333333333333333,0.0,0.0,0.0,0.3333333333333333,0.0,0.3333333333333333,151.0,6.377042,4.223207,77.332457,20.846542,1.49,0.115758,4.333333,9.134371,1.098612,3,25.0,0.0,1.0,0.0,0.0,1.0,0.0,0.0,1.0,1.0,2019,956.0,2.9804578922761
0.0,0.0,0.0,0.0,0.0,0.0,0.0,0.0,0.0,0.3749531308586426,0.0,0.0,0.25009373828271464,0.25009373828271464,0.0,0.124859392575928,147.998125,4.553024,3.076407,103.450876,48.32232,1.526273,0.084071,4.625047,10.981823,1.32081,4,25.0,0.0,1.0,0.0,0.0,0.0,0.0,1.0,1.0,1.0,2019,822.0,2.9148718175400505
0.0,0.0,0.0,0.0,0.0,0.0,0.2,0.0,0.0,0.2,0.0,0.0,0.2,0.2,0.0,0.2,151.6,6.468385,4.266744,118.28705,52.699802,1.454,0.118254,4.4,13.381611,1.609438,5,25.0,0.0,0.0,1.0,0.0,1.0,0.0,0.0,1.0,1.0,2018,1438.0,3.1577588860468637
0.0,0.0,0.0,0.0,0.0,0.0,0.2,0.0,0.0,0.2,0.0,0.0,0.2,0.2,0.0,0.2,151.6,6.468385,4.266744,118.28705,52.699802,1.454,0.118254,4.4,13.381611,1.609438,5,25.0,0.0,0.0,1.0,0.0,1.0,0.0,0.0,1.0,1.0,2018,1159.0,3.064083435963596
0.0,0.0,0.0,0.0,0.0,0.0,0.2,0.0,0.0,0.2,0.0,0.0,0.2,0.2,0.0,0.2,151.6,6.468385,4.266744,118.28705,52.699802,1.454,0.118254,4.4,13.381611,1.609438,5,25.0,0.0,0.0,1.0,0.0,1.0,0.0,0.0,1.0,1.0,2018,1134.0,3.0546130545568877
0.0,0.0,0.0,0.0,0.0,0.0,0.2,0.0,0.0,0.2,0.0,0.0,0.2,0.2,0.0,0.2,151.6,6.468385,4.266744,118.28705,52.699802,1.454,0.118254,4.4,13.381611,1.609438,5,25.0,0.0,0.0,1.0,0.0,1.0,0.0,0.0,1.0,1.0,2018,1094.0,3.039017321997412
0.0,0.0,0.0,0.0,0.0,0.0,0.2,0.0,0.0,0.2,0.0,0.0,0.2,0.2,0.0,0.2,151.6,6.468385,4.266744,118.28705,52.699802,1.454,0.118254,4.4,13.381611,1.609438,5,25.0,0.0,0.0,1.0,0.0,1.0,0.0,0.0,1.0,1.0,2018,1071.0,3.029789470831856
0.0,0.0,0.0,0.0,0.0,0.0,0.2,0.0,0.0,0.2,0.0,0.0,0.2,0.2,0.0,0.2,151.6,6.468385,4.266744,118.28705,52.699802,1.454,0.118254,4.4,13.381611,1.609438,5,25.0,0.0,0.0,1.0,0.0,1.0,0.0,0.0,1.0,1.0,2018,1107.0,3.044147620878723
0.0,0.0,0.0,0.0,0.0,0.0,0.2,0.0,0.0,0.2,0.0,0.0,0.2,0.2,0.0,0.2,151.6,6.468385,4.266744,118.28705,52.699802,1.454,0.118254,4.4,13.381611,1.609438,5,25.0,0.0,0.0,1.0,0.0,1.0,0.0,0.0,1.0,1.0,2018,1115.0,3.0472748673841794
0.0,0.0,0.0,0.0,0.0,0.0,0.2,0.0,0.0,0.2,0.0,0.0,0.2,0.2,0.0,0.2,151.6,6.468385,4.266744,118.28705,52.699802,1.454,0.118254,4.4,13.381611,1.609438,5,25.0,0.0,0.0,1.0,0.0,1.0,0.0,0.0,1.0,1.0,2018,1114.0,3.04688519083771
